recipe_id,ship_id,local_name_ru,rank,faction_id,faction_name_ru,ship_class_id,role_id,branch_id,craft_layer,economy_level,input_multiplier,discountable_fe,license_fe,total_fe,total_mfe
craft_capital_patrol_frigate_r02,capital_patrol_frigate_r02,Коршун,2,capital,Империя,frigate,patrol,patrol_frigate,raw_resources,0,2.00,10400.00,0.00,10400.00,0.010
craft_capital_patrol_frigate_r02,capital_patrol_frigate_r02,Коршун,2,capital,Империя,frigate,patrol,patrol_frigate,raw_resources,1,1.80,9510.00,0.00,9510.00,0.010
craft_capital_patrol_frigate_r02,capital_patrol_frigate_r02,Коршун,2,capital,Империя,frigate,patrol,patrol_frigate,raw_resources,2,1.60,8520.00,0.00,8520.00,0.009
craft_capital_patrol_frigate_r02,capital_patrol_frigate_r02,Коршун,2,capital,Империя,frigate,patrol,patrol_frigate,raw_resources,3,1.40,7370.00,0.00,7370.00,0.007
craft_capital_patrol_frigate_r02,capital_patrol_frigate_r02,Коршун,2,capital,Империя,frigate,patrol,patrol_frigate,raw_resources,4,1.20,6380.00,0.00,6380.00,0.006
craft_capital_patrol_frigate_r02,capital_patrol_frigate_r02,Коршун,2,capital,Империя,frigate,patrol,patrol_frigate,raw_resources,5,1.00,5200.00,0.00,5200.00,0.005
craft_capital_patrol_frigate_r03,capital_patrol_frigate_r03,Стриж,3,capital,Империя,frigate,patrol,patrol_frigate,raw_resources,0,2.00,25840.00,0.00,25840.00,0.026
craft_capital_patrol_frigate_r03,capital_patrol_frigate_r03,Стриж,3,capital,Империя,frigate,patrol,patrol_frigate,raw_resources,1,1.80,23380.00,0.00,23380.00,0.023
craft_capital_patrol_frigate_r03,capital_patrol_frigate_r03,Стриж,3,capital,Империя,frigate,patrol,patrol_frigate,raw_resources,2,1.60,20800.00,0.00,20800.00,0.021
craft_capital_patrol_frigate_r03,capital_patrol_frigate_r03,Стриж,3,capital,Империя,frigate,patrol,patrol_frigate,raw_resources,3,1.40,18230.00,0.00,18230.00,0.018
craft_capital_patrol_frigate_r03,capital_patrol_frigate_r03,Стриж,3,capital,Империя,frigate,patrol,patrol_frigate,raw_resources,4,1.20,15650.00,0.00,15650.00,0.016
craft_capital_patrol_frigate_r03,capital_patrol_frigate_r03,Стриж,3,capital,Империя,frigate,patrol,patrol_frigate,raw_resources,5,1.00,12920.00,0.00,12920.00,0.013
craft_capital_patrol_frigate_r04,capital_patrol_frigate_r04,Шершень,4,capital,Империя,frigate,patrol,patrol_frigate,prepared_materials,0,2.00,130576.00,0.00,130576.00,0.131
craft_capital_patrol_frigate_r04,capital_patrol_frigate_r04,Шершень,4,capital,Империя,frigate,patrol,patrol_frigate,prepared_materials,1,1.80,112239.00,0.00,112239.00,0.112
craft_capital_patrol_frigate_r04,capital_patrol_frigate_r04,Шершень,4,capital,Империя,frigate,patrol,patrol_frigate,prepared_materials,2,1.60,88314.00,0.00,88314.00,0.088
craft_capital_patrol_frigate_r04,capital_patrol_frigate_r04,Шершень,4,capital,Империя,frigate,patrol,patrol_frigate,prepared_materials,3,1.40,70244.00,0.00,70244.00,0.070
craft_capital_patrol_frigate_r04,capital_patrol_frigate_r04,Шершень,4,capital,Империя,frigate,patrol,patrol_frigate,prepared_materials,4,1.20,51614.00,0.00,51614.00,0.052
craft_capital_patrol_frigate_r04,capital_patrol_frigate_r04,Шершень,4,capital,Империя,frigate,patrol,patrol_frigate,prepared_materials,5,1.00,33474.00,0.00,33474.00,0.033
craft_capital_patrol_frigate_r05,capital_patrol_frigate_r05,Горностай,5,capital,Империя,frigate,patrol,patrol_frigate,prepared_materials,0,2.00,320444.00,0.00,320444.00,0.320
craft_capital_patrol_frigate_r05,capital_patrol_frigate_r05,Горностай,5,capital,Империя,frigate,patrol,patrol_frigate,prepared_materials,1,1.80,274461.00,0.00,274461.00,0.274
craft_capital_patrol_frigate_r05,capital_patrol_frigate_r05,Горностай,5,capital,Империя,frigate,patrol,patrol_frigate,prepared_materials,2,1.60,215275.00,0.00,215275.00,0.215
craft_capital_patrol_frigate_r05,capital_patrol_frigate_r05,Горностай,5,capital,Империя,frigate,patrol,patrol_frigate,prepared_materials,3,1.40,169353.00,0.00,169353.00,0.169
craft_capital_patrol_frigate_r05,capital_patrol_frigate_r05,Горностай,5,capital,Империя,frigate,patrol,patrol_frigate,prepared_materials,4,1.20,123644.00,0.00,123644.00,0.124
craft_capital_patrol_frigate_r05,capital_patrol_frigate_r05,Горностай,5,capital,Империя,frigate,patrol,patrol_frigate,prepared_materials,5,1.00,80111.00,0.00,80111.00,0.080
craft_capital_patrol_frigate_r06,capital_patrol_frigate_r06,Вымпел,6,capital,Империя,frigate,patrol,patrol_frigate,hull_and_machine_parts,0,2.00,1203408.00,0.00,1203408.00,1.203
craft_capital_patrol_frigate_r06,capital_patrol_frigate_r06,Вымпел,6,capital,Империя,frigate,patrol,patrol_frigate,hull_and_machine_parts,1,1.80,1021296.00,0.00,1021296.00,1.021
craft_capital_patrol_frigate_r06,capital_patrol_frigate_r06,Вымпел,6,capital,Империя,frigate,patrol,patrol_frigate,hull_and_machine_parts,2,1.60,747865.00,0.00,747865.00,0.748
craft_capital_patrol_frigate_r06,capital_patrol_frigate_r06,Вымпел,6,capital,Империя,frigate,patrol,patrol_frigate,hull_and_machine_parts,3,1.40,541494.00,0.00,541494.00,0.541
craft_capital_patrol_frigate_r06,capital_patrol_frigate_r06,Вымпел,6,capital,Империя,frigate,patrol,patrol_frigate,hull_and_machine_parts,4,1.20,367588.00,0.00,367588.00,0.368
craft_capital_patrol_frigate_r06,capital_patrol_frigate_r06,Вымпел,6,capital,Империя,frigate,patrol,patrol_frigate,hull_and_machine_parts,5,1.00,188659.00,0.00,188659.00,0.189
craft_capital_patrol_frigate_r07,capital_patrol_frigate_r07,Ястреб,7,capital,Империя,frigate,patrol,patrol_frigate,hull_and_machine_parts,0,2.00,3393944.00,0.00,3393944.00,3.394
craft_capital_patrol_frigate_r07,capital_patrol_frigate_r07,Ястреб,7,capital,Империя,frigate,patrol,patrol_frigate,hull_and_machine_parts,1,1.80,2824610.00,0.00,2824610.00,2.825
craft_capital_patrol_frigate_r07,capital_patrol_frigate_r07,Ястреб,7,capital,Империя,frigate,patrol,patrol_frigate,hull_and_machine_parts,2,1.60,2028808.00,0.00,2028808.00,2.029
craft_capital_patrol_frigate_r07,capital_patrol_frigate_r07,Ястреб,7,capital,Империя,frigate,patrol,patrol_frigate,hull_and_machine_parts,3,1.40,1462286.00,0.00,1462286.00,1.462
craft_capital_patrol_frigate_r07,capital_patrol_frigate_r07,Ястреб,7,capital,Империя,frigate,patrol,patrol_frigate,hull_and_machine_parts,4,1.20,959430.00,0.00,959430.00,0.959
craft_capital_patrol_frigate_r07,capital_patrol_frigate_r07,Ястреб,7,capital,Империя,frigate,patrol,patrol_frigate,hull_and_machine_parts,5,1.00,531287.00,0.00,531287.00,0.531
craft_capital_patrol_frigate_r08,capital_patrol_frigate_r08,Сокол,8,capital,Империя,frigate,patrol,patrol_frigate,ship_blocks,0,2.00,10726112.00,0.00,10726112.00,10.726
craft_capital_patrol_frigate_r08,capital_patrol_frigate_r08,Сокол,8,capital,Империя,frigate,patrol,patrol_frigate,ship_blocks,1,1.80,9542660.00,0.00,9542660.00,9.543
craft_capital_patrol_frigate_r08,capital_patrol_frigate_r08,Сокол,8,capital,Империя,frigate,patrol,patrol_frigate,ship_blocks,2,1.60,7207678.00,0.00,7207678.00,7.208
craft_capital_patrol_frigate_r08,capital_patrol_frigate_r08,Сокол,8,capital,Империя,frigate,patrol,patrol_frigate,ship_blocks,3,1.40,4782105.00,0.00,4782105.00,4.782
craft_capital_patrol_frigate_r08,capital_patrol_frigate_r08,Сокол,8,capital,Империя,frigate,patrol,patrol_frigate,ship_blocks,4,1.20,3362580.00,0.00,3362580.00,3.363
craft_capital_patrol_frigate_r08,capital_patrol_frigate_r08,Сокол,8,capital,Империя,frigate,patrol,patrol_frigate,ship_blocks,5,1.00,1269420.00,0.00,1269420.00,1.269
craft_capital_patrol_frigate_r09,capital_patrol_frigate_r09,Кречет,9,capital,Империя,frigate,patrol,patrol_frigate,ship_blocks,0,2.00,28737888.00,0.00,28737888.00,28.738
craft_capital_patrol_frigate_r09,capital_patrol_frigate_r09,Кречет,9,capital,Империя,frigate,patrol,patrol_frigate,ship_blocks,1,1.80,25293430.00,0.00,25293430.00,25.293
craft_capital_patrol_frigate_r09,capital_patrol_frigate_r09,Кречет,9,capital,Империя,frigate,patrol,patrol_frigate,ship_blocks,2,1.60,17515424.00,0.00,17515424.00,17.515
craft_capital_patrol_frigate_r09,capital_patrol_frigate_r09,Кречет,9,capital,Империя,frigate,patrol,patrol_frigate,ship_blocks,3,1.40,11313270.00,0.00,11313270.00,11.313
craft_capital_patrol_frigate_r09,capital_patrol_frigate_r09,Кречет,9,capital,Империя,frigate,patrol,patrol_frigate,ship_blocks,4,1.20,7102622.00,0.00,7102622.00,7.103
craft_capital_patrol_frigate_r09,capital_patrol_frigate_r09,Кречет,9,capital,Империя,frigate,patrol,patrol_frigate,ship_blocks,5,1.00,3316369.00,0.00,3316369.00,3.316
craft_capital_patrol_frigate_r10,capital_patrol_frigate_r10,Орлан,10,capital,Империя,frigate,patrol,patrol_frigate,faction_flagship_license,0,2.00,64940632.00,5600000.00,70540632.00,70.541
craft_capital_patrol_frigate_r10,capital_patrol_frigate_r10,Орлан,10,capital,Империя,frigate,patrol,patrol_frigate,faction_flagship_license,1,1.80,54525160.00,5600000.00,60125160.00,60.125
craft_capital_patrol_frigate_r10,capital_patrol_frigate_r10,Орлан,10,capital,Империя,frigate,patrol,patrol_frigate,faction_flagship_license,2,1.60,37594262.00,5600000.00,43194262.00,43.194
craft_capital_patrol_frigate_r10,capital_patrol_frigate_r10,Орлан,10,capital,Империя,frigate,patrol,patrol_frigate,faction_flagship_license,3,1.40,25535874.00,5600000.00,31135874.00,31.136
craft_capital_patrol_frigate_r10,capital_patrol_frigate_r10,Орлан,10,capital,Империя,frigate,patrol,patrol_frigate,faction_flagship_license,4,1.20,16015534.00,5600000.00,21615534.00,21.616
craft_capital_patrol_frigate_r10,capital_patrol_frigate_r10,Орлан,10,capital,Империя,frigate,patrol,patrol_frigate,faction_flagship_license,5,1.00,7916886.00,5600000.00,13516886.00,13.517
craft_capital_recon_frigate_r02,capital_recon_frigate_r02,Фонарщик,2,capital,Империя,frigate,recon,recon_frigate,raw_resources,0,2.00,10340.00,0.00,10340.00,0.010
craft_capital_recon_frigate_r02,capital_recon_frigate_r02,Фонарщик,2,capital,Империя,frigate,recon,recon_frigate,raw_resources,1,1.80,9440.00,0.00,9440.00,0.009
craft_capital_recon_frigate_r02,capital_recon_frigate_r02,Фонарщик,2,capital,Империя,frigate,recon,recon_frigate,raw_resources,2,1.60,8360.00,0.00,8360.00,0.008
craft_capital_recon_frigate_r02,capital_recon_frigate_r02,Фонарщик,2,capital,Империя,frigate,recon,recon_frigate,raw_resources,3,1.40,7380.00,0.00,7380.00,0.007
craft_capital_recon_frigate_r02,capital_recon_frigate_r02,Фонарщик,2,capital,Империя,frigate,recon,recon_frigate,raw_resources,4,1.20,6300.00,0.00,6300.00,0.006
craft_capital_recon_frigate_r02,capital_recon_frigate_r02,Фонарщик,2,capital,Империя,frigate,recon,recon_frigate,raw_resources,5,1.00,5170.00,0.00,5170.00,0.005
craft_capital_recon_frigate_r03,capital_recon_frigate_r03,Лучник,3,capital,Империя,frigate,recon,recon_frigate,raw_resources,0,2.00,25540.00,0.00,25540.00,0.026
craft_capital_recon_frigate_r03,capital_recon_frigate_r03,Лучник,3,capital,Империя,frigate,recon,recon_frigate,raw_resources,1,1.80,23130.00,0.00,23130.00,0.023
craft_capital_recon_frigate_r03,capital_recon_frigate_r03,Лучник,3,capital,Империя,frigate,recon,recon_frigate,raw_resources,2,1.60,20640.00,0.00,20640.00,0.021
craft_capital_recon_frigate_r03,capital_recon_frigate_r03,Лучник,3,capital,Империя,frigate,recon,recon_frigate,raw_resources,3,1.40,17950.00,0.00,17950.00,0.018
craft_capital_recon_frigate_r03,capital_recon_frigate_r03,Лучник,3,capital,Империя,frigate,recon,recon_frigate,raw_resources,4,1.20,15460.00,0.00,15460.00,0.015
craft_capital_recon_frigate_r03,capital_recon_frigate_r03,Лучник,3,capital,Империя,frigate,recon,recon_frigate,raw_resources,5,1.00,12770.00,0.00,12770.00,0.013
craft_capital_recon_frigate_r04,capital_recon_frigate_r04,Искатель,4,capital,Империя,frigate,recon,recon_frigate,prepared_materials,0,2.00,126784.00,0.00,126784.00,0.127
craft_capital_recon_frigate_r04,capital_recon_frigate_r04,Искатель,4,capital,Империя,frigate,recon,recon_frigate,prepared_materials,1,1.80,109609.00,0.00,109609.00,0.110
craft_capital_recon_frigate_r04,capital_recon_frigate_r04,Искатель,4,capital,Империя,frigate,recon,recon_frigate,prepared_materials,2,1.60,87389.00,0.00,87389.00,0.087
craft_capital_recon_frigate_r04,capital_recon_frigate_r04,Искатель,4,capital,Империя,frigate,recon,recon_frigate,prepared_materials,3,1.40,67533.00,0.00,67533.00,0.068
craft_capital_recon_frigate_r04,capital_recon_frigate_r04,Искатель,4,capital,Империя,frigate,recon,recon_frigate,prepared_materials,4,1.20,50353.00,0.00,50353.00,0.050
craft_capital_recon_frigate_r04,capital_recon_frigate_r04,Искатель,4,capital,Империя,frigate,recon,recon_frigate,prepared_materials,5,1.00,31696.00,0.00,31696.00,0.032
craft_capital_recon_frigate_r05,capital_recon_frigate_r05,Визир,5,capital,Империя,frigate,recon,recon_frigate,prepared_materials,0,2.00,329240.00,0.00,329240.00,0.329
craft_capital_recon_frigate_r05,capital_recon_frigate_r05,Визир,5,capital,Империя,frigate,recon,recon_frigate,prepared_materials,1,1.80,283482.00,0.00,283482.00,0.283
craft_capital_recon_frigate_r05,capital_recon_frigate_r05,Визир,5,capital,Империя,frigate,recon,recon_frigate,prepared_materials,2,1.60,225174.00,0.00,225174.00,0.225
craft_capital_recon_frigate_r05,capital_recon_frigate_r05,Визир,5,capital,Империя,frigate,recon,recon_frigate,prepared_materials,3,1.40,174923.00,0.00,174923.00,0.175
craft_capital_recon_frigate_r05,capital_recon_frigate_r05,Визир,5,capital,Империя,frigate,recon,recon_frigate,prepared_materials,4,1.20,129814.00,0.00,129814.00,0.130
craft_capital_recon_frigate_r05,capital_recon_frigate_r05,Визир,5,capital,Империя,frigate,recon,recon_frigate,prepared_materials,5,1.00,82310.00,0.00,82310.00,0.082
craft_capital_recon_frigate_r06,capital_recon_frigate_r06,Дозор,6,capital,Империя,frigate,recon,recon_frigate,hull_and_machine_parts,0,2.00,1164496.00,0.00,1164496.00,1.164
craft_capital_recon_frigate_r06,capital_recon_frigate_r06,Дозор,6,capital,Империя,frigate,recon,recon_frigate,hull_and_machine_parts,1,1.80,1006812.00,0.00,1006812.00,1.007
craft_capital_recon_frigate_r06,capital_recon_frigate_r06,Дозор,6,capital,Империя,frigate,recon,recon_frigate,hull_and_machine_parts,2,1.60,763287.00,0.00,763287.00,0.763
craft_capital_recon_frigate_r06,capital_recon_frigate_r06,Дозор,6,capital,Империя,frigate,recon,recon_frigate,hull_and_machine_parts,3,1.40,541474.00,0.00,541474.00,0.541
craft_capital_recon_frigate_r06,capital_recon_frigate_r06,Дозор,6,capital,Империя,frigate,recon,recon_frigate,hull_and_machine_parts,4,1.20,384312.00,0.00,384312.00,0.384
craft_capital_recon_frigate_r06,capital_recon_frigate_r06,Дозор,6,capital,Империя,frigate,recon,recon_frigate,hull_and_machine_parts,5,1.00,197027.00,0.00,197027.00,0.197
craft_capital_recon_frigate_r07,capital_recon_frigate_r07,Лоцман,7,capital,Империя,frigate,recon,recon_frigate,hull_and_machine_parts,0,2.00,3162736.00,0.00,3162736.00,3.163
craft_capital_recon_frigate_r07,capital_recon_frigate_r07,Лоцман,7,capital,Империя,frigate,recon,recon_frigate,hull_and_machine_parts,1,1.80,2690856.00,0.00,2690856.00,2.691
craft_capital_recon_frigate_r07,capital_recon_frigate_r07,Лоцман,7,capital,Империя,frigate,recon,recon_frigate,hull_and_machine_parts,2,1.60,1976453.00,0.00,1976453.00,1.976
craft_capital_recon_frigate_r07,capital_recon_frigate_r07,Лоцман,7,capital,Империя,frigate,recon,recon_frigate,hull_and_machine_parts,3,1.40,1430846.00,0.00,1430846.00,1.431
craft_capital_recon_frigate_r07,capital_recon_frigate_r07,Лоцман,7,capital,Империя,frigate,recon,recon_frigate,hull_and_machine_parts,4,1.20,967968.00,0.00,967968.00,0.968
craft_capital_recon_frigate_r07,capital_recon_frigate_r07,Лоцман,7,capital,Империя,frigate,recon,recon_frigate,hull_and_machine_parts,5,1.00,542062.00,0.00,542062.00,0.542
craft_capital_recon_frigate_r08,capital_recon_frigate_r08,Следопыт,8,capital,Империя,frigate,recon,recon_frigate,ship_blocks,0,2.00,12372888.00,0.00,12372888.00,12.373
craft_capital_recon_frigate_r08,capital_recon_frigate_r08,Следопыт,8,capital,Империя,frigate,recon,recon_frigate,ship_blocks,1,1.80,11236497.00,0.00,11236497.00,11.236
craft_capital_recon_frigate_r08,capital_recon_frigate_r08,Следопыт,8,capital,Империя,frigate,recon,recon_frigate,ship_blocks,2,1.60,8515069.00,0.00,8515069.00,8.515
craft_capital_recon_frigate_r08,capital_recon_frigate_r08,Следопыт,8,capital,Империя,frigate,recon,recon_frigate,ship_blocks,3,1.40,5560558.00,0.00,5560558.00,5.561
craft_capital_recon_frigate_r08,capital_recon_frigate_r08,Следопыт,8,capital,Империя,frigate,recon,recon_frigate,ship_blocks,4,1.20,3925610.00,0.00,3925610.00,3.926
craft_capital_recon_frigate_r08,capital_recon_frigate_r08,Следопыт,8,capital,Империя,frigate,recon,recon_frigate,ship_blocks,5,1.00,1435697.00,0.00,1435697.00,1.436
craft_capital_recon_frigate_r09,capital_recon_frigate_r09,Горизонт,9,capital,Империя,frigate,recon,recon_frigate,ship_blocks,0,2.00,28667800.00,0.00,28667800.00,28.668
craft_capital_recon_frigate_r09,capital_recon_frigate_r09,Горизонт,9,capital,Империя,frigate,recon,recon_frigate,ship_blocks,1,1.80,24814542.00,0.00,24814542.00,24.815
craft_capital_recon_frigate_r09,capital_recon_frigate_r09,Горизонт,9,capital,Империя,frigate,recon,recon_frigate,ship_blocks,2,1.60,17104178.00,0.00,17104178.00,17.104
craft_capital_recon_frigate_r09,capital_recon_frigate_r09,Горизонт,9,capital,Империя,frigate,recon,recon_frigate,ship_blocks,3,1.40,11619771.00,0.00,11619771.00,11.620
craft_capital_recon_frigate_r09,capital_recon_frigate_r09,Горизонт,9,capital,Империя,frigate,recon,recon_frigate,ship_blocks,4,1.20,7283410.00,0.00,7283410.00,7.283
craft_capital_recon_frigate_r09,capital_recon_frigate_r09,Горизонт,9,capital,Империя,frigate,recon,recon_frigate,ship_blocks,5,1.00,3392953.00,0.00,3392953.00,3.393
craft_capital_recon_frigate_r10,capital_recon_frigate_r10,Аргус,10,capital,Империя,frigate,recon,recon_frigate,faction_flagship_license,0,2.00,60888992.00,5600000.00,66488992.00,66.489
craft_capital_recon_frigate_r10,capital_recon_frigate_r10,Аргус,10,capital,Империя,frigate,recon,recon_frigate,faction_flagship_license,1,1.80,51219442.00,5600000.00,56819442.00,56.819
craft_capital_recon_frigate_r10,capital_recon_frigate_r10,Аргус,10,capital,Империя,frigate,recon,recon_frigate,faction_flagship_license,2,1.60,35595856.00,5600000.00,41195856.00,41.196
craft_capital_recon_frigate_r10,capital_recon_frigate_r10,Аргус,10,capital,Империя,frigate,recon,recon_frigate,faction_flagship_license,3,1.40,24334200.00,5600000.00,29934200.00,29.934
craft_capital_recon_frigate_r10,capital_recon_frigate_r10,Аргус,10,capital,Империя,frigate,recon,recon_frigate,faction_flagship_license,4,1.20,15414092.00,5600000.00,21014092.00,21.014
craft_capital_recon_frigate_r10,capital_recon_frigate_r10,Аргус,10,capital,Империя,frigate,recon,recon_frigate,faction_flagship_license,5,1.00,7556596.00,5600000.00,13156596.00,13.157
craft_capital_cargo_frigate_r02,capital_cargo_frigate_r02,Возчик,2,capital,Империя,frigate,cargo,cargo_frigate,raw_resources,0,2.00,9460.00,0.00,9460.00,0.009
craft_capital_cargo_frigate_r02,capital_cargo_frigate_r02,Возчик,2,capital,Империя,frigate,cargo,cargo_frigate,raw_resources,1,1.80,8650.00,0.00,8650.00,0.009
craft_capital_cargo_frigate_r02,capital_cargo_frigate_r02,Возчик,2,capital,Империя,frigate,cargo,cargo_frigate,raw_resources,2,1.60,7730.00,0.00,7730.00,0.008
craft_capital_cargo_frigate_r02,capital_cargo_frigate_r02,Возчик,2,capital,Империя,frigate,cargo,cargo_frigate,raw_resources,3,1.40,6730.00,0.00,6730.00,0.007
craft_capital_cargo_frigate_r02,capital_cargo_frigate_r02,Возчик,2,capital,Империя,frigate,cargo,cargo_frigate,raw_resources,4,1.20,5810.00,0.00,5810.00,0.006
craft_capital_cargo_frigate_r02,capital_cargo_frigate_r02,Возчик,2,capital,Империя,frigate,cargo,cargo_frigate,raw_resources,5,1.00,4730.00,0.00,4730.00,0.005
craft_capital_cargo_frigate_r03,capital_cargo_frigate_r03,Тягун,3,capital,Империя,frigate,cargo,cargo_frigate,raw_resources,0,2.00,23000.00,0.00,23000.00,0.023
craft_capital_cargo_frigate_r03,capital_cargo_frigate_r03,Тягун,3,capital,Империя,frigate,cargo,cargo_frigate,raw_resources,1,1.80,20730.00,0.00,20730.00,0.021
craft_capital_cargo_frigate_r03,capital_cargo_frigate_r03,Тягун,3,capital,Империя,frigate,cargo,cargo_frigate,raw_resources,2,1.60,18440.00,0.00,18440.00,0.018
craft_capital_cargo_frigate_r03,capital_cargo_frigate_r03,Тягун,3,capital,Империя,frigate,cargo,cargo_frigate,raw_resources,3,1.40,16150.00,0.00,16150.00,0.016
craft_capital_cargo_frigate_r03,capital_cargo_frigate_r03,Тягун,3,capital,Империя,frigate,cargo,cargo_frigate,raw_resources,4,1.20,13860.00,0.00,13860.00,0.014
craft_capital_cargo_frigate_r03,capital_cargo_frigate_r03,Тягун,3,capital,Империя,frigate,cargo,cargo_frigate,raw_resources,5,1.00,11500.00,0.00,11500.00,0.011
craft_capital_cargo_frigate_r04,capital_cargo_frigate_r04,Купец,4,capital,Империя,frigate,cargo,cargo_frigate,prepared_materials,0,2.00,117268.00,0.00,117268.00,0.117
craft_capital_cargo_frigate_r04,capital_cargo_frigate_r04,Купец,4,capital,Империя,frigate,cargo,cargo_frigate,prepared_materials,1,1.80,101598.00,0.00,101598.00,0.102
craft_capital_cargo_frigate_r04,capital_cargo_frigate_r04,Купец,4,capital,Империя,frigate,cargo,cargo_frigate,prepared_materials,2,1.60,80969.00,0.00,80969.00,0.081
craft_capital_cargo_frigate_r04,capital_cargo_frigate_r04,Купец,4,capital,Империя,frigate,cargo,cargo_frigate,prepared_materials,3,1.40,62945.00,0.00,62945.00,0.063
craft_capital_cargo_frigate_r04,capital_cargo_frigate_r04,Купец,4,capital,Империя,frigate,cargo,cargo_frigate,prepared_materials,4,1.20,46960.00,0.00,46960.00,0.047
craft_capital_cargo_frigate_r04,capital_cargo_frigate_r04,Купец,4,capital,Империя,frigate,cargo,cargo_frigate,prepared_materials,5,1.00,30217.00,0.00,30217.00,0.030
craft_capital_cargo_frigate_r05,capital_cargo_frigate_r05,Подкова,5,capital,Империя,frigate,cargo,cargo_frigate,prepared_materials,0,2.00,289564.00,0.00,289564.00,0.290
craft_capital_cargo_frigate_r05,capital_cargo_frigate_r05,Подкова,5,capital,Империя,frigate,cargo,cargo_frigate,prepared_materials,1,1.80,247986.00,0.00,247986.00,0.248
craft_capital_cargo_frigate_r05,capital_cargo_frigate_r05,Подкова,5,capital,Империя,frigate,cargo,cargo_frigate,prepared_materials,2,1.60,197333.00,0.00,197333.00,0.197
craft_capital_cargo_frigate_r05,capital_cargo_frigate_r05,Подкова,5,capital,Империя,frigate,cargo,cargo_frigate,prepared_materials,3,1.40,152848.00,0.00,152848.00,0.153
craft_capital_cargo_frigate_r05,capital_cargo_frigate_r05,Подкова,5,capital,Империя,frigate,cargo,cargo_frigate,prepared_materials,4,1.20,113684.00,0.00,113684.00,0.114
craft_capital_cargo_frigate_r05,capital_cargo_frigate_r05,Подкова,5,capital,Империя,frigate,cargo,cargo_frigate,prepared_materials,5,1.00,72391.00,0.00,72391.00,0.072
craft_capital_cargo_frigate_r06,capital_cargo_frigate_r06,Артель,6,capital,Империя,frigate,cargo,cargo_frigate,hull_and_machine_parts,0,2.00,1280120.00,0.00,1280120.00,1.280
craft_capital_cargo_frigate_r06,capital_cargo_frigate_r06,Артель,6,capital,Империя,frigate,cargo,cargo_frigate,hull_and_machine_parts,1,1.80,1086876.00,0.00,1086876.00,1.087
craft_capital_cargo_frigate_r06,capital_cargo_frigate_r06,Артель,6,capital,Империя,frigate,cargo,cargo_frigate,hull_and_machine_parts,2,1.60,801442.00,0.00,801442.00,0.801
craft_capital_cargo_frigate_r06,capital_cargo_frigate_r06,Артель,6,capital,Империя,frigate,cargo,cargo_frigate,hull_and_machine_parts,3,1.40,566689.00,0.00,566689.00,0.567
craft_capital_cargo_frigate_r06,capital_cargo_frigate_r06,Артель,6,capital,Империя,frigate,cargo,cargo_frigate,hull_and_machine_parts,4,1.20,386692.00,0.00,386692.00,0.387
craft_capital_cargo_frigate_r06,capital_cargo_frigate_r06,Артель,6,capital,Империя,frigate,cargo,cargo_frigate,hull_and_machine_parts,5,1.00,200069.00,0.00,200069.00,0.200
craft_capital_cargo_frigate_r07,capital_cargo_frigate_r07,Снабженец,7,capital,Империя,frigate,cargo,cargo_frigate,hull_and_machine_parts,0,2.00,3258608.00,0.00,3258608.00,3.259
craft_capital_cargo_frigate_r07,capital_cargo_frigate_r07,Снабженец,7,capital,Империя,frigate,cargo,cargo_frigate,hull_and_machine_parts,1,1.80,2754335.00,0.00,2754335.00,2.754
craft_capital_cargo_frigate_r07,capital_cargo_frigate_r07,Снабженец,7,capital,Империя,frigate,cargo,cargo_frigate,hull_and_machine_parts,2,1.60,1995544.00,0.00,1995544.00,1.996
craft_capital_cargo_frigate_r07,capital_cargo_frigate_r07,Снабженец,7,capital,Империя,frigate,cargo,cargo_frigate,hull_and_machine_parts,3,1.40,1417089.00,0.00,1417089.00,1.417
craft_capital_cargo_frigate_r07,capital_cargo_frigate_r07,Снабженец,7,capital,Империя,frigate,cargo,cargo_frigate,hull_and_machine_parts,4,1.20,938440.00,0.00,938440.00,0.938
craft_capital_cargo_frigate_r07,capital_cargo_frigate_r07,Снабженец,7,capital,Империя,frigate,cargo,cargo_frigate,hull_and_machine_parts,5,1.00,512291.00,0.00,512291.00,0.512
craft_capital_cargo_frigate_r08,capital_cargo_frigate_r08,Пристав,8,capital,Империя,frigate,cargo,cargo_frigate,ship_blocks,0,2.00,12103232.00,0.00,12103232.00,12.103
craft_capital_cargo_frigate_r08,capital_cargo_frigate_r08,Пристав,8,capital,Империя,frigate,cargo,cargo_frigate,ship_blocks,1,1.80,10932578.00,0.00,10932578.00,10.933
craft_capital_cargo_frigate_r08,capital_cargo_frigate_r08,Пристав,8,capital,Империя,frigate,cargo,cargo_frigate,ship_blocks,2,1.60,8258659.00,0.00,8258659.00,8.259
craft_capital_cargo_frigate_r08,capital_cargo_frigate_r08,Пристав,8,capital,Империя,frigate,cargo,cargo_frigate,ship_blocks,3,1.40,5786383.00,0.00,5786383.00,5.786
craft_capital_cargo_frigate_r08,capital_cargo_frigate_r08,Пристав,8,capital,Империя,frigate,cargo,cargo_frigate,ship_blocks,4,1.20,4074076.00,0.00,4074076.00,4.074
craft_capital_cargo_frigate_r08,capital_cargo_frigate_r08,Пристав,8,capital,Империя,frigate,cargo,cargo_frigate,ship_blocks,5,1.00,1326717.00,0.00,1326717.00,1.327
craft_capital_cargo_frigate_r09,capital_cargo_frigate_r09,Кладовщик,9,capital,Империя,frigate,cargo,cargo_frigate,ship_blocks,0,2.00,28511984.00,0.00,28511984.00,28.512
craft_capital_cargo_frigate_r09,capital_cargo_frigate_r09,Кладовщик,9,capital,Империя,frigate,cargo,cargo_frigate,ship_blocks,1,1.80,24781650.00,0.00,24781650.00,24.782
craft_capital_cargo_frigate_r09,capital_cargo_frigate_r09,Кладовщик,9,capital,Империя,frigate,cargo,cargo_frigate,ship_blocks,2,1.60,17329578.00,0.00,17329578.00,17.330
craft_capital_cargo_frigate_r09,capital_cargo_frigate_r09,Кладовщик,9,capital,Империя,frigate,cargo,cargo_frigate,ship_blocks,3,1.40,11665045.00,0.00,11665045.00,11.665
craft_capital_cargo_frigate_r09,capital_cargo_frigate_r09,Кладовщик,9,capital,Империя,frigate,cargo,cargo_frigate,ship_blocks,4,1.20,7478162.00,0.00,7478162.00,7.478
craft_capital_cargo_frigate_r09,capital_cargo_frigate_r09,Кладовщик,9,capital,Империя,frigate,cargo,cargo_frigate,ship_blocks,5,1.00,3172806.00,0.00,3172806.00,3.173
craft_capital_cargo_frigate_r10,capital_cargo_frigate_r10,Опора,10,capital,Империя,frigate,cargo,cargo_frigate,faction_flagship_license,0,2.00,68950504.00,5600000.00,74550504.00,74.551
craft_capital_cargo_frigate_r10,capital_cargo_frigate_r10,Опора,10,capital,Империя,frigate,cargo,cargo_frigate,faction_flagship_license,1,1.80,58366759.00,5600000.00,63966759.00,63.967
craft_capital_cargo_frigate_r10,capital_cargo_frigate_r10,Опора,10,capital,Империя,frigate,cargo,cargo_frigate,faction_flagship_license,2,1.60,40001401.00,5600000.00,45601401.00,45.601
craft_capital_cargo_frigate_r10,capital_cargo_frigate_r10,Опора,10,capital,Империя,frigate,cargo,cargo_frigate,faction_flagship_license,3,1.40,27128225.00,5600000.00,32728225.00,32.728
craft_capital_cargo_frigate_r10,capital_cargo_frigate_r10,Опора,10,capital,Империя,frigate,cargo,cargo_frigate,faction_flagship_license,4,1.20,16892856.00,5600000.00,22492856.00,22.493
craft_capital_cargo_frigate_r10,capital_cargo_frigate_r10,Опора,10,capital,Империя,frigate,cargo,cargo_frigate,faction_flagship_license,5,1.00,8105142.00,5600000.00,13705142.00,13.705
craft_capital_artillery_cruiser_r02,capital_artillery_cruiser_r02,Барбет,2,capital,Империя,cruiser,artillery,artillery_cruiser,raw_resources,0,2.00,13680.00,0.00,13680.00,0.014
craft_capital_artillery_cruiser_r02,capital_artillery_cruiser_r02,Барбет,2,capital,Империя,cruiser,artillery,artillery_cruiser,raw_resources,1,1.80,12480.00,0.00,12480.00,0.012
craft_capital_artillery_cruiser_r02,capital_artillery_cruiser_r02,Барбет,2,capital,Империя,cruiser,artillery,artillery_cruiser,raw_resources,2,1.60,11080.00,0.00,11080.00,0.011
craft_capital_artillery_cruiser_r02,capital_artillery_cruiser_r02,Барбет,2,capital,Империя,cruiser,artillery,artillery_cruiser,raw_resources,3,1.40,9740.00,0.00,9740.00,0.010
craft_capital_artillery_cruiser_r02,capital_artillery_cruiser_r02,Барбет,2,capital,Империя,cruiser,artillery,artillery_cruiser,raw_resources,4,1.20,8340.00,0.00,8340.00,0.008
craft_capital_artillery_cruiser_r02,capital_artillery_cruiser_r02,Барбет,2,capital,Империя,cruiser,artillery,artillery_cruiser,raw_resources,5,1.00,6840.00,0.00,6840.00,0.007
craft_capital_artillery_cruiser_r03,capital_artillery_cruiser_r03,Калибр,3,capital,Империя,cruiser,artillery,artillery_cruiser,raw_resources,0,2.00,34420.00,0.00,34420.00,0.034
craft_capital_artillery_cruiser_r03,capital_artillery_cruiser_r03,Калибр,3,capital,Империя,cruiser,artillery,artillery_cruiser,raw_resources,1,1.80,31110.00,0.00,31110.00,0.031
craft_capital_artillery_cruiser_r03,capital_artillery_cruiser_r03,Калибр,3,capital,Империя,cruiser,artillery,artillery_cruiser,raw_resources,2,1.60,27640.00,0.00,27640.00,0.028
craft_capital_artillery_cruiser_r03,capital_artillery_cruiser_r03,Калибр,3,capital,Империя,cruiser,artillery,artillery_cruiser,raw_resources,3,1.40,24280.00,0.00,24280.00,0.024
craft_capital_artillery_cruiser_r03,capital_artillery_cruiser_r03,Калибр,3,capital,Империя,cruiser,artillery,artillery_cruiser,raw_resources,4,1.20,20810.00,0.00,20810.00,0.021
craft_capital_artillery_cruiser_r03,capital_artillery_cruiser_r03,Калибр,3,capital,Империя,cruiser,artillery,artillery_cruiser,raw_resources,5,1.00,17210.00,0.00,17210.00,0.017
craft_capital_artillery_cruiser_r04,capital_artillery_cruiser_r04,Бастион,4,capital,Империя,cruiser,artillery,artillery_cruiser,prepared_materials,0,2.00,169944.00,0.00,169944.00,0.170
craft_capital_artillery_cruiser_r04,capital_artillery_cruiser_r04,Бастион,4,capital,Империя,cruiser,artillery,artillery_cruiser,prepared_materials,1,1.80,145373.00,0.00,145373.00,0.145
craft_capital_artillery_cruiser_r04,capital_artillery_cruiser_r04,Бастион,4,capital,Империя,cruiser,artillery,artillery_cruiser,prepared_materials,2,1.60,115508.00,0.00,115508.00,0.116
craft_capital_artillery_cruiser_r04,capital_artillery_cruiser_r04,Бастион,4,capital,Империя,cruiser,artillery,artillery_cruiser,prepared_materials,3,1.40,90453.00,0.00,90453.00,0.090
craft_capital_artillery_cruiser_r04,capital_artillery_cruiser_r04,Бастион,4,capital,Империя,cruiser,artillery,artillery_cruiser,prepared_materials,4,1.20,67268.00,0.00,67268.00,0.067
craft_capital_artillery_cruiser_r04,capital_artillery_cruiser_r04,Бастион,4,capital,Империя,cruiser,artillery,artillery_cruiser,prepared_materials,5,1.00,43746.00,0.00,43746.00,0.044
craft_capital_artillery_cruiser_r05,capital_artillery_cruiser_r05,Громобой,5,capital,Империя,cruiser,artillery,artillery_cruiser,prepared_materials,0,2.00,406168.00,0.00,406168.00,0.406
craft_capital_artillery_cruiser_r05,capital_artillery_cruiser_r05,Громобой,5,capital,Империя,cruiser,artillery,artillery_cruiser,prepared_materials,1,1.80,346646.00,0.00,346646.00,0.347
craft_capital_artillery_cruiser_r05,capital_artillery_cruiser_r05,Громобой,5,capital,Империя,cruiser,artillery,artillery_cruiser,prepared_materials,2,1.60,273972.00,0.00,273972.00,0.274
craft_capital_artillery_cruiser_r05,capital_artillery_cruiser_r05,Громобой,5,capital,Империя,cruiser,artillery,artillery_cruiser,prepared_materials,3,1.40,213837.00,0.00,213837.00,0.214
craft_capital_artillery_cruiser_r05,capital_artillery_cruiser_r05,Громобой,5,capital,Империя,cruiser,artillery,artillery_cruiser,prepared_materials,4,1.20,157670.00,0.00,157670.00,0.158
craft_capital_artillery_cruiser_r05,capital_artillery_cruiser_r05,Громобой,5,capital,Империя,cruiser,artillery,artillery_cruiser,prepared_materials,5,1.00,101542.00,0.00,101542.00,0.102
craft_capital_artillery_cruiser_r06,capital_artillery_cruiser_r06,Держава,6,capital,Империя,cruiser,artillery,artillery_cruiser,hull_and_machine_parts,0,2.00,1716296.00,0.00,1716296.00,1.716
craft_capital_artillery_cruiser_r06,capital_artillery_cruiser_r06,Держава,6,capital,Империя,cruiser,artillery,artillery_cruiser,hull_and_machine_parts,1,1.80,1439577.00,0.00,1439577.00,1.440
craft_capital_artillery_cruiser_r06,capital_artillery_cruiser_r06,Держава,6,capital,Империя,cruiser,artillery,artillery_cruiser,hull_and_machine_parts,2,1.60,1058406.00,0.00,1058406.00,1.058
craft_capital_artillery_cruiser_r06,capital_artillery_cruiser_r06,Держава,6,capital,Империя,cruiser,artillery,artillery_cruiser,hull_and_machine_parts,3,1.40,762388.00,0.00,762388.00,0.762
craft_capital_artillery_cruiser_r06,capital_artillery_cruiser_r06,Держава,6,capital,Империя,cruiser,artillery,artillery_cruiser,hull_and_machine_parts,4,1.20,519196.00,0.00,519196.00,0.519
craft_capital_artillery_cruiser_r06,capital_artillery_cruiser_r06,Держава,6,capital,Империя,cruiser,artillery,artillery_cruiser,hull_and_machine_parts,5,1.00,278409.00,0.00,278409.00,0.278
craft_capital_artillery_cruiser_r07,capital_artillery_cruiser_r07,Редут,7,capital,Империя,cruiser,artillery,artillery_cruiser,hull_and_machine_parts,0,2.00,4027368.00,0.00,4027368.00,4.027
craft_capital_artillery_cruiser_r07,capital_artillery_cruiser_r07,Редут,7,capital,Империя,cruiser,artillery,artillery_cruiser,hull_and_machine_parts,1,1.80,3338555.00,0.00,3338555.00,3.339
craft_capital_artillery_cruiser_r07,capital_artillery_cruiser_r07,Редут,7,capital,Империя,cruiser,artillery,artillery_cruiser,hull_and_machine_parts,2,1.60,2407377.00,0.00,2407377.00,2.407
craft_capital_artillery_cruiser_r07,capital_artillery_cruiser_r07,Редут,7,capital,Империя,cruiser,artillery,artillery_cruiser,hull_and_machine_parts,3,1.40,1752428.00,0.00,1752428.00,1.752
craft_capital_artillery_cruiser_r07,capital_artillery_cruiser_r07,Редут,7,capital,Империя,cruiser,artillery,artillery_cruiser,hull_and_machine_parts,4,1.20,1157598.00,0.00,1157598.00,1.158
craft_capital_artillery_cruiser_r07,capital_artillery_cruiser_r07,Редут,7,capital,Империя,cruiser,artillery,artillery_cruiser,hull_and_machine_parts,5,1.00,650222.00,0.00,650222.00,0.650
craft_capital_artillery_cruiser_r08,capital_artillery_cruiser_r08,Форпост,8,capital,Империя,cruiser,artillery,artillery_cruiser,ship_blocks,0,2.00,14968000.00,0.00,14968000.00,14.968
craft_capital_artillery_cruiser_r08,capital_artillery_cruiser_r08,Форпост,8,capital,Империя,cruiser,artillery,artillery_cruiser,ship_blocks,1,1.80,13222499.00,0.00,13222499.00,13.222
craft_capital_artillery_cruiser_r08,capital_artillery_cruiser_r08,Форпост,8,capital,Империя,cruiser,artillery,artillery_cruiser,ship_blocks,2,1.60,9730972.00,0.00,9730972.00,9.731
craft_capital_artillery_cruiser_r08,capital_artillery_cruiser_r08,Форпост,8,capital,Империя,cruiser,artillery,artillery_cruiser,ship_blocks,3,1.40,6216338.00,0.00,6216338.00,6.216
craft_capital_artillery_cruiser_r08,capital_artillery_cruiser_r08,Форпост,8,capital,Империя,cruiser,artillery,artillery_cruiser,ship_blocks,4,1.20,4229016.00,0.00,4229016.00,4.229
craft_capital_artillery_cruiser_r08,capital_artillery_cruiser_r08,Форпост,8,capital,Империя,cruiser,artillery,artillery_cruiser,ship_blocks,5,1.00,1749416.00,0.00,1749416.00,1.749
craft_capital_artillery_cruiser_r09,capital_artillery_cruiser_r09,Триумф,9,capital,Империя,cruiser,artillery,artillery_cruiser,ship_blocks,0,2.00,37180712.00,0.00,37180712.00,37.181
craft_capital_artillery_cruiser_r09,capital_artillery_cruiser_r09,Триумф,9,capital,Империя,cruiser,artillery,artillery_cruiser,ship_blocks,1,1.80,31463781.00,0.00,31463781.00,31.464
craft_capital_artillery_cruiser_r09,capital_artillery_cruiser_r09,Триумф,9,capital,Империя,cruiser,artillery,artillery_cruiser,ship_blocks,2,1.60,21477125.00,0.00,21477125.00,21.477
craft_capital_artillery_cruiser_r09,capital_artillery_cruiser_r09,Триумф,9,capital,Империя,cruiser,artillery,artillery_cruiser,ship_blocks,3,1.40,14343536.00,0.00,14343536.00,14.344
craft_capital_artillery_cruiser_r09,capital_artillery_cruiser_r09,Триумф,9,capital,Империя,cruiser,artillery,artillery_cruiser,ship_blocks,4,1.20,8853334.00,0.00,8853334.00,8.853
craft_capital_artillery_cruiser_r09,capital_artillery_cruiser_r09,Триумф,9,capital,Империя,cruiser,artillery,artillery_cruiser,ship_blocks,5,1.00,4299617.00,0.00,4299617.00,4.300
craft_capital_artillery_cruiser_r10,capital_artillery_cruiser_r10,Аврора,10,capital,Империя,cruiser,artillery,artillery_cruiser,faction_flagship_license,0,2.00,93867304.00,5600000.00,99467304.00,99.467
craft_capital_artillery_cruiser_r10,capital_artillery_cruiser_r10,Аврора,10,capital,Империя,cruiser,artillery,artillery_cruiser,faction_flagship_license,1,1.80,78260621.00,5600000.00,83860621.00,83.861
craft_capital_artillery_cruiser_r10,capital_artillery_cruiser_r10,Аврора,10,capital,Империя,cruiser,artillery,artillery_cruiser,faction_flagship_license,2,1.60,54146877.00,5600000.00,59746877.00,59.747
craft_capital_artillery_cruiser_r10,capital_artillery_cruiser_r10,Аврора,10,capital,Империя,cruiser,artillery,artillery_cruiser,faction_flagship_license,3,1.40,36777430.00,5600000.00,42377430.00,42.377
craft_capital_artillery_cruiser_r10,capital_artillery_cruiser_r10,Аврора,10,capital,Империя,cruiser,artillery,artillery_cruiser,faction_flagship_license,4,1.20,23173652.00,5600000.00,28773652.00,28.774
craft_capital_artillery_cruiser_r10,capital_artillery_cruiser_r10,Аврора,10,capital,Империя,cruiser,artillery,artillery_cruiser,faction_flagship_license,5,1.00,11490114.00,5600000.00,17090114.00,17.090
craft_capital_light_recon_cruiser_r02,capital_light_recon_cruiser_r02,Дозорный,2,capital,Империя,cruiser,light_recon,light_recon_cruiser,raw_resources,0,2.00,12600.00,0.00,12600.00,0.013
craft_capital_light_recon_cruiser_r02,capital_light_recon_cruiser_r02,Дозорный,2,capital,Империя,cruiser,light_recon,light_recon_cruiser,raw_resources,1,1.80,11550.00,0.00,11550.00,0.012
craft_capital_light_recon_cruiser_r02,capital_light_recon_cruiser_r02,Дозорный,2,capital,Империя,cruiser,light_recon,light_recon_cruiser,raw_resources,2,1.60,10340.00,0.00,10340.00,0.010
craft_capital_light_recon_cruiser_r02,capital_light_recon_cruiser_r02,Дозорный,2,capital,Империя,cruiser,light_recon,light_recon_cruiser,raw_resources,3,1.40,8960.00,0.00,8960.00,0.009
craft_capital_light_recon_cruiser_r02,capital_light_recon_cruiser_r02,Дозорный,2,capital,Империя,cruiser,light_recon,light_recon_cruiser,raw_resources,4,1.20,7750.00,0.00,7750.00,0.008
craft_capital_light_recon_cruiser_r02,capital_light_recon_cruiser_r02,Дозорный,2,capital,Империя,cruiser,light_recon,light_recon_cruiser,raw_resources,5,1.00,6300.00,0.00,6300.00,0.006
craft_capital_light_recon_cruiser_r03,capital_light_recon_cruiser_r03,Радиант,3,capital,Империя,cruiser,light_recon,light_recon_cruiser,raw_resources,0,2.00,36220.00,0.00,36220.00,0.036
craft_capital_light_recon_cruiser_r03,capital_light_recon_cruiser_r03,Радиант,3,capital,Империя,cruiser,light_recon,light_recon_cruiser,raw_resources,1,1.80,32740.00,0.00,32740.00,0.033
craft_capital_light_recon_cruiser_r03,capital_light_recon_cruiser_r03,Радиант,3,capital,Империя,cruiser,light_recon,light_recon_cruiser,raw_resources,2,1.60,29090.00,0.00,29090.00,0.029
craft_capital_light_recon_cruiser_r03,capital_light_recon_cruiser_r03,Радиант,3,capital,Империя,cruiser,light_recon,light_recon_cruiser,raw_resources,3,1.40,25490.00,0.00,25490.00,0.025
craft_capital_light_recon_cruiser_r03,capital_light_recon_cruiser_r03,Радиант,3,capital,Империя,cruiser,light_recon,light_recon_cruiser,raw_resources,4,1.20,21840.00,0.00,21840.00,0.022
craft_capital_light_recon_cruiser_r03,capital_light_recon_cruiser_r03,Радиант,3,capital,Империя,cruiser,light_recon,light_recon_cruiser,raw_resources,5,1.00,18110.00,0.00,18110.00,0.018
craft_capital_light_recon_cruiser_r04,capital_light_recon_cruiser_r04,Просвет,4,capital,Империя,cruiser,light_recon,light_recon_cruiser,prepared_materials,0,2.00,166248.00,0.00,166248.00,0.166
craft_capital_light_recon_cruiser_r04,capital_light_recon_cruiser_r04,Просвет,4,capital,Империя,cruiser,light_recon,light_recon_cruiser,prepared_materials,1,1.80,143622.00,0.00,143622.00,0.144
craft_capital_light_recon_cruiser_r04,capital_light_recon_cruiser_r04,Просвет,4,capital,Империя,cruiser,light_recon,light_recon_cruiser,prepared_materials,2,1.60,114107.00,0.00,114107.00,0.114
craft_capital_light_recon_cruiser_r04,capital_light_recon_cruiser_r04,Просвет,4,capital,Империя,cruiser,light_recon,light_recon_cruiser,prepared_materials,3,1.40,88765.00,0.00,88765.00,0.089
craft_capital_light_recon_cruiser_r04,capital_light_recon_cruiser_r04,Просвет,4,capital,Империя,cruiser,light_recon,light_recon_cruiser,prepared_materials,4,1.20,65904.00,0.00,65904.00,0.066
craft_capital_light_recon_cruiser_r04,capital_light_recon_cruiser_r04,Просвет,4,capital,Империя,cruiser,light_recon,light_recon_cruiser,prepared_materials,5,1.00,41562.00,0.00,41562.00,0.042
craft_capital_light_recon_cruiser_r05,capital_light_recon_cruiser_r05,Сигнал,5,capital,Империя,cruiser,light_recon,light_recon_cruiser,prepared_materials,0,2.00,446128.00,0.00,446128.00,0.446
craft_capital_light_recon_cruiser_r05,capital_light_recon_cruiser_r05,Сигнал,5,capital,Империя,cruiser,light_recon,light_recon_cruiser,prepared_materials,1,1.80,382750.00,0.00,382750.00,0.383
craft_capital_light_recon_cruiser_r05,capital_light_recon_cruiser_r05,Сигнал,5,capital,Империя,cruiser,light_recon,light_recon_cruiser,prepared_materials,2,1.60,304059.00,0.00,304059.00,0.304
craft_capital_light_recon_cruiser_r05,capital_light_recon_cruiser_r05,Сигнал,5,capital,Империя,cruiser,light_recon,light_recon_cruiser,prepared_materials,3,1.40,236782.00,0.00,236782.00,0.237
craft_capital_light_recon_cruiser_r05,capital_light_recon_cruiser_r05,Сигнал,5,capital,Империя,cruiser,light_recon,light_recon_cruiser,prepared_materials,4,1.20,175846.00,0.00,175846.00,0.176
craft_capital_light_recon_cruiser_r05,capital_light_recon_cruiser_r05,Сигнал,5,capital,Империя,cruiser,light_recon,light_recon_cruiser,prepared_materials,5,1.00,111532.00,0.00,111532.00,0.112
craft_capital_light_recon_cruiser_r06,capital_light_recon_cruiser_r06,Вектор,6,capital,Империя,cruiser,light_recon,light_recon_cruiser,hull_and_machine_parts,0,2.00,1590752.00,0.00,1590752.00,1.591
craft_capital_light_recon_cruiser_r06,capital_light_recon_cruiser_r06,Вектор,6,capital,Империя,cruiser,light_recon,light_recon_cruiser,hull_and_machine_parts,1,1.80,1359965.00,0.00,1359965.00,1.360
craft_capital_light_recon_cruiser_r06,capital_light_recon_cruiser_r06,Вектор,6,capital,Империя,cruiser,light_recon,light_recon_cruiser,hull_and_machine_parts,2,1.60,1000673.00,0.00,1000673.00,1.001
craft_capital_light_recon_cruiser_r06,capital_light_recon_cruiser_r06,Вектор,6,capital,Империя,cruiser,light_recon,light_recon_cruiser,hull_and_machine_parts,3,1.40,720431.00,0.00,720431.00,0.720
craft_capital_light_recon_cruiser_r06,capital_light_recon_cruiser_r06,Вектор,6,capital,Империя,cruiser,light_recon,light_recon_cruiser,hull_and_machine_parts,4,1.20,489554.00,0.00,489554.00,0.490
craft_capital_light_recon_cruiser_r06,capital_light_recon_cruiser_r06,Вектор,6,capital,Империя,cruiser,light_recon,light_recon_cruiser,hull_and_machine_parts,5,1.00,262824.00,0.00,262824.00,0.263
craft_capital_light_recon_cruiser_r07,capital_light_recon_cruiser_r07,Навигатор,7,capital,Империя,cruiser,light_recon,light_recon_cruiser,hull_and_machine_parts,0,2.00,4176152.00,0.00,4176152.00,4.176
craft_capital_light_recon_cruiser_r07,capital_light_recon_cruiser_r07,Навигатор,7,capital,Империя,cruiser,light_recon,light_recon_cruiser,hull_and_machine_parts,1,1.80,3505054.00,0.00,3505054.00,3.505
craft_capital_light_recon_cruiser_r07,capital_light_recon_cruiser_r07,Навигатор,7,capital,Империя,cruiser,light_recon,light_recon_cruiser,hull_and_machine_parts,2,1.60,2542664.00,0.00,2542664.00,2.543
craft_capital_light_recon_cruiser_r07,capital_light_recon_cruiser_r07,Навигатор,7,capital,Империя,cruiser,light_recon,light_recon_cruiser,hull_and_machine_parts,3,1.40,1838822.00,0.00,1838822.00,1.839
craft_capital_light_recon_cruiser_r07,capital_light_recon_cruiser_r07,Навигатор,7,capital,Империя,cruiser,light_recon,light_recon_cruiser,hull_and_machine_parts,4,1.20,1222238.00,0.00,1222238.00,1.222
craft_capital_light_recon_cruiser_r07,capital_light_recon_cruiser_r07,Навигатор,7,capital,Империя,cruiser,light_recon,light_recon_cruiser,hull_and_machine_parts,5,1.00,685634.00,0.00,685634.00,0.686
craft_capital_light_recon_cruiser_r08,capital_light_recon_cruiser_r08,Обсерватор,8,capital,Империя,cruiser,light_recon,light_recon_cruiser,ship_blocks,0,2.00,14509648.00,0.00,14509648.00,14.510
craft_capital_light_recon_cruiser_r08,capital_light_recon_cruiser_r08,Обсерватор,8,capital,Империя,cruiser,light_recon,light_recon_cruiser,ship_blocks,1,1.80,13074485.00,0.00,13074485.00,13.074
craft_capital_light_recon_cruiser_r08,capital_light_recon_cruiser_r08,Обсерватор,8,capital,Империя,cruiser,light_recon,light_recon_cruiser,ship_blocks,2,1.60,9929988.00,0.00,9929988.00,9.930
craft_capital_light_recon_cruiser_r08,capital_light_recon_cruiser_r08,Обсерватор,8,capital,Империя,cruiser,light_recon,light_recon_cruiser,ship_blocks,3,1.40,6292007.00,0.00,6292007.00,6.292
craft_capital_light_recon_cruiser_r08,capital_light_recon_cruiser_r08,Обсерватор,8,capital,Империя,cruiser,light_recon,light_recon_cruiser,ship_blocks,4,1.20,4445910.00,0.00,4445910.00,4.446
craft_capital_light_recon_cruiser_r08,capital_light_recon_cruiser_r08,Обсерватор,8,capital,Империя,cruiser,light_recon,light_recon_cruiser,ship_blocks,5,1.00,1732527.00,0.00,1732527.00,1.733
craft_capital_light_recon_cruiser_r09,capital_light_recon_cruiser_r09,Меридиан,9,capital,Империя,cruiser,light_recon,light_recon_cruiser,ship_blocks,0,2.00,39068728.00,0.00,39068728.00,39.069
craft_capital_light_recon_cruiser_r09,capital_light_recon_cruiser_r09,Меридиан,9,capital,Империя,cruiser,light_recon,light_recon_cruiser,ship_blocks,1,1.80,33310598.00,0.00,33310598.00,33.311
craft_capital_light_recon_cruiser_r09,capital_light_recon_cruiser_r09,Меридиан,9,capital,Империя,cruiser,light_recon,light_recon_cruiser,ship_blocks,2,1.60,23539719.00,0.00,23539719.00,23.540
craft_capital_light_recon_cruiser_r09,capital_light_recon_cruiser_r09,Меридиан,9,capital,Империя,cruiser,light_recon,light_recon_cruiser,ship_blocks,3,1.40,15452849.00,0.00,15452849.00,15.453
craft_capital_light_recon_cruiser_r09,capital_light_recon_cruiser_r09,Меридиан,9,capital,Империя,cruiser,light_recon,light_recon_cruiser,ship_blocks,4,1.20,9989304.00,0.00,9989304.00,9.989
craft_capital_light_recon_cruiser_r09,capital_light_recon_cruiser_r09,Меридиан,9,capital,Империя,cruiser,light_recon,light_recon_cruiser,ship_blocks,5,1.00,4604686.00,0.00,4604686.00,4.605
craft_capital_light_recon_cruiser_r10,capital_light_recon_cruiser_r10,Фарватер,10,capital,Империя,cruiser,light_recon,light_recon_cruiser,faction_flagship_license,0,2.00,93782200.00,5600000.00,99382200.00,99.382
craft_capital_light_recon_cruiser_r10,capital_light_recon_cruiser_r10,Фарватер,10,capital,Империя,cruiser,light_recon,light_recon_cruiser,faction_flagship_license,1,1.80,78396569.00,5600000.00,83996569.00,83.997
craft_capital_light_recon_cruiser_r10,capital_light_recon_cruiser_r10,Фарватер,10,capital,Империя,cruiser,light_recon,light_recon_cruiser,faction_flagship_license,2,1.60,54380212.00,5600000.00,59980212.00,59.980
craft_capital_light_recon_cruiser_r10,capital_light_recon_cruiser_r10,Фарватер,10,capital,Империя,cruiser,light_recon,light_recon_cruiser,faction_flagship_license,3,1.40,36698723.00,5600000.00,42298723.00,42.299
craft_capital_light_recon_cruiser_r10,capital_light_recon_cruiser_r10,Фарватер,10,capital,Империя,cruiser,light_recon,light_recon_cruiser,faction_flagship_license,4,1.20,23170258.00,5600000.00,28770258.00,28.770
craft_capital_light_recon_cruiser_r10,capital_light_recon_cruiser_r10,Фарватер,10,capital,Империя,cruiser,light_recon,light_recon_cruiser,faction_flagship_license,5,1.00,11563637.00,5600000.00,17163637.00,17.164
craft_capital_bomb_artillery_cruiser_r02,capital_bomb_artillery_cruiser_r02,Гренадер,2,capital,Империя,cruiser,bomb_artillery,bomb_artillery_cruiser,raw_resources,0,2.00,13040.00,0.00,13040.00,0.013
craft_capital_bomb_artillery_cruiser_r02,capital_bomb_artillery_cruiser_r02,Гренадер,2,capital,Империя,cruiser,bomb_artillery,bomb_artillery_cruiser,raw_resources,1,1.80,11900.00,0.00,11900.00,0.012
craft_capital_bomb_artillery_cruiser_r02,capital_bomb_artillery_cruiser_r02,Гренадер,2,capital,Империя,cruiser,bomb_artillery,bomb_artillery_cruiser,raw_resources,2,1.60,10680.00,0.00,10680.00,0.011
craft_capital_bomb_artillery_cruiser_r02,capital_bomb_artillery_cruiser_r02,Гренадер,2,capital,Империя,cruiser,bomb_artillery,bomb_artillery_cruiser,raw_resources,3,1.40,9230.00,0.00,9230.00,0.009
craft_capital_bomb_artillery_cruiser_r02,capital_bomb_artillery_cruiser_r02,Гренадер,2,capital,Империя,cruiser,bomb_artillery,bomb_artillery_cruiser,raw_resources,4,1.20,8010.00,0.00,8010.00,0.008
craft_capital_bomb_artillery_cruiser_r02,capital_bomb_artillery_cruiser_r02,Гренадер,2,capital,Империя,cruiser,bomb_artillery,bomb_artillery_cruiser,raw_resources,5,1.00,6520.00,0.00,6520.00,0.007
craft_capital_bomb_artillery_cruiser_r03,capital_bomb_artillery_cruiser_r03,Фугас,3,capital,Империя,cruiser,bomb_artillery,bomb_artillery_cruiser,raw_resources,0,2.00,32820.00,0.00,32820.00,0.033
craft_capital_bomb_artillery_cruiser_r03,capital_bomb_artillery_cruiser_r03,Фугас,3,capital,Империя,cruiser,bomb_artillery,bomb_artillery_cruiser,raw_resources,1,1.80,29770.00,0.00,29770.00,0.030
craft_capital_bomb_artillery_cruiser_r03,capital_bomb_artillery_cruiser_r03,Фугас,3,capital,Империя,cruiser,bomb_artillery,bomb_artillery_cruiser,raw_resources,2,1.60,26460.00,0.00,26460.00,0.026
craft_capital_bomb_artillery_cruiser_r03,capital_bomb_artillery_cruiser_r03,Фугас,3,capital,Империя,cruiser,bomb_artillery,bomb_artillery_cruiser,raw_resources,3,1.40,23130.00,0.00,23130.00,0.023
craft_capital_bomb_artillery_cruiser_r03,capital_bomb_artillery_cruiser_r03,Фугас,3,capital,Империя,cruiser,bomb_artillery,bomb_artillery_cruiser,raw_resources,4,1.20,19820.00,0.00,19820.00,0.020
craft_capital_bomb_artillery_cruiser_r03,capital_bomb_artillery_cruiser_r03,Фугас,3,capital,Империя,cruiser,bomb_artillery,bomb_artillery_cruiser,raw_resources,5,1.00,16410.00,0.00,16410.00,0.016
craft_capital_bomb_artillery_cruiser_r04,capital_bomb_artillery_cruiser_r04,Каскад,4,capital,Империя,cruiser,bomb_artillery,bomb_artillery_cruiser,prepared_materials,0,2.00,171720.00,0.00,171720.00,0.172
craft_capital_bomb_artillery_cruiser_r04,capital_bomb_artillery_cruiser_r04,Каскад,4,capital,Империя,cruiser,bomb_artillery,bomb_artillery_cruiser,prepared_materials,1,1.80,147501.00,0.00,147501.00,0.148
craft_capital_bomb_artillery_cruiser_r04,capital_bomb_artillery_cruiser_r04,Каскад,4,capital,Империя,cruiser,bomb_artillery,bomb_artillery_cruiser,prepared_materials,2,1.60,116624.00,0.00,116624.00,0.117
craft_capital_bomb_artillery_cruiser_r04,capital_bomb_artillery_cruiser_r04,Каскад,4,capital,Империя,cruiser,bomb_artillery,bomb_artillery_cruiser,prepared_materials,3,1.40,91976.00,0.00,91976.00,0.092
craft_capital_bomb_artillery_cruiser_r04,capital_bomb_artillery_cruiser_r04,Каскад,4,capital,Империя,cruiser,bomb_artillery,bomb_artillery_cruiser,prepared_materials,4,1.20,67980.00,0.00,67980.00,0.068
craft_capital_bomb_artillery_cruiser_r04,capital_bomb_artillery_cruiser_r04,Каскад,4,capital,Империя,cruiser,bomb_artillery,bomb_artillery_cruiser,prepared_materials,5,1.00,44040.00,0.00,44040.00,0.044
craft_capital_bomb_artillery_cruiser_r05,capital_bomb_artillery_cruiser_r05,Залп,5,capital,Империя,cruiser,bomb_artillery,bomb_artillery_cruiser,prepared_materials,0,2.00,440280.00,0.00,440280.00,0.440
craft_capital_bomb_artillery_cruiser_r05,capital_bomb_artillery_cruiser_r05,Залп,5,capital,Империя,cruiser,bomb_artillery,bomb_artillery_cruiser,prepared_materials,1,1.80,376254.00,0.00,376254.00,0.376
craft_capital_bomb_artillery_cruiser_r05,capital_bomb_artillery_cruiser_r05,Залп,5,capital,Империя,cruiser,bomb_artillery,bomb_artillery_cruiser,prepared_materials,2,1.60,297952.00,0.00,297952.00,0.298
craft_capital_bomb_artillery_cruiser_r05,capital_bomb_artillery_cruiser_r05,Залп,5,capital,Империя,cruiser,bomb_artillery,bomb_artillery_cruiser,prepared_materials,3,1.40,233287.00,0.00,233287.00,0.233
craft_capital_bomb_artillery_cruiser_r05,capital_bomb_artillery_cruiser_r05,Залп,5,capital,Империя,cruiser,bomb_artillery,bomb_artillery_cruiser,prepared_materials,4,1.20,172582.00,0.00,172582.00,0.173
craft_capital_bomb_artillery_cruiser_r05,capital_bomb_artillery_cruiser_r05,Залп,5,capital,Империя,cruiser,bomb_artillery,bomb_artillery_cruiser,prepared_materials,5,1.00,112320.00,0.00,112320.00,0.112
craft_capital_bomb_artillery_cruiser_r06,capital_bomb_artillery_cruiser_r06,Обвал,6,capital,Империя,cruiser,bomb_artillery,bomb_artillery_cruiser,hull_and_machine_parts,0,2.00,1704072.00,0.00,1704072.00,1.704
craft_capital_bomb_artillery_cruiser_r06,capital_bomb_artillery_cruiser_r06,Обвал,6,capital,Империя,cruiser,bomb_artillery,bomb_artillery_cruiser,hull_and_machine_parts,1,1.80,1415007.00,0.00,1415007.00,1.415
craft_capital_bomb_artillery_cruiser_r06,capital_bomb_artillery_cruiser_r06,Обвал,6,capital,Империя,cruiser,bomb_artillery,bomb_artillery_cruiser,hull_and_machine_parts,2,1.60,1039443.00,0.00,1039443.00,1.039
craft_capital_bomb_artillery_cruiser_r06,capital_bomb_artillery_cruiser_r06,Обвал,6,capital,Империя,cruiser,bomb_artillery,bomb_artillery_cruiser,hull_and_machine_parts,3,1.40,757314.00,0.00,757314.00,0.757
craft_capital_bomb_artillery_cruiser_r06,capital_bomb_artillery_cruiser_r06,Обвал,6,capital,Империя,cruiser,bomb_artillery,bomb_artillery_cruiser,hull_and_machine_parts,4,1.20,516274.00,0.00,516274.00,0.516
craft_capital_bomb_artillery_cruiser_r06,capital_bomb_artillery_cruiser_r06,Обвал,6,capital,Империя,cruiser,bomb_artillery,bomb_artillery_cruiser,hull_and_machine_parts,5,1.00,283606.00,0.00,283606.00,0.284
craft_capital_bomb_artillery_cruiser_r07,capital_bomb_artillery_cruiser_r07,Шрапнель,7,capital,Империя,cruiser,bomb_artillery,bomb_artillery_cruiser,hull_and_machine_parts,0,2.00,3975320.00,0.00,3975320.00,3.975
craft_capital_bomb_artillery_cruiser_r07,capital_bomb_artillery_cruiser_r07,Шрапнель,7,capital,Империя,cruiser,bomb_artillery,bomb_artillery_cruiser,hull_and_machine_parts,1,1.80,3294077.00,0.00,3294077.00,3.294
craft_capital_bomb_artillery_cruiser_r07,capital_bomb_artillery_cruiser_r07,Шрапнель,7,capital,Империя,cruiser,bomb_artillery,bomb_artillery_cruiser,hull_and_machine_parts,2,1.60,2391577.00,0.00,2391577.00,2.392
craft_capital_bomb_artillery_cruiser_r07,capital_bomb_artillery_cruiser_r07,Шрапнель,7,capital,Империя,cruiser,bomb_artillery,bomb_artillery_cruiser,hull_and_machine_parts,3,1.40,1753287.00,0.00,1753287.00,1.753
craft_capital_bomb_artillery_cruiser_r07,capital_bomb_artillery_cruiser_r07,Шрапнель,7,capital,Империя,cruiser,bomb_artillery,bomb_artillery_cruiser,hull_and_machine_parts,4,1.20,1173688.00,0.00,1173688.00,1.174
craft_capital_bomb_artillery_cruiser_r07,capital_bomb_artillery_cruiser_r07,Шрапнель,7,capital,Империя,cruiser,bomb_artillery,bomb_artillery_cruiser,hull_and_machine_parts,5,1.00,663878.00,0.00,663878.00,0.664
craft_capital_bomb_artillery_cruiser_r08,capital_bomb_artillery_cruiser_r08,Мортира,8,capital,Империя,cruiser,bomb_artillery,bomb_artillery_cruiser,ship_blocks,0,2.00,15361264.00,0.00,15361264.00,15.361
craft_capital_bomb_artillery_cruiser_r08,capital_bomb_artillery_cruiser_r08,Мортира,8,capital,Империя,cruiser,bomb_artillery,bomb_artillery_cruiser,ship_blocks,1,1.80,13659690.00,0.00,13659690.00,13.660
craft_capital_bomb_artillery_cruiser_r08,capital_bomb_artillery_cruiser_r08,Мортира,8,capital,Империя,cruiser,bomb_artillery,bomb_artillery_cruiser,ship_blocks,2,1.60,10060314.00,0.00,10060314.00,10.060
craft_capital_bomb_artillery_cruiser_r08,capital_bomb_artillery_cruiser_r08,Мортира,8,capital,Империя,cruiser,bomb_artillery,bomb_artillery_cruiser,ship_blocks,3,1.40,6712478.00,0.00,6712478.00,6.712
craft_capital_bomb_artillery_cruiser_r08,capital_bomb_artillery_cruiser_r08,Мортира,8,capital,Империя,cruiser,bomb_artillery,bomb_artillery_cruiser,ship_blocks,4,1.20,4574920.00,0.00,4574920.00,4.575
craft_capital_bomb_artillery_cruiser_r08,capital_bomb_artillery_cruiser_r08,Мортира,8,capital,Империя,cruiser,bomb_artillery,bomb_artillery_cruiser,ship_blocks,5,1.00,1788151.00,0.00,1788151.00,1.788
craft_capital_bomb_artillery_cruiser_r09,capital_bomb_artillery_cruiser_r09,Бомбард,9,capital,Империя,cruiser,bomb_artillery,bomb_artillery_cruiser,ship_blocks,0,2.00,38574400.00,0.00,38574400.00,38.574
craft_capital_bomb_artillery_cruiser_r09,capital_bomb_artillery_cruiser_r09,Бомбард,9,capital,Империя,cruiser,bomb_artillery,bomb_artillery_cruiser,ship_blocks,1,1.80,33170781.00,0.00,33170781.00,33.171
craft_capital_bomb_artillery_cruiser_r09,capital_bomb_artillery_cruiser_r09,Бомбард,9,capital,Империя,cruiser,bomb_artillery,bomb_artillery_cruiser,ship_blocks,2,1.60,22781139.00,0.00,22781139.00,22.781
craft_capital_bomb_artillery_cruiser_r09,capital_bomb_artillery_cruiser_r09,Бомбард,9,capital,Империя,cruiser,bomb_artillery,bomb_artillery_cruiser,ship_blocks,3,1.40,15393385.00,0.00,15393385.00,15.393
craft_capital_bomb_artillery_cruiser_r09,capital_bomb_artillery_cruiser_r09,Бомбард,9,capital,Империя,cruiser,bomb_artillery,bomb_artillery_cruiser,ship_blocks,4,1.20,9602892.00,0.00,9602892.00,9.603
craft_capital_bomb_artillery_cruiser_r09,capital_bomb_artillery_cruiser_r09,Бомбард,9,capital,Империя,cruiser,bomb_artillery,bomb_artillery_cruiser,ship_blocks,5,1.00,4466360.00,0.00,4466360.00,4.466
craft_capital_bomb_artillery_cruiser_r10,capital_bomb_artillery_cruiser_r10,Вулкан,10,capital,Империя,cruiser,bomb_artillery,bomb_artillery_cruiser,faction_flagship_license,0,2.00,88707872.00,5600000.00,94307872.00,94.308
craft_capital_bomb_artillery_cruiser_r10,capital_bomb_artillery_cruiser_r10,Вулкан,10,capital,Империя,cruiser,bomb_artillery,bomb_artillery_cruiser,faction_flagship_license,1,1.80,73942928.00,5600000.00,79542928.00,79.543
craft_capital_bomb_artillery_cruiser_r10,capital_bomb_artillery_cruiser_r10,Вулкан,10,capital,Империя,cruiser,bomb_artillery,bomb_artillery_cruiser,faction_flagship_license,2,1.60,51696820.00,5600000.00,57296820.00,57.297
craft_capital_bomb_artillery_cruiser_r10,capital_bomb_artillery_cruiser_r10,Вулкан,10,capital,Империя,cruiser,bomb_artillery,bomb_artillery_cruiser,faction_flagship_license,3,1.40,34589236.00,5600000.00,40189236.00,40.189
craft_capital_bomb_artillery_cruiser_r10,capital_bomb_artillery_cruiser_r10,Вулкан,10,capital,Империя,cruiser,bomb_artillery,bomb_artillery_cruiser,faction_flagship_license,4,1.20,22080968.00,5600000.00,27680968.00,27.681
craft_capital_bomb_artillery_cruiser_r10,capital_bomb_artillery_cruiser_r10,Вулкан,10,capital,Империя,cruiser,bomb_artillery,bomb_artillery_cruiser,faction_flagship_license,5,1.00,10821975.00,5600000.00,16421975.00,16.422
craft_capital_long_range_heavy_cruiser_r02,capital_long_range_heavy_cruiser_r02,Рейнджер,2,capital,Империя,cruiser,long_range_heavy,long_range_heavy_cruiser,raw_resources,0,2.00,13780.00,0.00,13780.00,0.014
craft_capital_long_range_heavy_cruiser_r02,capital_long_range_heavy_cruiser_r02,Рейнджер,2,capital,Империя,cruiser,long_range_heavy,long_range_heavy_cruiser,raw_resources,1,1.80,12540.00,0.00,12540.00,0.013
craft_capital_long_range_heavy_cruiser_r02,capital_long_range_heavy_cruiser_r02,Рейнджер,2,capital,Империя,cruiser,long_range_heavy,long_range_heavy_cruiser,raw_resources,2,1.60,11130.00,0.00,11130.00,0.011
craft_capital_long_range_heavy_cruiser_r02,capital_long_range_heavy_cruiser_r02,Рейнджер,2,capital,Империя,cruiser,long_range_heavy,long_range_heavy_cruiser,raw_resources,3,1.40,9800.00,0.00,9800.00,0.010
craft_capital_long_range_heavy_cruiser_r02,capital_long_range_heavy_cruiser_r02,Рейнджер,2,capital,Империя,cruiser,long_range_heavy,long_range_heavy_cruiser,raw_resources,4,1.20,8390.00,0.00,8390.00,0.008
craft_capital_long_range_heavy_cruiser_r02,capital_long_range_heavy_cruiser_r02,Рейнджер,2,capital,Империя,cruiser,long_range_heavy,long_range_heavy_cruiser,raw_resources,5,1.00,6890.00,0.00,6890.00,0.007
craft_capital_long_range_heavy_cruiser_r03,capital_long_range_heavy_cruiser_r03,Пеленг,3,capital,Империя,cruiser,long_range_heavy,long_range_heavy_cruiser,raw_resources,0,2.00,36300.00,0.00,36300.00,0.036
craft_capital_long_range_heavy_cruiser_r03,capital_long_range_heavy_cruiser_r03,Пеленг,3,capital,Империя,cruiser,long_range_heavy,long_range_heavy_cruiser,raw_resources,1,1.80,32840.00,0.00,32840.00,0.033
craft_capital_long_range_heavy_cruiser_r03,capital_long_range_heavy_cruiser_r03,Пеленг,3,capital,Империя,cruiser,long_range_heavy,long_range_heavy_cruiser,raw_resources,2,1.60,29210.00,0.00,29210.00,0.029
craft_capital_long_range_heavy_cruiser_r03,capital_long_range_heavy_cruiser_r03,Пеленг,3,capital,Империя,cruiser,long_range_heavy,long_range_heavy_cruiser,raw_resources,3,1.40,25540.00,0.00,25540.00,0.026
craft_capital_long_range_heavy_cruiser_r03,capital_long_range_heavy_cruiser_r03,Пеленг,3,capital,Империя,cruiser,long_range_heavy,long_range_heavy_cruiser,raw_resources,4,1.20,21910.00,0.00,21910.00,0.022
craft_capital_long_range_heavy_cruiser_r03,capital_long_range_heavy_cruiser_r03,Пеленг,3,capital,Империя,cruiser,long_range_heavy,long_range_heavy_cruiser,raw_resources,5,1.00,18150.00,0.00,18150.00,0.018
craft_capital_long_range_heavy_cruiser_r04,capital_long_range_heavy_cruiser_r04,Рубикон,4,capital,Империя,cruiser,long_range_heavy,long_range_heavy_cruiser,prepared_materials,0,2.00,190216.00,0.00,190216.00,0.190
craft_capital_long_range_heavy_cruiser_r04,capital_long_range_heavy_cruiser_r04,Рубикон,4,capital,Империя,cruiser,long_range_heavy,long_range_heavy_cruiser,prepared_materials,1,1.80,163001.00,0.00,163001.00,0.163
craft_capital_long_range_heavy_cruiser_r04,capital_long_range_heavy_cruiser_r04,Рубикон,4,capital,Империя,cruiser,long_range_heavy,long_range_heavy_cruiser,prepared_materials,2,1.60,129430.00,0.00,129430.00,0.129
craft_capital_long_range_heavy_cruiser_r04,capital_long_range_heavy_cruiser_r04,Рубикон,4,capital,Империя,cruiser,long_range_heavy,long_range_heavy_cruiser,prepared_materials,3,1.40,101212.00,0.00,101212.00,0.101
craft_capital_long_range_heavy_cruiser_r04,capital_long_range_heavy_cruiser_r04,Рубикон,4,capital,Империя,cruiser,long_range_heavy,long_range_heavy_cruiser,prepared_materials,4,1.20,75158.00,0.00,75158.00,0.075
craft_capital_long_range_heavy_cruiser_r04,capital_long_range_heavy_cruiser_r04,Рубикон,4,capital,Империя,cruiser,long_range_heavy,long_range_heavy_cruiser,prepared_materials,5,1.00,48964.00,0.00,48964.00,0.049
craft_capital_long_range_heavy_cruiser_r05,capital_long_range_heavy_cruiser_r05,Дальник,5,capital,Империя,cruiser,long_range_heavy,long_range_heavy_cruiser,prepared_materials,0,2.00,458936.00,0.00,458936.00,0.459
craft_capital_long_range_heavy_cruiser_r05,capital_long_range_heavy_cruiser_r05,Дальник,5,capital,Империя,cruiser,long_range_heavy,long_range_heavy_cruiser,prepared_materials,1,1.80,391337.00,0.00,391337.00,0.391
craft_capital_long_range_heavy_cruiser_r05,capital_long_range_heavy_cruiser_r05,Дальник,5,capital,Империя,cruiser,long_range_heavy,long_range_heavy_cruiser,prepared_materials,2,1.60,309592.00,0.00,309592.00,0.310
craft_capital_long_range_heavy_cruiser_r05,capital_long_range_heavy_cruiser_r05,Дальник,5,capital,Империя,cruiser,long_range_heavy,long_range_heavy_cruiser,prepared_materials,3,1.40,241093.00,0.00,241093.00,0.241
craft_capital_long_range_heavy_cruiser_r05,capital_long_range_heavy_cruiser_r05,Дальник,5,capital,Империя,cruiser,long_range_heavy,long_range_heavy_cruiser,prepared_materials,4,1.20,177954.00,0.00,177954.00,0.178
craft_capital_long_range_heavy_cruiser_r05,capital_long_range_heavy_cruiser_r05,Дальник,5,capital,Империя,cruiser,long_range_heavy,long_range_heavy_cruiser,prepared_materials,5,1.00,114734.00,0.00,114734.00,0.115
craft_capital_long_range_heavy_cruiser_r06,capital_long_range_heavy_cruiser_r06,Зенит,6,capital,Империя,cruiser,long_range_heavy,long_range_heavy_cruiser,hull_and_machine_parts,0,2.00,1879088.00,0.00,1879088.00,1.879
craft_capital_long_range_heavy_cruiser_r06,capital_long_range_heavy_cruiser_r06,Зенит,6,capital,Империя,cruiser,long_range_heavy,long_range_heavy_cruiser,hull_and_machine_parts,1,1.80,1577810.00,0.00,1577810.00,1.578
craft_capital_long_range_heavy_cruiser_r06,capital_long_range_heavy_cruiser_r06,Зенит,6,capital,Империя,cruiser,long_range_heavy,long_range_heavy_cruiser,hull_and_machine_parts,2,1.60,1155028.00,0.00,1155028.00,1.155
craft_capital_long_range_heavy_cruiser_r06,capital_long_range_heavy_cruiser_r06,Зенит,6,capital,Империя,cruiser,long_range_heavy,long_range_heavy_cruiser,hull_and_machine_parts,3,1.40,831587.00,0.00,831587.00,0.832
craft_capital_long_range_heavy_cruiser_r06,capital_long_range_heavy_cruiser_r06,Зенит,6,capital,Империя,cruiser,long_range_heavy,long_range_heavy_cruiser,hull_and_machine_parts,4,1.20,562898.00,0.00,562898.00,0.563
craft_capital_long_range_heavy_cruiser_r06,capital_long_range_heavy_cruiser_r06,Зенит,6,capital,Империя,cruiser,long_range_heavy,long_range_heavy_cruiser,hull_and_machine_parts,5,1.00,303571.00,0.00,303571.00,0.304
craft_capital_long_range_heavy_cruiser_r07,capital_long_range_heavy_cruiser_r07,Канонир,7,capital,Империя,cruiser,long_range_heavy,long_range_heavy_cruiser,hull_and_machine_parts,0,2.00,4464600.00,0.00,4464600.00,4.465
craft_capital_long_range_heavy_cruiser_r07,capital_long_range_heavy_cruiser_r07,Канонир,7,capital,Империя,cruiser,long_range_heavy,long_range_heavy_cruiser,hull_and_machine_parts,1,1.80,3680849.00,0.00,3680849.00,3.681
craft_capital_long_range_heavy_cruiser_r07,capital_long_range_heavy_cruiser_r07,Канонир,7,capital,Империя,cruiser,long_range_heavy,long_range_heavy_cruiser,hull_and_machine_parts,2,1.60,2658542.00,0.00,2658542.00,2.659
craft_capital_long_range_heavy_cruiser_r07,capital_long_range_heavy_cruiser_r07,Канонир,7,capital,Империя,cruiser,long_range_heavy,long_range_heavy_cruiser,hull_and_machine_parts,3,1.40,1941347.00,0.00,1941347.00,1.941
craft_capital_long_range_heavy_cruiser_r07,capital_long_range_heavy_cruiser_r07,Канонир,7,capital,Империя,cruiser,long_range_heavy,long_range_heavy_cruiser,hull_and_machine_parts,4,1.20,1287676.00,0.00,1287676.00,1.288
craft_capital_long_range_heavy_cruiser_r07,capital_long_range_heavy_cruiser_r07,Канонир,7,capital,Империя,cruiser,long_range_heavy,long_range_heavy_cruiser,hull_and_machine_parts,5,1.00,723096.00,0.00,723096.00,0.723
craft_capital_long_range_heavy_cruiser_r08,capital_long_range_heavy_cruiser_r08,Магистраль,8,capital,Империя,cruiser,long_range_heavy,long_range_heavy_cruiser,ship_blocks,0,2.00,15972952.00,0.00,15972952.00,15.973
craft_capital_long_range_heavy_cruiser_r08,capital_long_range_heavy_cruiser_r08,Магистраль,8,capital,Империя,cruiser,long_range_heavy,long_range_heavy_cruiser,ship_blocks,1,1.80,13750727.00,0.00,13750727.00,13.751
craft_capital_long_range_heavy_cruiser_r08,capital_long_range_heavy_cruiser_r08,Магистраль,8,capital,Империя,cruiser,long_range_heavy,long_range_heavy_cruiser,ship_blocks,2,1.60,10119840.00,0.00,10119840.00,10.120
craft_capital_long_range_heavy_cruiser_r08,capital_long_range_heavy_cruiser_r08,Магистраль,8,capital,Империя,cruiser,long_range_heavy,long_range_heavy_cruiser,ship_blocks,3,1.40,6499475.00,0.00,6499475.00,6.499
craft_capital_long_range_heavy_cruiser_r08,capital_long_range_heavy_cruiser_r08,Магистраль,8,capital,Империя,cruiser,long_range_heavy,long_range_heavy_cruiser,ship_blocks,4,1.20,4422160.00,0.00,4422160.00,4.422
craft_capital_long_range_heavy_cruiser_r08,capital_long_range_heavy_cruiser_r08,Магистраль,8,capital,Империя,cruiser,long_range_heavy,long_range_heavy_cruiser,ship_blocks,5,1.00,1856181.00,0.00,1856181.00,1.856
craft_capital_long_range_heavy_cruiser_r09,capital_long_range_heavy_cruiser_r09,Баллиста,9,capital,Империя,cruiser,long_range_heavy,long_range_heavy_cruiser,ship_blocks,0,2.00,39605872.00,0.00,39605872.00,39.606
craft_capital_long_range_heavy_cruiser_r09,capital_long_range_heavy_cruiser_r09,Баллиста,9,capital,Империя,cruiser,long_range_heavy,long_range_heavy_cruiser,ship_blocks,1,1.80,33620374.00,0.00,33620374.00,33.620
craft_capital_long_range_heavy_cruiser_r09,capital_long_range_heavy_cruiser_r09,Баллиста,9,capital,Империя,cruiser,long_range_heavy,long_range_heavy_cruiser,ship_blocks,2,1.60,23086693.00,0.00,23086693.00,23.087
craft_capital_long_range_heavy_cruiser_r09,capital_long_range_heavy_cruiser_r09,Баллиста,9,capital,Империя,cruiser,long_range_heavy,long_range_heavy_cruiser,ship_blocks,3,1.40,15262522.00,0.00,15262522.00,15.263
craft_capital_long_range_heavy_cruiser_r09,capital_long_range_heavy_cruiser_r09,Баллиста,9,capital,Империя,cruiser,long_range_heavy,long_range_heavy_cruiser,ship_blocks,4,1.20,9488708.00,0.00,9488708.00,9.489
craft_capital_long_range_heavy_cruiser_r09,capital_long_range_heavy_cruiser_r09,Баллиста,9,capital,Империя,cruiser,long_range_heavy,long_range_heavy_cruiser,ship_blocks,5,1.00,4589458.00,0.00,4589458.00,4.589
craft_capital_long_range_heavy_cruiser_r10,capital_long_range_heavy_cruiser_r10,Монарх,10,capital,Империя,cruiser,long_range_heavy,long_range_heavy_cruiser,faction_flagship_license,0,2.00,98633996.00,5600000.00,104233996.00,104.234
craft_capital_long_range_heavy_cruiser_r10,capital_long_range_heavy_cruiser_r10,Монарх,10,capital,Империя,cruiser,long_range_heavy,long_range_heavy_cruiser,faction_flagship_license,1,1.80,81699551.00,5600000.00,87299551.00,87.300
craft_capital_long_range_heavy_cruiser_r10,capital_long_range_heavy_cruiser_r10,Монарх,10,capital,Империя,cruiser,long_range_heavy,long_range_heavy_cruiser,faction_flagship_license,2,1.60,56730632.00,5600000.00,62330632.00,62.331
craft_capital_long_range_heavy_cruiser_r10,capital_long_range_heavy_cruiser_r10,Монарх,10,capital,Империя,cruiser,long_range_heavy,long_range_heavy_cruiser,faction_flagship_license,3,1.40,38215094.00,5600000.00,43815094.00,43.815
craft_capital_long_range_heavy_cruiser_r10,capital_long_range_heavy_cruiser_r10,Монарх,10,capital,Империя,cruiser,long_range_heavy,long_range_heavy_cruiser,faction_flagship_license,4,1.20,24166244.00,5600000.00,29766244.00,29.766
craft_capital_long_range_heavy_cruiser_r10,capital_long_range_heavy_cruiser_r10,Монарх,10,capital,Империя,cruiser,long_range_heavy,long_range_heavy_cruiser,faction_flagship_license,5,1.00,12042947.00,5600000.00,17642947.00,17.643
craft_capital_repair_cruiser_r02,capital_repair_cruiser_r02,Кузнец,2,capital,Империя,cruiser,repair,repair_cruiser,raw_resources,0,2.00,14460.00,0.00,14460.00,0.014
craft_capital_repair_cruiser_r02,capital_repair_cruiser_r02,Кузнец,2,capital,Империя,cruiser,repair,repair_cruiser,raw_resources,1,1.80,13290.00,0.00,13290.00,0.013
craft_capital_repair_cruiser_r02,capital_repair_cruiser_r02,Кузнец,2,capital,Империя,cruiser,repair,repair_cruiser,raw_resources,2,1.60,11820.00,0.00,11820.00,0.012
craft_capital_repair_cruiser_r02,capital_repair_cruiser_r02,Кузнец,2,capital,Империя,cruiser,repair,repair_cruiser,raw_resources,3,1.40,10640.00,0.00,10640.00,0.011
craft_capital_repair_cruiser_r02,capital_repair_cruiser_r02,Кузнец,2,capital,Империя,cruiser,repair,repair_cruiser,raw_resources,4,1.20,9170.00,0.00,9170.00,0.009
craft_capital_repair_cruiser_r02,capital_repair_cruiser_r02,Кузнец,2,capital,Империя,cruiser,repair,repair_cruiser,raw_resources,5,1.00,7230.00,0.00,7230.00,0.007
craft_capital_repair_cruiser_r03,capital_repair_cruiser_r03,Лекарь,3,capital,Империя,cruiser,repair,repair_cruiser,raw_resources,0,2.00,34400.00,0.00,34400.00,0.034
craft_capital_repair_cruiser_r03,capital_repair_cruiser_r03,Лекарь,3,capital,Империя,cruiser,repair,repair_cruiser,raw_resources,1,1.80,31350.00,0.00,31350.00,0.031
craft_capital_repair_cruiser_r03,capital_repair_cruiser_r03,Лекарь,3,capital,Империя,cruiser,repair,repair_cruiser,raw_resources,2,1.60,27990.00,0.00,27990.00,0.028
craft_capital_repair_cruiser_r03,capital_repair_cruiser_r03,Лекарь,3,capital,Империя,cruiser,repair,repair_cruiser,raw_resources,3,1.40,24420.00,0.00,24420.00,0.024
craft_capital_repair_cruiser_r03,capital_repair_cruiser_r03,Лекарь,3,capital,Империя,cruiser,repair,repair_cruiser,raw_resources,4,1.20,21060.00,0.00,21060.00,0.021
craft_capital_repair_cruiser_r03,capital_repair_cruiser_r03,Лекарь,3,capital,Империя,cruiser,repair,repair_cruiser,raw_resources,5,1.00,17200.00,0.00,17200.00,0.017
craft_capital_repair_cruiser_r04,capital_repair_cruiser_r04,Шовник,4,capital,Империя,cruiser,repair,repair_cruiser,prepared_materials,0,2.00,183780.00,0.00,183780.00,0.184
craft_capital_repair_cruiser_r04,capital_repair_cruiser_r04,Шовник,4,capital,Империя,cruiser,repair,repair_cruiser,prepared_materials,1,1.80,158811.00,0.00,158811.00,0.159
craft_capital_repair_cruiser_r04,capital_repair_cruiser_r04,Шовник,4,capital,Империя,cruiser,repair,repair_cruiser,prepared_materials,2,1.60,126622.00,0.00,126622.00,0.127
craft_capital_repair_cruiser_r04,capital_repair_cruiser_r04,Шовник,4,capital,Империя,cruiser,repair,repair_cruiser,prepared_materials,3,1.40,98383.00,0.00,98383.00,0.098
craft_capital_repair_cruiser_r04,capital_repair_cruiser_r04,Шовник,4,capital,Империя,cruiser,repair,repair_cruiser,prepared_materials,4,1.20,73426.00,0.00,73426.00,0.073
craft_capital_repair_cruiser_r04,capital_repair_cruiser_r04,Шовник,4,capital,Империя,cruiser,repair,repair_cruiser,prepared_materials,5,1.00,47275.00,0.00,47275.00,0.047
craft_capital_repair_cruiser_r05,capital_repair_cruiser_r05,Сварщик,5,capital,Империя,cruiser,repair,repair_cruiser,prepared_materials,0,2.00,458524.00,0.00,458524.00,0.459
craft_capital_repair_cruiser_r05,capital_repair_cruiser_r05,Сварщик,5,capital,Империя,cruiser,repair,repair_cruiser,prepared_materials,1,1.80,394150.00,0.00,394150.00,0.394
craft_capital_repair_cruiser_r05,capital_repair_cruiser_r05,Сварщик,5,capital,Империя,cruiser,repair,repair_cruiser,prepared_materials,2,1.60,314240.00,0.00,314240.00,0.314
craft_capital_repair_cruiser_r05,capital_repair_cruiser_r05,Сварщик,5,capital,Империя,cruiser,repair,repair_cruiser,prepared_materials,3,1.40,244569.00,0.00,244569.00,0.245
craft_capital_repair_cruiser_r05,capital_repair_cruiser_r05,Сварщик,5,capital,Империя,cruiser,repair,repair_cruiser,prepared_materials,4,1.20,182572.00,0.00,182572.00,0.183
craft_capital_repair_cruiser_r05,capital_repair_cruiser_r05,Сварщик,5,capital,Империя,cruiser,repair,repair_cruiser,prepared_materials,5,1.00,117331.00,0.00,117331.00,0.117
craft_capital_repair_cruiser_r06,capital_repair_cruiser_r06,Медик,6,capital,Империя,cruiser,repair,repair_cruiser,hull_and_machine_parts,0,2.00,1677176.00,0.00,1677176.00,1.677
craft_capital_repair_cruiser_r06,capital_repair_cruiser_r06,Медик,6,capital,Империя,cruiser,repair,repair_cruiser,hull_and_machine_parts,1,1.80,1415356.00,0.00,1415356.00,1.415
craft_capital_repair_cruiser_r06,capital_repair_cruiser_r06,Медик,6,capital,Империя,cruiser,repair,repair_cruiser,hull_and_machine_parts,2,1.60,1039116.00,0.00,1039116.00,1.039
craft_capital_repair_cruiser_r06,capital_repair_cruiser_r06,Медик,6,capital,Империя,cruiser,repair,repair_cruiser,hull_and_machine_parts,3,1.40,747542.00,0.00,747542.00,0.748
craft_capital_repair_cruiser_r06,capital_repair_cruiser_r06,Медик,6,capital,Империя,cruiser,repair,repair_cruiser,hull_and_machine_parts,4,1.20,506546.00,0.00,506546.00,0.507
craft_capital_repair_cruiser_r06,capital_repair_cruiser_r06,Медик,6,capital,Империя,cruiser,repair,repair_cruiser,hull_and_machine_parts,5,1.00,269703.00,0.00,269703.00,0.270
craft_capital_repair_cruiser_r07,capital_repair_cruiser_r07,Скрепа,7,capital,Империя,cruiser,repair,repair_cruiser,hull_and_machine_parts,0,2.00,4385952.00,0.00,4385952.00,4.386
craft_capital_repair_cruiser_r07,capital_repair_cruiser_r07,Скрепа,7,capital,Империя,cruiser,repair,repair_cruiser,hull_and_machine_parts,1,1.80,3662912.00,0.00,3662912.00,3.663
craft_capital_repair_cruiser_r07,capital_repair_cruiser_r07,Скрепа,7,capital,Империя,cruiser,repair,repair_cruiser,hull_and_machine_parts,2,1.60,2656427.00,0.00,2656427.00,2.656
craft_capital_repair_cruiser_r07,capital_repair_cruiser_r07,Скрепа,7,capital,Империя,cruiser,repair,repair_cruiser,hull_and_machine_parts,3,1.40,1912241.00,0.00,1912241.00,1.912
craft_capital_repair_cruiser_r07,capital_repair_cruiser_r07,Скрепа,7,capital,Империя,cruiser,repair,repair_cruiser,hull_and_machine_parts,4,1.20,1269130.00,0.00,1269130.00,1.269
craft_capital_repair_cruiser_r07,capital_repair_cruiser_r07,Скрепа,7,capital,Империя,cruiser,repair,repair_cruiser,hull_and_machine_parts,5,1.00,705414.00,0.00,705414.00,0.705
craft_capital_repair_cruiser_r08,capital_repair_cruiser_r08,Спасатель,8,capital,Империя,cruiser,repair,repair_cruiser,ship_blocks,0,2.00,17659552.00,0.00,17659552.00,17.660
craft_capital_repair_cruiser_r08,capital_repair_cruiser_r08,Спасатель,8,capital,Империя,cruiser,repair,repair_cruiser,ship_blocks,1,1.80,15893472.00,0.00,15893472.00,15.893
craft_capital_repair_cruiser_r08,capital_repair_cruiser_r08,Спасатель,8,capital,Империя,cruiser,repair,repair_cruiser,ship_blocks,2,1.60,11771766.00,0.00,11771766.00,11.772
craft_capital_repair_cruiser_r08,capital_repair_cruiser_r08,Спасатель,8,capital,Империя,cruiser,repair,repair_cruiser,ship_blocks,3,1.40,7688466.00,0.00,7688466.00,7.688
craft_capital_repair_cruiser_r08,capital_repair_cruiser_r08,Спасатель,8,capital,Империя,cruiser,repair,repair_cruiser,ship_blocks,4,1.20,5274102.00,0.00,5274102.00,5.274
craft_capital_repair_cruiser_r08,capital_repair_cruiser_r08,Спасатель,8,capital,Империя,cruiser,repair,repair_cruiser,ship_blocks,5,1.00,2028098.00,0.00,2028098.00,2.028
craft_capital_repair_cruiser_r09,capital_repair_cruiser_r09,Асклепий,9,capital,Империя,cruiser,repair,repair_cruiser,ship_blocks,0,2.00,42301872.00,0.00,42301872.00,42.302
craft_capital_repair_cruiser_r09,capital_repair_cruiser_r09,Асклепий,9,capital,Империя,cruiser,repair,repair_cruiser,ship_blocks,1,1.80,35845481.00,0.00,35845481.00,35.845
craft_capital_repair_cruiser_r09,capital_repair_cruiser_r09,Асклепий,9,capital,Империя,cruiser,repair,repair_cruiser,ship_blocks,2,1.60,25111357.00,0.00,25111357.00,25.111
craft_capital_repair_cruiser_r09,capital_repair_cruiser_r09,Асклепий,9,capital,Империя,cruiser,repair,repair_cruiser,ship_blocks,3,1.40,16310309.00,0.00,16310309.00,16.310
craft_capital_repair_cruiser_r09,capital_repair_cruiser_r09,Асклепий,9,capital,Империя,cruiser,repair,repair_cruiser,ship_blocks,4,1.20,10418108.00,0.00,10418108.00,10.418
craft_capital_repair_cruiser_r09,capital_repair_cruiser_r09,Асклепий,9,capital,Империя,cruiser,repair,repair_cruiser,ship_blocks,5,1.00,4803489.00,0.00,4803489.00,4.803
craft_capital_repair_cruiser_r10,capital_repair_cruiser_r10,Милосерд,10,capital,Империя,cruiser,repair,repair_cruiser,faction_flagship_license,0,2.00,99309120.00,5600000.00,104909120.00,104.909
craft_capital_repair_cruiser_r10,capital_repair_cruiser_r10,Милосерд,10,capital,Империя,cruiser,repair,repair_cruiser,faction_flagship_license,1,1.80,83415398.00,5600000.00,89015398.00,89.015
craft_capital_repair_cruiser_r10,capital_repair_cruiser_r10,Милосерд,10,capital,Империя,cruiser,repair,repair_cruiser,faction_flagship_license,2,1.60,57109821.00,5600000.00,62709821.00,62.710
craft_capital_repair_cruiser_r10,capital_repair_cruiser_r10,Милосерд,10,capital,Империя,cruiser,repair,repair_cruiser,faction_flagship_license,3,1.40,38595863.00,5600000.00,44195863.00,44.196
craft_capital_repair_cruiser_r10,capital_repair_cruiser_r10,Милосерд,10,capital,Империя,cruiser,repair,repair_cruiser,faction_flagship_license,4,1.20,23956552.00,5600000.00,29556552.00,29.557
craft_capital_repair_cruiser_r10,capital_repair_cruiser_r10,Милосерд,10,capital,Империя,cruiser,repair,repair_cruiser,faction_flagship_license,5,1.00,11784645.00,5600000.00,17384645.00,17.385
craft_capital_industrial_cruiser_r02,capital_industrial_cruiser_r02,Складень,2,capital,Империя,cruiser,industrial,industrial_cruiser,raw_resources,0,2.00,14120.00,0.00,14120.00,0.014
craft_capital_industrial_cruiser_r02,capital_industrial_cruiser_r02,Складень,2,capital,Империя,cruiser,industrial,industrial_cruiser,raw_resources,1,1.80,12820.00,0.00,12820.00,0.013
craft_capital_industrial_cruiser_r02,capital_industrial_cruiser_r02,Складень,2,capital,Империя,cruiser,industrial,industrial_cruiser,raw_resources,2,1.60,11390.00,0.00,11390.00,0.011
craft_capital_industrial_cruiser_r02,capital_industrial_cruiser_r02,Складень,2,capital,Империя,cruiser,industrial,industrial_cruiser,raw_resources,3,1.40,10020.00,0.00,10020.00,0.010
craft_capital_industrial_cruiser_r02,capital_industrial_cruiser_r02,Складень,2,capital,Империя,cruiser,industrial,industrial_cruiser,raw_resources,4,1.20,8590.00,0.00,8590.00,0.009
craft_capital_industrial_cruiser_r02,capital_industrial_cruiser_r02,Складень,2,capital,Империя,cruiser,industrial,industrial_cruiser,raw_resources,5,1.00,7060.00,0.00,7060.00,0.007
craft_capital_industrial_cruiser_r03,capital_industrial_cruiser_r03,Мастер,3,capital,Империя,cruiser,industrial,industrial_cruiser,raw_resources,0,2.00,34680.00,0.00,34680.00,0.035
craft_capital_industrial_cruiser_r03,capital_industrial_cruiser_r03,Мастер,3,capital,Империя,cruiser,industrial,industrial_cruiser,raw_resources,1,1.80,31320.00,0.00,31320.00,0.031
craft_capital_industrial_cruiser_r03,capital_industrial_cruiser_r03,Мастер,3,capital,Империя,cruiser,industrial,industrial_cruiser,raw_resources,2,1.60,27850.00,0.00,27850.00,0.028
craft_capital_industrial_cruiser_r03,capital_industrial_cruiser_r03,Мастер,3,capital,Империя,cruiser,industrial,industrial_cruiser,raw_resources,3,1.40,24360.00,0.00,24360.00,0.024
craft_capital_industrial_cruiser_r03,capital_industrial_cruiser_r03,Мастер,3,capital,Империя,cruiser,industrial,industrial_cruiser,raw_resources,4,1.20,20890.00,0.00,20890.00,0.021
craft_capital_industrial_cruiser_r03,capital_industrial_cruiser_r03,Мастер,3,capital,Империя,cruiser,industrial,industrial_cruiser,raw_resources,5,1.00,17340.00,0.00,17340.00,0.017
craft_capital_industrial_cruiser_r04,capital_industrial_cruiser_r04,Сборщик,4,capital,Империя,cruiser,industrial,industrial_cruiser,prepared_materials,0,2.00,170792.00,0.00,170792.00,0.171
craft_capital_industrial_cruiser_r04,capital_industrial_cruiser_r04,Сборщик,4,capital,Империя,cruiser,industrial,industrial_cruiser,prepared_materials,1,1.80,146602.00,0.00,146602.00,0.147
craft_capital_industrial_cruiser_r04,capital_industrial_cruiser_r04,Сборщик,4,capital,Империя,cruiser,industrial,industrial_cruiser,prepared_materials,2,1.60,117217.00,0.00,117217.00,0.117
craft_capital_industrial_cruiser_r04,capital_industrial_cruiser_r04,Сборщик,4,capital,Империя,cruiser,industrial,industrial_cruiser,prepared_materials,3,1.40,91027.00,0.00,91027.00,0.091
craft_capital_industrial_cruiser_r04,capital_industrial_cruiser_r04,Сборщик,4,capital,Империя,cruiser,industrial,industrial_cruiser,prepared_materials,4,1.20,68200.00,0.00,68200.00,0.068
craft_capital_industrial_cruiser_r04,capital_industrial_cruiser_r04,Сборщик,4,capital,Империя,cruiser,industrial,industrial_cruiser,prepared_materials,5,1.00,44108.00,0.00,44108.00,0.044
craft_capital_industrial_cruiser_r05,capital_industrial_cruiser_r05,Комбинат,5,capital,Империя,cruiser,industrial,industrial_cruiser,prepared_materials,0,2.00,465656.00,0.00,465656.00,0.466
craft_capital_industrial_cruiser_r05,capital_industrial_cruiser_r05,Комбинат,5,capital,Империя,cruiser,industrial,industrial_cruiser,prepared_materials,1,1.80,398346.00,0.00,398346.00,0.398
craft_capital_industrial_cruiser_r05,capital_industrial_cruiser_r05,Комбинат,5,capital,Империя,cruiser,industrial,industrial_cruiser,prepared_materials,2,1.60,318448.00,0.00,318448.00,0.318
craft_capital_industrial_cruiser_r05,capital_industrial_cruiser_r05,Комбинат,5,capital,Империя,cruiser,industrial,industrial_cruiser,prepared_materials,3,1.40,246569.00,0.00,246569.00,0.247
craft_capital_industrial_cruiser_r05,capital_industrial_cruiser_r05,Комбинат,5,capital,Империя,cruiser,industrial,industrial_cruiser,prepared_materials,4,1.20,184608.00,0.00,184608.00,0.185
craft_capital_industrial_cruiser_r05,capital_industrial_cruiser_r05,Комбинат,5,capital,Империя,cruiser,industrial,industrial_cruiser,prepared_materials,5,1.00,118954.00,0.00,118954.00,0.119
craft_capital_industrial_cruiser_r06,capital_industrial_cruiser_r06,Универсал,6,capital,Империя,cruiser,industrial,industrial_cruiser,hull_and_machine_parts,0,2.00,1831824.00,0.00,1831824.00,1.832
craft_capital_industrial_cruiser_r06,capital_industrial_cruiser_r06,Универсал,6,capital,Империя,cruiser,industrial,industrial_cruiser,hull_and_machine_parts,1,1.80,1533992.00,0.00,1533992.00,1.534
craft_capital_industrial_cruiser_r06,capital_industrial_cruiser_r06,Универсал,6,capital,Империя,cruiser,industrial,industrial_cruiser,hull_and_machine_parts,2,1.60,1116553.00,0.00,1116553.00,1.117
craft_capital_industrial_cruiser_r06,capital_industrial_cruiser_r06,Универсал,6,capital,Империя,cruiser,industrial,industrial_cruiser,hull_and_machine_parts,3,1.40,785002.00,0.00,785002.00,0.785
craft_capital_industrial_cruiser_r06,capital_industrial_cruiser_r06,Универсал,6,capital,Империя,cruiser,industrial,industrial_cruiser,hull_and_machine_parts,4,1.20,523326.00,0.00,523326.00,0.523
craft_capital_industrial_cruiser_r06,capital_industrial_cruiser_r06,Универсал,6,capital,Империя,cruiser,industrial,industrial_cruiser,hull_and_machine_parts,5,1.00,283360.00,0.00,283360.00,0.283
craft_capital_industrial_cruiser_r07,capital_industrial_cruiser_r07,Прометей,7,capital,Империя,cruiser,industrial,industrial_cruiser,hull_and_machine_parts,0,2.00,4967120.00,0.00,4967120.00,4.967
craft_capital_industrial_cruiser_r07,capital_industrial_cruiser_r07,Прометей,7,capital,Империя,cruiser,industrial,industrial_cruiser,hull_and_machine_parts,1,1.80,4115759.00,0.00,4115759.00,4.116
craft_capital_industrial_cruiser_r07,capital_industrial_cruiser_r07,Прометей,7,capital,Империя,cruiser,industrial,industrial_cruiser,hull_and_machine_parts,2,1.60,2969351.00,0.00,2969351.00,2.969
craft_capital_industrial_cruiser_r07,capital_industrial_cruiser_r07,Прометей,7,capital,Империя,cruiser,industrial,industrial_cruiser,hull_and_machine_parts,3,1.40,2119356.00,0.00,2119356.00,2.119
craft_capital_industrial_cruiser_r07,capital_industrial_cruiser_r07,Прометей,7,capital,Империя,cruiser,industrial,industrial_cruiser,hull_and_machine_parts,4,1.20,1398568.00,0.00,1398568.00,1.399
craft_capital_industrial_cruiser_r07,capital_industrial_cruiser_r07,Прометей,7,capital,Империя,cruiser,industrial,industrial_cruiser,hull_and_machine_parts,5,1.00,765720.00,0.00,765720.00,0.766
craft_capital_industrial_cruiser_r08,capital_industrial_cruiser_r08,Арсенал,8,capital,Империя,cruiser,industrial,industrial_cruiser,ship_blocks,0,2.00,16304424.00,0.00,16304424.00,16.304
craft_capital_industrial_cruiser_r08,capital_industrial_cruiser_r08,Арсенал,8,capital,Империя,cruiser,industrial,industrial_cruiser,ship_blocks,1,1.80,14507216.00,0.00,14507216.00,14.507
craft_capital_industrial_cruiser_r08,capital_industrial_cruiser_r08,Арсенал,8,capital,Империя,cruiser,industrial,industrial_cruiser,ship_blocks,2,1.60,10374417.00,0.00,10374417.00,10.374
craft_capital_industrial_cruiser_r08,capital_industrial_cruiser_r08,Арсенал,8,capital,Империя,cruiser,industrial,industrial_cruiser,ship_blocks,3,1.40,7178396.00,0.00,7178396.00,7.178
craft_capital_industrial_cruiser_r08,capital_industrial_cruiser_r08,Арсенал,8,capital,Империя,cruiser,industrial,industrial_cruiser,ship_blocks,4,1.20,4739978.00,0.00,4739978.00,4.740
craft_capital_industrial_cruiser_r08,capital_industrial_cruiser_r08,Арсенал,8,capital,Империя,cruiser,industrial,industrial_cruiser,ship_blocks,5,1.00,1865340.00,0.00,1865340.00,1.865
craft_capital_industrial_cruiser_r09,capital_industrial_cruiser_r09,Мануфакт,9,capital,Империя,cruiser,industrial,industrial_cruiser,ship_blocks,0,2.00,41793680.00,0.00,41793680.00,41.794
craft_capital_industrial_cruiser_r09,capital_industrial_cruiser_r09,Мануфакт,9,capital,Империя,cruiser,industrial,industrial_cruiser,ship_blocks,1,1.80,35785352.00,0.00,35785352.00,35.785
craft_capital_industrial_cruiser_r09,capital_industrial_cruiser_r09,Мануфакт,9,capital,Империя,cruiser,industrial,industrial_cruiser,ship_blocks,2,1.60,24339559.00,0.00,24339559.00,24.340
craft_capital_industrial_cruiser_r09,capital_industrial_cruiser_r09,Мануфакт,9,capital,Империя,cruiser,industrial,industrial_cruiser,ship_blocks,3,1.40,16284602.00,0.00,16284602.00,16.285
craft_capital_industrial_cruiser_r09,capital_industrial_cruiser_r09,Мануфакт,9,capital,Империя,cruiser,industrial,industrial_cruiser,ship_blocks,4,1.20,10017982.00,0.00,10017982.00,10.018
craft_capital_industrial_cruiser_r09,capital_industrial_cruiser_r09,Мануфакт,9,capital,Империя,cruiser,industrial,industrial_cruiser,ship_blocks,5,1.00,4775106.00,0.00,4775106.00,4.775
craft_capital_industrial_cruiser_r10,capital_industrial_cruiser_r10,Экспедитор,10,capital,Империя,cruiser,industrial,industrial_cruiser,faction_flagship_license,0,2.00,100465656.00,5600000.00,106065656.00,106.066
craft_capital_industrial_cruiser_r10,capital_industrial_cruiser_r10,Экспедитор,10,capital,Империя,cruiser,industrial,industrial_cruiser,faction_flagship_license,1,1.80,83791628.00,5600000.00,89391628.00,89.392
craft_capital_industrial_cruiser_r10,capital_industrial_cruiser_r10,Экспедитор,10,capital,Империя,cruiser,industrial,industrial_cruiser,faction_flagship_license,2,1.60,57892078.00,5600000.00,63492078.00,63.492
craft_capital_industrial_cruiser_r10,capital_industrial_cruiser_r10,Экспедитор,10,capital,Империя,cruiser,industrial,industrial_cruiser,faction_flagship_license,3,1.40,38611611.00,5600000.00,44211611.00,44.212
craft_capital_industrial_cruiser_r10,capital_industrial_cruiser_r10,Экспедитор,10,capital,Империя,cruiser,industrial,industrial_cruiser,faction_flagship_license,4,1.20,24232638.00,5600000.00,29832638.00,29.833
craft_capital_industrial_cruiser_r10,capital_industrial_cruiser_r10,Экспедитор,10,capital,Империя,cruiser,industrial,industrial_cruiser,faction_flagship_license,5,1.00,11879980.00,5600000.00,17479980.00,17.480
craft_capital_heavy_battleship_r02,capital_heavy_battleship_r02,Вал,2,capital,Империя,battleship,heavy,heavy_battleship,raw_resources,0,2.00,20500.00,0.00,20500.00,0.021
craft_capital_heavy_battleship_r02,capital_heavy_battleship_r02,Вал,2,capital,Империя,battleship,heavy,heavy_battleship,raw_resources,1,1.80,18600.00,0.00,18600.00,0.019
craft_capital_heavy_battleship_r02,capital_heavy_battleship_r02,Вал,2,capital,Империя,battleship,heavy,heavy_battleship,raw_resources,2,1.60,16490.00,0.00,16490.00,0.016
craft_capital_heavy_battleship_r02,capital_heavy_battleship_r02,Вал,2,capital,Империя,battleship,heavy,heavy_battleship,raw_resources,3,1.40,14470.00,0.00,14470.00,0.014
craft_capital_heavy_battleship_r02,capital_heavy_battleship_r02,Вал,2,capital,Империя,battleship,heavy,heavy_battleship,raw_resources,4,1.20,12360.00,0.00,12360.00,0.012
craft_capital_heavy_battleship_r02,capital_heavy_battleship_r02,Вал,2,capital,Империя,battleship,heavy,heavy_battleship,raw_resources,5,1.00,10250.00,0.00,10250.00,0.010
craft_capital_heavy_battleship_r03,capital_heavy_battleship_r03,Гром,3,capital,Империя,battleship,heavy,heavy_battleship,raw_resources,0,2.00,50000.00,0.00,50000.00,0.050
craft_capital_heavy_battleship_r03,capital_heavy_battleship_r03,Гром,3,capital,Империя,battleship,heavy,heavy_battleship,raw_resources,1,1.80,45100.00,0.00,45100.00,0.045
craft_capital_heavy_battleship_r03,capital_heavy_battleship_r03,Гром,3,capital,Империя,battleship,heavy,heavy_battleship,raw_resources,2,1.60,40170.00,0.00,40170.00,0.040
craft_capital_heavy_battleship_r03,capital_heavy_battleship_r03,Гром,3,capital,Империя,battleship,heavy,heavy_battleship,raw_resources,3,1.40,35090.00,0.00,35090.00,0.035
craft_capital_heavy_battleship_r03,capital_heavy_battleship_r03,Гром,3,capital,Империя,battleship,heavy,heavy_battleship,raw_resources,4,1.20,30160.00,0.00,30160.00,0.030
craft_capital_heavy_battleship_r03,capital_heavy_battleship_r03,Гром,3,capital,Империя,battleship,heavy,heavy_battleship,raw_resources,5,1.00,25000.00,0.00,25000.00,0.025
craft_capital_heavy_battleship_r04,capital_heavy_battleship_r04,Цитадель,4,capital,Империя,battleship,heavy,heavy_battleship,prepared_materials,0,2.00,250584.00,0.00,250584.00,0.251
craft_capital_heavy_battleship_r04,capital_heavy_battleship_r04,Цитадель,4,capital,Империя,battleship,heavy,heavy_battleship,prepared_materials,1,1.80,214593.00,0.00,214593.00,0.215
craft_capital_heavy_battleship_r04,capital_heavy_battleship_r04,Цитадель,4,capital,Империя,battleship,heavy,heavy_battleship,prepared_materials,2,1.60,171088.00,0.00,171088.00,0.171
craft_capital_heavy_battleship_r04,capital_heavy_battleship_r04,Цитадель,4,capital,Империя,battleship,heavy,heavy_battleship,prepared_materials,3,1.40,133359.00,0.00,133359.00,0.133
craft_capital_heavy_battleship_r04,capital_heavy_battleship_r04,Цитадель,4,capital,Империя,battleship,heavy,heavy_battleship,prepared_materials,4,1.20,99572.00,0.00,99572.00,0.100
craft_capital_heavy_battleship_r04,capital_heavy_battleship_r04,Цитадель,4,capital,Империя,battleship,heavy,heavy_battleship,prepared_materials,5,1.00,64606.00,0.00,64606.00,0.065
craft_capital_heavy_battleship_r05,capital_heavy_battleship_r05,Легион,5,capital,Империя,battleship,heavy,heavy_battleship,prepared_materials,0,2.00,622184.00,0.00,622184.00,0.622
craft_capital_heavy_battleship_r05,capital_heavy_battleship_r05,Легион,5,capital,Империя,battleship,heavy,heavy_battleship,prepared_materials,1,1.80,530891.00,0.00,530891.00,0.531
craft_capital_heavy_battleship_r05,capital_heavy_battleship_r05,Легион,5,capital,Империя,battleship,heavy,heavy_battleship,prepared_materials,2,1.60,422504.00,0.00,422504.00,0.423
craft_capital_heavy_battleship_r05,capital_heavy_battleship_r05,Легион,5,capital,Империя,battleship,heavy,heavy_battleship,prepared_materials,3,1.40,328924.00,0.00,328924.00,0.329
craft_capital_heavy_battleship_r05,capital_heavy_battleship_r05,Легион,5,capital,Империя,battleship,heavy,heavy_battleship,prepared_materials,4,1.20,244888.00,0.00,244888.00,0.245
craft_capital_heavy_battleship_r05,capital_heavy_battleship_r05,Легион,5,capital,Империя,battleship,heavy,heavy_battleship,prepared_materials,5,1.00,158776.00,0.00,158776.00,0.159
craft_capital_heavy_battleship_r06,capital_heavy_battleship_r06,Реванш,6,capital,Империя,battleship,heavy,heavy_battleship,hull_and_machine_parts,0,2.00,2616104.00,0.00,2616104.00,2.616
craft_capital_heavy_battleship_r06,capital_heavy_battleship_r06,Реванш,6,capital,Империя,battleship,heavy,heavy_battleship,hull_and_machine_parts,1,1.80,2181870.00,0.00,2181870.00,2.182
craft_capital_heavy_battleship_r06,capital_heavy_battleship_r06,Реванш,6,capital,Империя,battleship,heavy,heavy_battleship,hull_and_machine_parts,2,1.60,1578565.00,0.00,1578565.00,1.579
craft_capital_heavy_battleship_r06,capital_heavy_battleship_r06,Реванш,6,capital,Империя,battleship,heavy,heavy_battleship,hull_and_machine_parts,3,1.40,1135070.00,0.00,1135070.00,1.135
craft_capital_heavy_battleship_r06,capital_heavy_battleship_r06,Реванш,6,capital,Империя,battleship,heavy,heavy_battleship,hull_and_machine_parts,4,1.20,754522.00,0.00,754522.00,0.755
craft_capital_heavy_battleship_r06,capital_heavy_battleship_r06,Реванш,6,capital,Империя,battleship,heavy,heavy_battleship,hull_and_machine_parts,5,1.00,399256.00,0.00,399256.00,0.399
craft_capital_heavy_battleship_r07,capital_heavy_battleship_r07,Паладин,7,capital,Империя,battleship,heavy,heavy_battleship,hull_and_machine_parts,0,2.00,6535712.00,0.00,6535712.00,6.536
craft_capital_heavy_battleship_r07,capital_heavy_battleship_r07,Паладин,7,capital,Империя,battleship,heavy,heavy_battleship,hull_and_machine_parts,1,1.80,5404353.00,0.00,5404353.00,5.404
craft_capital_heavy_battleship_r07,capital_heavy_battleship_r07,Паладин,7,capital,Империя,battleship,heavy,heavy_battleship,hull_and_machine_parts,2,1.60,3881711.00,0.00,3881711.00,3.882
craft_capital_heavy_battleship_r07,capital_heavy_battleship_r07,Паладин,7,capital,Империя,battleship,heavy,heavy_battleship,hull_and_machine_parts,3,1.40,2782250.00,0.00,2782250.00,2.782
craft_capital_heavy_battleship_r07,capital_heavy_battleship_r07,Паладин,7,capital,Империя,battleship,heavy,heavy_battleship,hull_and_machine_parts,4,1.20,1825014.00,0.00,1825014.00,1.825
craft_capital_heavy_battleship_r07,capital_heavy_battleship_r07,Паладин,7,capital,Империя,battleship,heavy,heavy_battleship,hull_and_machine_parts,5,1.00,994079.00,0.00,994079.00,0.994
craft_capital_heavy_battleship_r08,capital_heavy_battleship_r08,Император,8,capital,Империя,battleship,heavy,heavy_battleship,ship_blocks,0,2.00,22599008.00,0.00,22599008.00,22.599
craft_capital_heavy_battleship_r08,capital_heavy_battleship_r08,Император,8,capital,Империя,battleship,heavy,heavy_battleship,ship_blocks,1,1.80,19236681.00,0.00,19236681.00,19.237
craft_capital_heavy_battleship_r08,capital_heavy_battleship_r08,Император,8,capital,Империя,battleship,heavy,heavy_battleship,ship_blocks,2,1.60,13884424.00,0.00,13884424.00,13.884
craft_capital_heavy_battleship_r08,capital_heavy_battleship_r08,Император,8,capital,Империя,battleship,heavy,heavy_battleship,ship_blocks,3,1.40,9262858.00,0.00,9262858.00,9.263
craft_capital_heavy_battleship_r08,capital_heavy_battleship_r08,Император,8,capital,Империя,battleship,heavy,heavy_battleship,ship_blocks,4,1.20,6162394.00,0.00,6162394.00,6.162
craft_capital_heavy_battleship_r08,capital_heavy_battleship_r08,Император,8,capital,Империя,battleship,heavy,heavy_battleship,ship_blocks,5,1.00,2564636.00,0.00,2564636.00,2.565
craft_capital_heavy_battleship_r09,capital_heavy_battleship_r09,Колосс,9,capital,Империя,battleship,heavy,heavy_battleship,ship_blocks,0,2.00,60943928.00,0.00,60943928.00,60.944
craft_capital_heavy_battleship_r09,capital_heavy_battleship_r09,Колосс,9,capital,Империя,battleship,heavy,heavy_battleship,ship_blocks,1,1.80,50934017.00,0.00,50934017.00,50.934
craft_capital_heavy_battleship_r09,capital_heavy_battleship_r09,Колосс,9,capital,Империя,battleship,heavy,heavy_battleship,ship_blocks,2,1.60,35071473.00,0.00,35071473.00,35.071
craft_capital_heavy_battleship_r09,capital_heavy_battleship_r09,Колосс,9,capital,Империя,battleship,heavy,heavy_battleship,ship_blocks,3,1.40,23298669.00,0.00,23298669.00,23.299
craft_capital_heavy_battleship_r09,capital_heavy_battleship_r09,Колосс,9,capital,Империя,battleship,heavy,heavy_battleship,ship_blocks,4,1.20,14577068.00,0.00,14577068.00,14.577
craft_capital_heavy_battleship_r09,capital_heavy_battleship_r09,Колосс,9,capital,Империя,battleship,heavy,heavy_battleship,ship_blocks,5,1.00,6874258.00,0.00,6874258.00,6.874
craft_capital_heavy_battleship_r10,capital_heavy_battleship_r10,Титан,10,capital,Империя,battleship,heavy,heavy_battleship,faction_flagship_license,0,2.00,135882272.00,5600000.00,141482272.00,141.482
craft_capital_heavy_battleship_r10,capital_heavy_battleship_r10,Титан,10,capital,Империя,battleship,heavy,heavy_battleship,faction_flagship_license,1,1.80,112770564.00,5600000.00,118370564.00,118.371
craft_capital_heavy_battleship_r10,capital_heavy_battleship_r10,Титан,10,capital,Империя,battleship,heavy,heavy_battleship,faction_flagship_license,2,1.60,77601533.00,5600000.00,83201533.00,83.202
craft_capital_heavy_battleship_r10,capital_heavy_battleship_r10,Титан,10,capital,Империя,battleship,heavy,heavy_battleship,faction_flagship_license,3,1.40,51855817.00,5600000.00,57455817.00,57.456
craft_capital_heavy_battleship_r10,capital_heavy_battleship_r10,Титан,10,capital,Империя,battleship,heavy,heavy_battleship,faction_flagship_license,4,1.20,32385140.00,5600000.00,37985140.00,37.985
craft_capital_heavy_battleship_r10,capital_heavy_battleship_r10,Титан,10,capital,Империя,battleship,heavy,heavy_battleship,faction_flagship_license,5,1.00,15989320.00,5600000.00,21589320.00,21.589
craft_capital_industrial_battleship_r02,capital_industrial_battleship_r02,Баржа,2,capital,Империя,battleship,industrial,industrial_battleship,raw_resources,0,2.00,21340.00,0.00,21340.00,0.021
craft_capital_industrial_battleship_r02,capital_industrial_battleship_r02,Баржа,2,capital,Империя,battleship,industrial,industrial_battleship,raw_resources,1,1.80,19380.00,0.00,19380.00,0.019
craft_capital_industrial_battleship_r02,capital_industrial_battleship_r02,Баржа,2,capital,Империя,battleship,industrial,industrial_battleship,raw_resources,2,1.60,17160.00,0.00,17160.00,0.017
craft_capital_industrial_battleship_r02,capital_industrial_battleship_r02,Баржа,2,capital,Империя,battleship,industrial,industrial_battleship,raw_resources,3,1.40,15150.00,0.00,15150.00,0.015
craft_capital_industrial_battleship_r02,capital_industrial_battleship_r02,Баржа,2,capital,Империя,battleship,industrial,industrial_battleship,raw_resources,4,1.20,12930.00,0.00,12930.00,0.013
craft_capital_industrial_battleship_r02,capital_industrial_battleship_r02,Баржа,2,capital,Империя,battleship,industrial,industrial_battleship,raw_resources,5,1.00,10670.00,0.00,10670.00,0.011
craft_capital_industrial_battleship_r03,capital_industrial_battleship_r03,Прибой,3,capital,Империя,battleship,industrial,industrial_battleship,raw_resources,0,2.00,52400.00,0.00,52400.00,0.052
craft_capital_industrial_battleship_r03,capital_industrial_battleship_r03,Прибой,3,capital,Империя,battleship,industrial,industrial_battleship,raw_resources,1,1.80,47260.00,0.00,47260.00,0.047
craft_capital_industrial_battleship_r03,capital_industrial_battleship_r03,Прибой,3,capital,Империя,battleship,industrial,industrial_battleship,raw_resources,2,1.60,42040.00,0.00,42040.00,0.042
craft_capital_industrial_battleship_r03,capital_industrial_battleship_r03,Прибой,3,capital,Империя,battleship,industrial,industrial_battleship,raw_resources,3,1.40,36790.00,0.00,36790.00,0.037
craft_capital_industrial_battleship_r03,capital_industrial_battleship_r03,Прибой,3,capital,Империя,battleship,industrial,industrial_battleship,raw_resources,4,1.20,31570.00,0.00,31570.00,0.032
craft_capital_industrial_battleship_r03,capital_industrial_battleship_r03,Прибой,3,capital,Империя,battleship,industrial,industrial_battleship,raw_resources,5,1.00,26200.00,0.00,26200.00,0.026
craft_capital_industrial_battleship_r04,capital_industrial_battleship_r04,Караван,4,capital,Империя,battleship,industrial,industrial_battleship,prepared_materials,0,2.00,255468.00,0.00,255468.00,0.255
craft_capital_industrial_battleship_r04,capital_industrial_battleship_r04,Караван,4,capital,Империя,battleship,industrial,industrial_battleship,prepared_materials,1,1.80,218690.00,0.00,218690.00,0.219
craft_capital_industrial_battleship_r04,capital_industrial_battleship_r04,Караван,4,capital,Империя,battleship,industrial,industrial_battleship,prepared_materials,2,1.60,176215.00,0.00,176215.00,0.176
craft_capital_industrial_battleship_r04,capital_industrial_battleship_r04,Караван,4,capital,Империя,battleship,industrial,industrial_battleship,prepared_materials,3,1.40,136852.00,0.00,136852.00,0.137
craft_capital_industrial_battleship_r04,capital_industrial_battleship_r04,Караван,4,capital,Империя,battleship,industrial,industrial_battleship,prepared_materials,4,1.20,103682.00,0.00,103682.00,0.104
craft_capital_industrial_battleship_r04,capital_industrial_battleship_r04,Караван,4,capital,Империя,battleship,industrial,industrial_battleship,prepared_materials,5,1.00,68047.00,0.00,68047.00,0.068
craft_capital_industrial_battleship_r05,capital_industrial_battleship_r05,Оплот,5,capital,Империя,battleship,industrial,industrial_battleship,prepared_materials,0,2.00,646184.00,0.00,646184.00,0.646
craft_capital_industrial_battleship_r05,capital_industrial_battleship_r05,Оплот,5,capital,Империя,battleship,industrial,industrial_battleship,prepared_materials,1,1.80,551713.00,0.00,551713.00,0.552
craft_capital_industrial_battleship_r05,capital_industrial_battleship_r05,Оплот,5,capital,Империя,battleship,industrial,industrial_battleship,prepared_materials,2,1.60,442278.00,0.00,442278.00,0.442
craft_capital_industrial_battleship_r05,capital_industrial_battleship_r05,Оплот,5,capital,Империя,battleship,industrial,industrial_battleship,prepared_materials,3,1.40,341046.00,0.00,341046.00,0.341
craft_capital_industrial_battleship_r05,capital_industrial_battleship_r05,Оплот,5,capital,Империя,battleship,industrial,industrial_battleship,prepared_materials,4,1.20,256244.00,0.00,256244.00,0.256
craft_capital_industrial_battleship_r05,capital_industrial_battleship_r05,Оплот,5,capital,Империя,battleship,industrial,industrial_battleship,prepared_materials,5,1.00,165186.00,0.00,165186.00,0.165
craft_capital_industrial_battleship_r06,capital_industrial_battleship_r06,Гранит,6,capital,Империя,battleship,industrial,industrial_battleship,hull_and_machine_parts,0,2.00,2710292.00,0.00,2710292.00,2.710
craft_capital_industrial_battleship_r06,capital_industrial_battleship_r06,Гранит,6,capital,Империя,battleship,industrial,industrial_battleship,hull_and_machine_parts,1,1.80,2261179.00,0.00,2261179.00,2.261
craft_capital_industrial_battleship_r06,capital_industrial_battleship_r06,Гранит,6,capital,Империя,battleship,industrial,industrial_battleship,hull_and_machine_parts,2,1.60,1645367.00,0.00,1645367.00,1.645
craft_capital_industrial_battleship_r06,capital_industrial_battleship_r06,Гранит,6,capital,Империя,battleship,industrial,industrial_battleship,hull_and_machine_parts,3,1.40,1159643.00,0.00,1159643.00,1.160
craft_capital_industrial_battleship_r06,capital_industrial_battleship_r06,Гранит,6,capital,Империя,battleship,industrial,industrial_battleship,hull_and_machine_parts,4,1.20,774680.00,0.00,774680.00,0.775
craft_capital_industrial_battleship_r06,capital_industrial_battleship_r06,Гранит,6,capital,Империя,battleship,industrial,industrial_battleship,hull_and_machine_parts,5,1.00,415943.00,0.00,415943.00,0.416
craft_capital_industrial_battleship_r07,capital_industrial_battleship_r07,Атлас,7,capital,Империя,battleship,industrial,industrial_battleship,hull_and_machine_parts,0,2.00,7098928.00,0.00,7098928.00,7.099
craft_capital_industrial_battleship_r07,capital_industrial_battleship_r07,Атлас,7,capital,Империя,battleship,industrial,industrial_battleship,hull_and_machine_parts,1,1.80,5891385.00,0.00,5891385.00,5.891
craft_capital_industrial_battleship_r07,capital_industrial_battleship_r07,Атлас,7,capital,Империя,battleship,industrial,industrial_battleship,hull_and_machine_parts,2,1.60,4246112.00,0.00,4246112.00,4.246
craft_capital_industrial_battleship_r07,capital_industrial_battleship_r07,Атлас,7,capital,Империя,battleship,industrial,industrial_battleship,hull_and_machine_parts,3,1.40,3003658.00,0.00,3003658.00,3.004
craft_capital_industrial_battleship_r07,capital_industrial_battleship_r07,Атлас,7,capital,Империя,battleship,industrial,industrial_battleship,hull_and_machine_parts,4,1.20,1975582.00,0.00,1975582.00,1.976
craft_capital_industrial_battleship_r07,capital_industrial_battleship_r07,Атлас,7,capital,Империя,battleship,industrial,industrial_battleship,hull_and_machine_parts,5,1.00,1082016.00,0.00,1082016.00,1.082
craft_capital_industrial_battleship_r08,capital_industrial_battleship_r08,Верфь,8,capital,Империя,battleship,industrial,industrial_battleship,ship_blocks,0,2.00,25866824.00,0.00,25866824.00,25.867
craft_capital_industrial_battleship_r08,capital_industrial_battleship_r08,Верфь,8,capital,Империя,battleship,industrial,industrial_battleship,ship_blocks,1,1.80,22537263.00,0.00,22537263.00,22.537
craft_capital_industrial_battleship_r08,capital_industrial_battleship_r08,Верфь,8,capital,Империя,battleship,industrial,industrial_battleship,ship_blocks,2,1.60,16032472.00,0.00,16032472.00,16.032
craft_capital_industrial_battleship_r08,capital_industrial_battleship_r08,Верфь,8,capital,Империя,battleship,industrial,industrial_battleship,ship_blocks,3,1.40,10441286.00,0.00,10441286.00,10.441
craft_capital_industrial_battleship_r08,capital_industrial_battleship_r08,Верфь,8,capital,Империя,battleship,industrial,industrial_battleship,ship_blocks,4,1.20,6823248.00,0.00,6823248.00,6.823
craft_capital_industrial_battleship_r08,capital_industrial_battleship_r08,Верфь,8,capital,Империя,battleship,industrial,industrial_battleship,ship_blocks,5,1.00,2949260.00,0.00,2949260.00,2.949
craft_capital_industrial_battleship_r09,capital_industrial_battleship_r09,Магнат,9,capital,Империя,battleship,industrial,industrial_battleship,ship_blocks,0,2.00,63056984.00,0.00,63056984.00,63.057
craft_capital_industrial_battleship_r09,capital_industrial_battleship_r09,Магнат,9,capital,Империя,battleship,industrial,industrial_battleship,ship_blocks,1,1.80,52950975.00,0.00,52950975.00,52.951
craft_capital_industrial_battleship_r09,capital_industrial_battleship_r09,Магнат,9,capital,Империя,battleship,industrial,industrial_battleship,ship_blocks,2,1.60,36285953.00,0.00,36285953.00,36.286
craft_capital_industrial_battleship_r09,capital_industrial_battleship_r09,Магнат,9,capital,Империя,battleship,industrial,industrial_battleship,ship_blocks,3,1.40,24230976.00,0.00,24230976.00,24.231
craft_capital_industrial_battleship_r09,capital_industrial_battleship_r09,Магнат,9,capital,Империя,battleship,industrial,industrial_battleship,ship_blocks,4,1.20,15054680.00,0.00,15054680.00,15.055
craft_capital_industrial_battleship_r09,capital_industrial_battleship_r09,Магнат,9,capital,Империя,battleship,industrial,industrial_battleship,ship_blocks,5,1.00,7113294.00,0.00,7113294.00,7.113
craft_capital_industrial_battleship_r10,capital_industrial_battleship_r10,Доминион,10,capital,Империя,battleship,industrial,industrial_battleship,faction_flagship_license,0,2.00,148628000.00,5600000.00,154228000.00,154.228
craft_capital_industrial_battleship_r10,capital_industrial_battleship_r10,Доминион,10,capital,Империя,battleship,industrial,industrial_battleship,faction_flagship_license,1,1.80,122865419.00,5600000.00,128465419.00,128.465
craft_capital_industrial_battleship_r10,capital_industrial_battleship_r10,Доминион,10,capital,Империя,battleship,industrial,industrial_battleship,faction_flagship_license,2,1.60,84816160.00,5600000.00,90416160.00,90.416
craft_capital_industrial_battleship_r10,capital_industrial_battleship_r10,Доминион,10,capital,Империя,battleship,industrial,industrial_battleship,faction_flagship_license,3,1.40,56469028.00,5600000.00,62069028.00,62.069
craft_capital_industrial_battleship_r10,capital_industrial_battleship_r10,Доминион,10,capital,Империя,battleship,industrial,industrial_battleship,faction_flagship_license,4,1.20,35448004.00,5600000.00,41048004.00,41.048
craft_capital_industrial_battleship_r10,capital_industrial_battleship_r10,Доминион,10,capital,Империя,battleship,industrial,industrial_battleship,faction_flagship_license,5,1.00,17587481.00,5600000.00,23187481.00,23.187
craft_wind_houses_combat_frigate_r02,wind_houses_combat_frigate_r02,Шквал,2,wind_houses,Ветровые Дома,frigate,combat,combat_frigate,raw_resources,0,2.00,10220.00,0.00,10220.00,0.010
craft_wind_houses_combat_frigate_r02,wind_houses_combat_frigate_r02,Шквал,2,wind_houses,Ветровые Дома,frigate,combat,combat_frigate,raw_resources,1,1.80,9350.00,0.00,9350.00,0.009
craft_wind_houses_combat_frigate_r02,wind_houses_combat_frigate_r02,Шквал,2,wind_houses,Ветровые Дома,frigate,combat,combat_frigate,raw_resources,2,1.60,8340.00,0.00,8340.00,0.008
craft_wind_houses_combat_frigate_r02,wind_houses_combat_frigate_r02,Шквал,2,wind_houses,Ветровые Дома,frigate,combat,combat_frigate,raw_resources,3,1.40,7260.00,0.00,7260.00,0.007
craft_wind_houses_combat_frigate_r02,wind_houses_combat_frigate_r02,Шквал,2,wind_houses,Ветровые Дома,frigate,combat,combat_frigate,raw_resources,4,1.20,6250.00,0.00,6250.00,0.006
craft_wind_houses_combat_frigate_r02,wind_houses_combat_frigate_r02,Шквал,2,wind_houses,Ветровые Дома,frigate,combat,combat_frigate,raw_resources,5,1.00,5110.00,0.00,5110.00,0.005
craft_wind_houses_combat_frigate_r03,wind_houses_combat_frigate_r03,Вихрь,3,wind_houses,Ветровые Дома,frigate,combat,combat_frigate,raw_resources,0,2.00,27180.00,0.00,27180.00,0.027
craft_wind_houses_combat_frigate_r03,wind_houses_combat_frigate_r03,Вихрь,3,wind_houses,Ветровые Дома,frigate,combat,combat_frigate,raw_resources,1,1.80,24560.00,0.00,24560.00,0.025
craft_wind_houses_combat_frigate_r03,wind_houses_combat_frigate_r03,Вихрь,3,wind_houses,Ветровые Дома,frigate,combat,combat_frigate,raw_resources,2,1.60,21870.00,0.00,21870.00,0.022
craft_wind_houses_combat_frigate_r03,wind_houses_combat_frigate_r03,Вихрь,3,wind_houses,Ветровые Дома,frigate,combat,combat_frigate,raw_resources,3,1.40,19180.00,0.00,19180.00,0.019
craft_wind_houses_combat_frigate_r03,wind_houses_combat_frigate_r03,Вихрь,3,wind_houses,Ветровые Дома,frigate,combat,combat_frigate,raw_resources,4,1.20,16490.00,0.00,16490.00,0.016
craft_wind_houses_combat_frigate_r03,wind_houses_combat_frigate_r03,Вихрь,3,wind_houses,Ветровые Дома,frigate,combat,combat_frigate,raw_resources,5,1.00,13590.00,0.00,13590.00,0.014
craft_wind_houses_combat_frigate_r04,wind_houses_combat_frigate_r04,Рывок,4,wind_houses,Ветровые Дома,frigate,combat,combat_frigate,prepared_materials,0,2.00,125300.00,0.00,125300.00,0.125
craft_wind_houses_combat_frigate_r04,wind_houses_combat_frigate_r04,Рывок,4,wind_houses,Ветровые Дома,frigate,combat,combat_frigate,prepared_materials,1,1.80,108454.00,0.00,108454.00,0.108
craft_wind_houses_combat_frigate_r04,wind_houses_combat_frigate_r04,Рывок,4,wind_houses,Ветровые Дома,frigate,combat,combat_frigate,prepared_materials,2,1.60,85283.00,0.00,85283.00,0.085
craft_wind_houses_combat_frigate_r04,wind_houses_combat_frigate_r04,Рывок,4,wind_houses,Ветровые Дома,frigate,combat,combat_frigate,prepared_materials,3,1.40,67288.00,0.00,67288.00,0.067
craft_wind_houses_combat_frigate_r04,wind_houses_combat_frigate_r04,Рывок,4,wind_houses,Ветровые Дома,frigate,combat,combat_frigate,prepared_materials,4,1.20,49336.00,0.00,49336.00,0.049
craft_wind_houses_combat_frigate_r04,wind_houses_combat_frigate_r04,Рывок,4,wind_houses,Ветровые Дома,frigate,combat,combat_frigate,prepared_materials,5,1.00,31945.00,0.00,31945.00,0.032
craft_wind_houses_combat_frigate_r05,wind_houses_combat_frigate_r05,Порыв,5,wind_houses,Ветровые Дома,frigate,combat,combat_frigate,prepared_materials,0,2.00,315980.00,0.00,315980.00,0.316
craft_wind_houses_combat_frigate_r05,wind_houses_combat_frigate_r05,Порыв,5,wind_houses,Ветровые Дома,frigate,combat,combat_frigate,prepared_materials,1,1.80,272187.00,0.00,272187.00,0.272
craft_wind_houses_combat_frigate_r05,wind_houses_combat_frigate_r05,Порыв,5,wind_houses,Ветровые Дома,frigate,combat,combat_frigate,prepared_materials,2,1.60,213100.00,0.00,213100.00,0.213
craft_wind_houses_combat_frigate_r05,wind_houses_combat_frigate_r05,Порыв,5,wind_houses,Ветровые Дома,frigate,combat,combat_frigate,prepared_materials,3,1.40,168323.00,0.00,168323.00,0.168
craft_wind_houses_combat_frigate_r05,wind_houses_combat_frigate_r05,Порыв,5,wind_houses,Ветровые Дома,frigate,combat,combat_frigate,prepared_materials,4,1.20,122644.00,0.00,122644.00,0.123
craft_wind_houses_combat_frigate_r05,wind_houses_combat_frigate_r05,Порыв,5,wind_houses,Ветровые Дома,frigate,combat,combat_frigate,prepared_materials,5,1.00,78995.00,0.00,78995.00,0.079
craft_wind_houses_combat_frigate_r06,wind_houses_combat_frigate_r06,Буран,6,wind_houses,Ветровые Дома,frigate,combat,combat_frigate,hull_and_machine_parts,0,2.00,1356584.00,0.00,1356584.00,1.357
craft_wind_houses_combat_frigate_r06,wind_houses_combat_frigate_r06,Буран,6,wind_houses,Ветровые Дома,frigate,combat,combat_frigate,hull_and_machine_parts,1,1.80,1170333.00,0.00,1170333.00,1.170
craft_wind_houses_combat_frigate_r06,wind_houses_combat_frigate_r06,Буран,6,wind_houses,Ветровые Дома,frigate,combat,combat_frigate,hull_and_machine_parts,2,1.60,846983.00,0.00,846983.00,0.847
craft_wind_houses_combat_frigate_r06,wind_houses_combat_frigate_r06,Буран,6,wind_houses,Ветровые Дома,frigate,combat,combat_frigate,hull_and_machine_parts,3,1.40,619523.00,0.00,619523.00,0.620
craft_wind_houses_combat_frigate_r06,wind_houses_combat_frigate_r06,Буран,6,wind_houses,Ветровые Дома,frigate,combat,combat_frigate,hull_and_machine_parts,4,1.20,411790.00,0.00,411790.00,0.412
craft_wind_houses_combat_frigate_r06,wind_houses_combat_frigate_r06,Буран,6,wind_houses,Ветровые Дома,frigate,combat,combat_frigate,hull_and_machine_parts,5,1.00,221095.00,0.00,221095.00,0.221
craft_wind_houses_combat_frigate_r07,wind_houses_combat_frigate_r07,Тайфун,7,wind_houses,Ветровые Дома,frigate,combat,combat_frigate,hull_and_machine_parts,0,2.00,3140416.00,0.00,3140416.00,3.140
craft_wind_houses_combat_frigate_r07,wind_houses_combat_frigate_r07,Тайфун,7,wind_houses,Ветровые Дома,frigate,combat,combat_frigate,hull_and_machine_parts,1,1.80,2607404.00,0.00,2607404.00,2.607
craft_wind_houses_combat_frigate_r07,wind_houses_combat_frigate_r07,Тайфун,7,wind_houses,Ветровые Дома,frigate,combat,combat_frigate,hull_and_machine_parts,2,1.60,1901721.00,0.00,1901721.00,1.902
craft_wind_houses_combat_frigate_r07,wind_houses_combat_frigate_r07,Тайфун,7,wind_houses,Ветровые Дома,frigate,combat,combat_frigate,hull_and_machine_parts,3,1.40,1377694.00,0.00,1377694.00,1.378
craft_wind_houses_combat_frigate_r07,wind_houses_combat_frigate_r07,Тайфун,7,wind_houses,Ветровые Дома,frigate,combat,combat_frigate,hull_and_machine_parts,4,1.20,927428.00,0.00,927428.00,0.927
craft_wind_houses_combat_frigate_r07,wind_houses_combat_frigate_r07,Тайфун,7,wind_houses,Ветровые Дома,frigate,combat,combat_frigate,hull_and_machine_parts,5,1.00,503117.00,0.00,503117.00,0.503
craft_wind_houses_combat_frigate_r08,wind_houses_combat_frigate_r08,Стрела,8,wind_houses,Ветровые Дома,frigate,combat,combat_frigate,ship_blocks,0,2.00,11270656.00,0.00,11270656.00,11.271
craft_wind_houses_combat_frigate_r08,wind_houses_combat_frigate_r08,Стрела,8,wind_houses,Ветровые Дома,frigate,combat,combat_frigate,ship_blocks,1,1.80,10104348.00,0.00,10104348.00,10.104
craft_wind_houses_combat_frigate_r08,wind_houses_combat_frigate_r08,Стрела,8,wind_houses,Ветровые Дома,frigate,combat,combat_frigate,ship_blocks,2,1.60,7716042.00,0.00,7716042.00,7.716
craft_wind_houses_combat_frigate_r08,wind_houses_combat_frigate_r08,Стрела,8,wind_houses,Ветровые Дома,frigate,combat,combat_frigate,ship_blocks,3,1.40,4881959.00,0.00,4881959.00,4.882
craft_wind_houses_combat_frigate_r08,wind_houses_combat_frigate_r08,Стрела,8,wind_houses,Ветровые Дома,frigate,combat,combat_frigate,ship_blocks,4,1.20,3476194.00,0.00,3476194.00,3.476
craft_wind_houses_combat_frigate_r08,wind_houses_combat_frigate_r08,Стрела,8,wind_houses,Ветровые Дома,frigate,combat,combat_frigate,ship_blocks,5,1.00,1344853.00,0.00,1344853.00,1.345
craft_wind_houses_combat_frigate_r09,wind_houses_combat_frigate_r09,Молния,9,wind_houses,Ветровые Дома,frigate,combat,combat_frigate,ship_blocks,0,2.00,26902984.00,0.00,26902984.00,26.903
craft_wind_houses_combat_frigate_r09,wind_houses_combat_frigate_r09,Молния,9,wind_houses,Ветровые Дома,frigate,combat,combat_frigate,ship_blocks,1,1.80,23649764.00,0.00,23649764.00,23.650
craft_wind_houses_combat_frigate_r09,wind_houses_combat_frigate_r09,Молния,9,wind_houses,Ветровые Дома,frigate,combat,combat_frigate,ship_blocks,2,1.60,15936724.00,0.00,15936724.00,15.937
craft_wind_houses_combat_frigate_r09,wind_houses_combat_frigate_r09,Молния,9,wind_houses,Ветровые Дома,frigate,combat,combat_frigate,ship_blocks,3,1.40,10940769.00,0.00,10940769.00,10.941
craft_wind_houses_combat_frigate_r09,wind_houses_combat_frigate_r09,Молния,9,wind_houses,Ветровые Дома,frigate,combat,combat_frigate,ship_blocks,4,1.20,6654504.00,0.00,6654504.00,6.655
craft_wind_houses_combat_frigate_r09,wind_houses_combat_frigate_r09,Молния,9,wind_houses,Ветровые Дома,frigate,combat,combat_frigate,ship_blocks,5,1.00,3185163.00,0.00,3185163.00,3.185
craft_wind_houses_combat_frigate_r10,wind_houses_combat_frigate_r10,Шторм,10,wind_houses,Ветровые Дома,frigate,combat,combat_frigate,faction_flagship_license,0,2.00,69383512.00,5600000.00,74983512.00,74.984
craft_wind_houses_combat_frigate_r10,wind_houses_combat_frigate_r10,Шторм,10,wind_houses,Ветровые Дома,frigate,combat,combat_frigate,faction_flagship_license,1,1.80,57872863.00,5600000.00,63472863.00,63.473
craft_wind_houses_combat_frigate_r10,wind_houses_combat_frigate_r10,Шторм,10,wind_houses,Ветровые Дома,frigate,combat,combat_frigate,faction_flagship_license,2,1.60,40539069.00,5600000.00,46139069.00,46.139
craft_wind_houses_combat_frigate_r10,wind_houses_combat_frigate_r10,Шторм,10,wind_houses,Ветровые Дома,frigate,combat,combat_frigate,faction_flagship_license,3,1.40,27106114.00,5600000.00,32706114.00,32.706
craft_wind_houses_combat_frigate_r10,wind_houses_combat_frigate_r10,Шторм,10,wind_houses,Ветровые Дома,frigate,combat,combat_frigate,faction_flagship_license,4,1.20,17347946.00,5600000.00,22947946.00,22.948
craft_wind_houses_combat_frigate_r10,wind_houses_combat_frigate_r10,Шторм,10,wind_houses,Ветровые Дома,frigate,combat,combat_frigate,faction_flagship_license,5,1.00,8555927.00,5600000.00,14155927.00,14.156
craft_wind_houses_cargo_frigate_r02,wind_houses_cargo_frigate_r02,Узел,2,wind_houses,Ветровые Дома,frigate,cargo,cargo_frigate,raw_resources,0,2.00,9780.00,0.00,9780.00,0.010
craft_wind_houses_cargo_frigate_r02,wind_houses_cargo_frigate_r02,Узел,2,wind_houses,Ветровые Дома,frigate,cargo,cargo_frigate,raw_resources,1,1.80,8960.00,0.00,8960.00,0.009
craft_wind_houses_cargo_frigate_r02,wind_houses_cargo_frigate_r02,Узел,2,wind_houses,Ветровые Дома,frigate,cargo,cargo_frigate,raw_resources,2,1.60,7970.00,0.00,7970.00,0.008
craft_wind_houses_cargo_frigate_r02,wind_houses_cargo_frigate_r02,Узел,2,wind_houses,Ветровые Дома,frigate,cargo,cargo_frigate,raw_resources,3,1.40,6970.00,0.00,6970.00,0.007
craft_wind_houses_cargo_frigate_r02,wind_houses_cargo_frigate_r02,Узел,2,wind_houses,Ветровые Дома,frigate,cargo,cargo_frigate,raw_resources,4,1.20,5980.00,0.00,5980.00,0.006
craft_wind_houses_cargo_frigate_r02,wind_houses_cargo_frigate_r02,Узел,2,wind_houses,Ветровые Дома,frigate,cargo,cargo_frigate,raw_resources,5,1.00,4890.00,0.00,4890.00,0.005
craft_wind_houses_cargo_frigate_r03,wind_houses_cargo_frigate_r03,Сумка,3,wind_houses,Ветровые Дома,frigate,cargo,cargo_frigate,raw_resources,0,2.00,24040.00,0.00,24040.00,0.024
craft_wind_houses_cargo_frigate_r03,wind_houses_cargo_frigate_r03,Сумка,3,wind_houses,Ветровые Дома,frigate,cargo,cargo_frigate,raw_resources,1,1.80,21830.00,0.00,21830.00,0.022
craft_wind_houses_cargo_frigate_r03,wind_houses_cargo_frigate_r03,Сумка,3,wind_houses,Ветровые Дома,frigate,cargo,cargo_frigate,raw_resources,2,1.60,19380.00,0.00,19380.00,0.019
craft_wind_houses_cargo_frigate_r03,wind_houses_cargo_frigate_r03,Сумка,3,wind_houses,Ветровые Дома,frigate,cargo,cargo_frigate,raw_resources,3,1.40,16960.00,0.00,16960.00,0.017
craft_wind_houses_cargo_frigate_r03,wind_houses_cargo_frigate_r03,Сумка,3,wind_houses,Ветровые Дома,frigate,cargo,cargo_frigate,raw_resources,4,1.20,14510.00,0.00,14510.00,0.015
craft_wind_houses_cargo_frigate_r03,wind_houses_cargo_frigate_r03,Сумка,3,wind_houses,Ветровые Дома,frigate,cargo,cargo_frigate,raw_resources,5,1.00,12020.00,0.00,12020.00,0.012
craft_wind_houses_cargo_frigate_r04,wind_houses_cargo_frigate_r04,Курьер,4,wind_houses,Ветровые Дома,frigate,cargo,cargo_frigate,prepared_materials,0,2.00,119120.00,0.00,119120.00,0.119
craft_wind_houses_cargo_frigate_r04,wind_houses_cargo_frigate_r04,Курьер,4,wind_houses,Ветровые Дома,frigate,cargo,cargo_frigate,prepared_materials,1,1.80,103486.00,0.00,103486.00,0.103
craft_wind_houses_cargo_frigate_r04,wind_houses_cargo_frigate_r04,Курьер,4,wind_houses,Ветровые Дома,frigate,cargo,cargo_frigate,prepared_materials,2,1.60,81862.00,0.00,81862.00,0.082
craft_wind_houses_cargo_frigate_r04,wind_houses_cargo_frigate_r04,Курьер,4,wind_houses,Ветровые Дома,frigate,cargo,cargo_frigate,prepared_materials,3,1.40,63850.00,0.00,63850.00,0.064
craft_wind_houses_cargo_frigate_r04,wind_houses_cargo_frigate_r04,Курьер,4,wind_houses,Ветровые Дома,frigate,cargo,cargo_frigate,prepared_materials,4,1.20,47140.00,0.00,47140.00,0.047
craft_wind_houses_cargo_frigate_r04,wind_houses_cargo_frigate_r04,Курьер,4,wind_houses,Ветровые Дома,frigate,cargo,cargo_frigate,prepared_materials,5,1.00,29780.00,0.00,29780.00,0.030
craft_wind_houses_cargo_frigate_r05,wind_houses_cargo_frigate_r05,Подхват,5,wind_houses,Ветровые Дома,frigate,cargo,cargo_frigate,prepared_materials,0,2.00,314212.00,0.00,314212.00,0.314
craft_wind_houses_cargo_frigate_r05,wind_houses_cargo_frigate_r05,Подхват,5,wind_houses,Ветровые Дома,frigate,cargo,cargo_frigate,prepared_materials,1,1.80,270779.00,0.00,270779.00,0.271
craft_wind_houses_cargo_frigate_r05,wind_houses_cargo_frigate_r05,Подхват,5,wind_houses,Ветровые Дома,frigate,cargo,cargo_frigate,prepared_materials,2,1.60,214140.00,0.00,214140.00,0.214
craft_wind_houses_cargo_frigate_r05,wind_houses_cargo_frigate_r05,Подхват,5,wind_houses,Ветровые Дома,frigate,cargo,cargo_frigate,prepared_materials,3,1.40,166443.00,0.00,166443.00,0.166
craft_wind_houses_cargo_frigate_r05,wind_houses_cargo_frigate_r05,Подхват,5,wind_houses,Ветровые Дома,frigate,cargo,cargo_frigate,prepared_materials,4,1.20,122746.00,0.00,122746.00,0.123
craft_wind_houses_cargo_frigate_r05,wind_houses_cargo_frigate_r05,Подхват,5,wind_houses,Ветровые Дома,frigate,cargo,cargo_frigate,prepared_materials,5,1.00,78553.00,0.00,78553.00,0.079
craft_wind_houses_cargo_frigate_r06,wind_houses_cargo_frigate_r06,Почтарь,6,wind_houses,Ветровые Дома,frigate,cargo,cargo_frigate,hull_and_machine_parts,0,2.00,1309372.00,0.00,1309372.00,1.309
craft_wind_houses_cargo_frigate_r06,wind_houses_cargo_frigate_r06,Почтарь,6,wind_houses,Ветровые Дома,frigate,cargo,cargo_frigate,hull_and_machine_parts,1,1.80,1130743.00,0.00,1130743.00,1.131
craft_wind_houses_cargo_frigate_r06,wind_houses_cargo_frigate_r06,Почтарь,6,wind_houses,Ветровые Дома,frigate,cargo,cargo_frigate,hull_and_machine_parts,2,1.60,833707.00,0.00,833707.00,0.834
craft_wind_houses_cargo_frigate_r06,wind_houses_cargo_frigate_r06,Почтарь,6,wind_houses,Ветровые Дома,frigate,cargo,cargo_frigate,hull_and_machine_parts,3,1.40,588038.00,0.00,588038.00,0.588
craft_wind_houses_cargo_frigate_r06,wind_houses_cargo_frigate_r06,Почтарь,6,wind_houses,Ветровые Дома,frigate,cargo,cargo_frigate,hull_and_machine_parts,4,1.20,400220.00,0.00,400220.00,0.400
craft_wind_houses_cargo_frigate_r06,wind_houses_cargo_frigate_r06,Почтарь,6,wind_houses,Ветровые Дома,frigate,cargo,cargo_frigate,hull_and_machine_parts,5,1.00,211110.00,0.00,211110.00,0.211
craft_wind_houses_cargo_frigate_r07,wind_houses_cargo_frigate_r07,Стропа,7,wind_houses,Ветровые Дома,frigate,cargo,cargo_frigate,hull_and_machine_parts,0,2.00,2974968.00,0.00,2974968.00,2.975
craft_wind_houses_cargo_frigate_r07,wind_houses_cargo_frigate_r07,Стропа,7,wind_houses,Ветровые Дома,frigate,cargo,cargo_frigate,hull_and_machine_parts,1,1.80,2497954.00,0.00,2497954.00,2.498
craft_wind_houses_cargo_frigate_r07,wind_houses_cargo_frigate_r07,Стропа,7,wind_houses,Ветровые Дома,frigate,cargo,cargo_frigate,hull_and_machine_parts,2,1.60,1820427.00,0.00,1820427.00,1.820
craft_wind_houses_cargo_frigate_r07,wind_houses_cargo_frigate_r07,Стропа,7,wind_houses,Ветровые Дома,frigate,cargo,cargo_frigate,hull_and_machine_parts,3,1.40,1297714.00,0.00,1297714.00,1.298
craft_wind_houses_cargo_frigate_r07,wind_houses_cargo_frigate_r07,Стропа,7,wind_houses,Ветровые Дома,frigate,cargo,cargo_frigate,hull_and_machine_parts,4,1.20,868026.00,0.00,868026.00,0.868
craft_wind_houses_cargo_frigate_r07,wind_houses_cargo_frigate_r07,Стропа,7,wind_houses,Ветровые Дома,frigate,cargo,cargo_frigate,hull_and_machine_parts,5,1.00,477701.00,0.00,477701.00,0.478
craft_wind_houses_cargo_frigate_r08,wind_houses_cargo_frigate_r08,Карабин,8,wind_houses,Ветровые Дома,frigate,cargo,cargo_frigate,ship_blocks,0,2.00,11157672.00,0.00,11157672.00,11.158
craft_wind_houses_cargo_frigate_r08,wind_houses_cargo_frigate_r08,Карабин,8,wind_houses,Ветровые Дома,frigate,cargo,cargo_frigate,ship_blocks,1,1.80,9970167.00,0.00,9970167.00,9.970
craft_wind_houses_cargo_frigate_r08,wind_houses_cargo_frigate_r08,Карабин,8,wind_houses,Ветровые Дома,frigate,cargo,cargo_frigate,ship_blocks,2,1.60,7499070.00,0.00,7499070.00,7.499
craft_wind_houses_cargo_frigate_r08,wind_houses_cargo_frigate_r08,Карабин,8,wind_houses,Ветровые Дома,frigate,cargo,cargo_frigate,ship_blocks,3,1.40,5030058.00,0.00,5030058.00,5.030
craft_wind_houses_cargo_frigate_r08,wind_houses_cargo_frigate_r08,Карабин,8,wind_houses,Ветровые Дома,frigate,cargo,cargo_frigate,ship_blocks,4,1.20,3513646.00,0.00,3513646.00,3.514
craft_wind_houses_cargo_frigate_r08,wind_houses_cargo_frigate_r08,Карабин,8,wind_houses,Ветровые Дома,frigate,cargo,cargo_frigate,ship_blocks,5,1.00,1303693.00,0.00,1303693.00,1.304
craft_wind_houses_cargo_frigate_r09,wind_houses_cargo_frigate_r09,Экспресс,9,wind_houses,Ветровые Дома,frigate,cargo,cargo_frigate,ship_blocks,0,2.00,26820056.00,0.00,26820056.00,26.820
craft_wind_houses_cargo_frigate_r09,wind_houses_cargo_frigate_r09,Экспресс,9,wind_houses,Ветровые Дома,frigate,cargo,cargo_frigate,ship_blocks,1,1.80,23103685.00,0.00,23103685.00,23.104
craft_wind_houses_cargo_frigate_r09,wind_houses_cargo_frigate_r09,Экспресс,9,wind_houses,Ветровые Дома,frigate,cargo,cargo_frigate,ship_blocks,2,1.60,16112736.00,0.00,16112736.00,16.113
craft_wind_houses_cargo_frigate_r09,wind_houses_cargo_frigate_r09,Экспресс,9,wind_houses,Ветровые Дома,frigate,cargo,cargo_frigate,ship_blocks,3,1.40,11022425.00,0.00,11022425.00,11.022
craft_wind_houses_cargo_frigate_r09,wind_houses_cargo_frigate_r09,Экспресс,9,wind_houses,Ветровые Дома,frigate,cargo,cargo_frigate,ship_blocks,4,1.20,7040032.00,0.00,7040032.00,7.040
craft_wind_houses_cargo_frigate_r09,wind_houses_cargo_frigate_r09,Экспресс,9,wind_houses,Ветровые Дома,frigate,cargo,cargo_frigate,ship_blocks,5,1.00,3043640.00,0.00,3043640.00,3.044
craft_wind_houses_cargo_frigate_r10,wind_houses_cargo_frigate_r10,Вьюнок,10,wind_houses,Ветровые Дома,frigate,cargo,cargo_frigate,faction_flagship_license,0,2.00,63554220.00,5600000.00,69154220.00,69.154
craft_wind_houses_cargo_frigate_r10,wind_houses_cargo_frigate_r10,Вьюнок,10,wind_houses,Ветровые Дома,frigate,cargo,cargo_frigate,faction_flagship_license,1,1.80,53407982.00,5600000.00,59007982.00,59.008
craft_wind_houses_cargo_frigate_r10,wind_houses_cargo_frigate_r10,Вьюнок,10,wind_houses,Ветровые Дома,frigate,cargo,cargo_frigate,faction_flagship_license,2,1.60,36555435.00,5600000.00,42155435.00,42.155
craft_wind_houses_cargo_frigate_r10,wind_houses_cargo_frigate_r10,Вьюнок,10,wind_houses,Ветровые Дома,frigate,cargo,cargo_frigate,faction_flagship_license,3,1.40,25093703.00,5600000.00,30693703.00,30.694
craft_wind_houses_cargo_frigate_r10,wind_houses_cargo_frigate_r10,Вьюнок,10,wind_houses,Ветровые Дома,frigate,cargo,cargo_frigate,faction_flagship_license,4,1.20,15614402.00,5600000.00,21214402.00,21.214
craft_wind_houses_cargo_frigate_r10,wind_houses_cargo_frigate_r10,Вьюнок,10,wind_houses,Ветровые Дома,frigate,cargo,cargo_frigate,faction_flagship_license,5,1.00,7611119.00,5600000.00,13211119.00,13.211
craft_wind_houses_light_research_frigate_r02,wind_houses_light_research_frigate_r02,Блик,2,wind_houses,Ветровые Дома,frigate,light_research,light_research_frigate,raw_resources,0,2.00,9920.00,0.00,9920.00,0.010
craft_wind_houses_light_research_frigate_r02,wind_houses_light_research_frigate_r02,Блик,2,wind_houses,Ветровые Дома,frigate,light_research,light_research_frigate,raw_resources,1,1.80,9140.00,0.00,9140.00,0.009
craft_wind_houses_light_research_frigate_r02,wind_houses_light_research_frigate_r02,Блик,2,wind_houses,Ветровые Дома,frigate,light_research,light_research_frigate,raw_resources,2,1.60,8180.00,0.00,8180.00,0.008
craft_wind_houses_light_research_frigate_r02,wind_houses_light_research_frigate_r02,Блик,2,wind_houses,Ветровые Дома,frigate,light_research,light_research_frigate,raw_resources,3,1.40,7220.00,0.00,7220.00,0.007
craft_wind_houses_light_research_frigate_r02,wind_houses_light_research_frigate_r02,Блик,2,wind_houses,Ветровые Дома,frigate,light_research,light_research_frigate,raw_resources,4,1.20,6260.00,0.00,6260.00,0.006
craft_wind_houses_light_research_frigate_r02,wind_houses_light_research_frigate_r02,Блик,2,wind_houses,Ветровые Дома,frigate,light_research,light_research_frigate,raw_resources,5,1.00,4960.00,0.00,4960.00,0.005
craft_wind_houses_light_research_frigate_r03,wind_houses_light_research_frigate_r03,Линза,3,wind_houses,Ветровые Дома,frigate,light_research,light_research_frigate,raw_resources,0,2.00,26220.00,0.00,26220.00,0.026
craft_wind_houses_light_research_frigate_r03,wind_houses_light_research_frigate_r03,Линза,3,wind_houses,Ветровые Дома,frigate,light_research,light_research_frigate,raw_resources,1,1.80,23930.00,0.00,23930.00,0.024
craft_wind_houses_light_research_frigate_r03,wind_houses_light_research_frigate_r03,Линза,3,wind_houses,Ветровые Дома,frigate,light_research,light_research_frigate,raw_resources,2,1.60,21260.00,0.00,21260.00,0.021
craft_wind_houses_light_research_frigate_r03,wind_houses_light_research_frigate_r03,Линза,3,wind_houses,Ветровые Дома,frigate,light_research,light_research_frigate,raw_resources,3,1.40,18610.00,0.00,18610.00,0.019
craft_wind_houses_light_research_frigate_r03,wind_houses_light_research_frigate_r03,Линза,3,wind_houses,Ветровые Дома,frigate,light_research,light_research_frigate,raw_resources,4,1.20,15940.00,0.00,15940.00,0.016
craft_wind_houses_light_research_frigate_r03,wind_houses_light_research_frigate_r03,Линза,3,wind_houses,Ветровые Дома,frigate,light_research,light_research_frigate,raw_resources,5,1.00,13110.00,0.00,13110.00,0.013
craft_wind_houses_light_research_frigate_r04,wind_houses_light_research_frigate_r04,Эхо,4,wind_houses,Ветровые Дома,frigate,light_research,light_research_frigate,prepared_materials,0,2.00,127352.00,0.00,127352.00,0.127
craft_wind_houses_light_research_frigate_r04,wind_houses_light_research_frigate_r04,Эхо,4,wind_houses,Ветровые Дома,frigate,light_research,light_research_frigate,prepared_materials,1,1.80,110839.00,0.00,110839.00,0.111
craft_wind_houses_light_research_frigate_r04,wind_houses_light_research_frigate_r04,Эхо,4,wind_houses,Ветровые Дома,frigate,light_research,light_research_frigate,prepared_materials,2,1.60,88233.00,0.00,88233.00,0.088
craft_wind_houses_light_research_frigate_r04,wind_houses_light_research_frigate_r04,Эхо,4,wind_houses,Ветровые Дома,frigate,light_research,light_research_frigate,prepared_materials,3,1.40,68538.00,0.00,68538.00,0.069
craft_wind_houses_light_research_frigate_r04,wind_houses_light_research_frigate_r04,Эхо,4,wind_houses,Ветровые Дома,frigate,light_research,light_research_frigate,prepared_materials,4,1.20,51051.00,0.00,51051.00,0.051
craft_wind_houses_light_research_frigate_r04,wind_houses_light_research_frigate_r04,Эхо,4,wind_houses,Ветровые Дома,frigate,light_research,light_research_frigate,prepared_materials,5,1.00,31838.00,0.00,31838.00,0.032
craft_wind_houses_light_research_frigate_r05,wind_houses_light_research_frigate_r05,Искра,5,wind_houses,Ветровые Дома,frigate,light_research,light_research_frigate,prepared_materials,0,2.00,311776.00,0.00,311776.00,0.312
craft_wind_houses_light_research_frigate_r05,wind_houses_light_research_frigate_r05,Искра,5,wind_houses,Ветровые Дома,frigate,light_research,light_research_frigate,prepared_materials,1,1.80,270874.00,0.00,270874.00,0.271
craft_wind_houses_light_research_frigate_r05,wind_houses_light_research_frigate_r05,Искра,5,wind_houses,Ветровые Дома,frigate,light_research,light_research_frigate,prepared_materials,2,1.60,214657.00,0.00,214657.00,0.215
craft_wind_houses_light_research_frigate_r05,wind_houses_light_research_frigate_r05,Искра,5,wind_houses,Ветровые Дома,frigate,light_research,light_research_frigate,prepared_materials,3,1.40,166627.00,0.00,166627.00,0.167
craft_wind_houses_light_research_frigate_r05,wind_houses_light_research_frigate_r05,Искра,5,wind_houses,Ветровые Дома,frigate,light_research,light_research_frigate,prepared_materials,4,1.20,123239.00,0.00,123239.00,0.123
craft_wind_houses_light_research_frigate_r05,wind_houses_light_research_frigate_r05,Искра,5,wind_houses,Ветровые Дома,frigate,light_research,light_research_frigate,prepared_materials,5,1.00,77944.00,0.00,77944.00,0.078
craft_wind_houses_light_research_frigate_r06,wind_houses_light_research_frigate_r06,Нить,6,wind_houses,Ветровые Дома,frigate,light_research,light_research_frigate,hull_and_machine_parts,0,2.00,1201320.00,0.00,1201320.00,1.201
craft_wind_houses_light_research_frigate_r06,wind_houses_light_research_frigate_r06,Нить,6,wind_houses,Ветровые Дома,frigate,light_research,light_research_frigate,hull_and_machine_parts,1,1.80,1065237.00,0.00,1065237.00,1.065
craft_wind_houses_light_research_frigate_r06,wind_houses_light_research_frigate_r06,Нить,6,wind_houses,Ветровые Дома,frigate,light_research,light_research_frigate,hull_and_machine_parts,2,1.60,778369.00,0.00,778369.00,0.778
craft_wind_houses_light_research_frigate_r06,wind_houses_light_research_frigate_r06,Нить,6,wind_houses,Ветровые Дома,frigate,light_research,light_research_frigate,hull_and_machine_parts,3,1.40,586295.00,0.00,586295.00,0.586
craft_wind_houses_light_research_frigate_r06,wind_houses_light_research_frigate_r06,Нить,6,wind_houses,Ветровые Дома,frigate,light_research,light_research_frigate,hull_and_machine_parts,4,1.20,396262.00,0.00,396262.00,0.396
craft_wind_houses_light_research_frigate_r06,wind_houses_light_research_frigate_r06,Нить,6,wind_houses,Ветровые Дома,frigate,light_research,light_research_frigate,hull_and_machine_parts,5,1.00,208710.00,0.00,208710.00,0.209
craft_wind_houses_light_research_frigate_r07,wind_houses_light_research_frigate_r07,Сфера,7,wind_houses,Ветровые Дома,frigate,light_research,light_research_frigate,hull_and_machine_parts,0,2.00,2810856.00,0.00,2810856.00,2.811
craft_wind_houses_light_research_frigate_r07,wind_houses_light_research_frigate_r07,Сфера,7,wind_houses,Ветровые Дома,frigate,light_research,light_research_frigate,hull_and_machine_parts,1,1.80,2383517.00,0.00,2383517.00,2.384
craft_wind_houses_light_research_frigate_r07,wind_houses_light_research_frigate_r07,Сфера,7,wind_houses,Ветровые Дома,frigate,light_research,light_research_frigate,hull_and_machine_parts,2,1.60,1757112.00,0.00,1757112.00,1.757
craft_wind_houses_light_research_frigate_r07,wind_houses_light_research_frigate_r07,Сфера,7,wind_houses,Ветровые Дома,frigate,light_research,light_research_frigate,hull_and_machine_parts,3,1.40,1285752.00,0.00,1285752.00,1.286
craft_wind_houses_light_research_frigate_r07,wind_houses_light_research_frigate_r07,Сфера,7,wind_houses,Ветровые Дома,frigate,light_research,light_research_frigate,hull_and_machine_parts,4,1.20,875550.00,0.00,875550.00,0.876
craft_wind_houses_light_research_frigate_r07,wind_houses_light_research_frigate_r07,Сфера,7,wind_houses,Ветровые Дома,frigate,light_research,light_research_frigate,hull_and_machine_parts,5,1.00,488837.00,0.00,488837.00,0.489
craft_wind_houses_light_research_frigate_r08,wind_houses_light_research_frigate_r08,Купол,8,wind_houses,Ветровые Дома,frigate,light_research,light_research_frigate,ship_blocks,0,2.00,11360760.00,0.00,11360760.00,11.361
craft_wind_houses_light_research_frigate_r08,wind_houses_light_research_frigate_r08,Купол,8,wind_houses,Ветровые Дома,frigate,light_research,light_research_frigate,ship_blocks,1,1.80,10275758.00,0.00,10275758.00,10.276
craft_wind_houses_light_research_frigate_r08,wind_houses_light_research_frigate_r08,Купол,8,wind_houses,Ветровые Дома,frigate,light_research,light_research_frigate,ship_blocks,2,1.60,7803459.00,0.00,7803459.00,7.803
craft_wind_houses_light_research_frigate_r08,wind_houses_light_research_frigate_r08,Купол,8,wind_houses,Ветровые Дома,frigate,light_research,light_research_frigate,ship_blocks,3,1.40,5196272.00,0.00,5196272.00,5.196
craft_wind_houses_light_research_frigate_r08,wind_houses_light_research_frigate_r08,Купол,8,wind_houses,Ветровые Дома,frigate,light_research,light_research_frigate,ship_blocks,4,1.20,3674624.00,0.00,3674624.00,3.675
craft_wind_houses_light_research_frigate_r08,wind_houses_light_research_frigate_r08,Купол,8,wind_houses,Ветровые Дома,frigate,light_research,light_research_frigate,ship_blocks,5,1.00,1408170.00,0.00,1408170.00,1.408
craft_wind_houses_light_research_frigate_r09,wind_houses_light_research_frigate_r09,Призма,9,wind_houses,Ветровые Дома,frigate,light_research,light_research_frigate,ship_blocks,0,2.00,26510568.00,0.00,26510568.00,26.511
craft_wind_houses_light_research_frigate_r09,wind_houses_light_research_frigate_r09,Призма,9,wind_houses,Ветровые Дома,frigate,light_research,light_research_frigate,ship_blocks,1,1.80,22909640.00,0.00,22909640.00,22.910
craft_wind_houses_light_research_frigate_r09,wind_houses_light_research_frigate_r09,Призма,9,wind_houses,Ветровые Дома,frigate,light_research,light_research_frigate,ship_blocks,2,1.60,15910808.00,0.00,15910808.00,15.911
craft_wind_houses_light_research_frigate_r09,wind_houses_light_research_frigate_r09,Призма,9,wind_houses,Ветровые Дома,frigate,light_research,light_research_frigate,ship_blocks,3,1.40,11025479.00,0.00,11025479.00,11.025
craft_wind_houses_light_research_frigate_r09,wind_houses_light_research_frigate_r09,Призма,9,wind_houses,Ветровые Дома,frigate,light_research,light_research_frigate,ship_blocks,4,1.20,6996426.00,0.00,6996426.00,6.996
craft_wind_houses_light_research_frigate_r09,wind_houses_light_research_frigate_r09,Призма,9,wind_houses,Ветровые Дома,frigate,light_research,light_research_frigate,ship_blocks,5,1.00,3237689.00,0.00,3237689.00,3.238
craft_wind_houses_light_research_frigate_r10,wind_houses_light_research_frigate_r10,Зефир,10,wind_houses,Ветровые Дома,frigate,light_research,light_research_frigate,faction_flagship_license,0,2.00,60609988.00,5600000.00,66209988.00,66.210
craft_wind_houses_light_research_frigate_r10,wind_houses_light_research_frigate_r10,Зефир,10,wind_houses,Ветровые Дома,frigate,light_research,light_research_frigate,faction_flagship_license,1,1.80,51068067.00,5600000.00,56668067.00,56.668
craft_wind_houses_light_research_frigate_r10,wind_houses_light_research_frigate_r10,Зефир,10,wind_houses,Ветровые Дома,frigate,light_research,light_research_frigate,faction_flagship_license,2,1.60,36169104.00,5600000.00,41769104.00,41.769
craft_wind_houses_light_research_frigate_r10,wind_houses_light_research_frigate_r10,Зефир,10,wind_houses,Ветровые Дома,frigate,light_research,light_research_frigate,faction_flagship_license,3,1.40,24133431.00,5600000.00,29733431.00,29.733
craft_wind_houses_light_research_frigate_r10,wind_houses_light_research_frigate_r10,Зефир,10,wind_houses,Ветровые Дома,frigate,light_research,light_research_frigate,faction_flagship_license,4,1.20,15635542.00,5600000.00,21235542.00,21.236
craft_wind_houses_light_research_frigate_r10,wind_houses_light_research_frigate_r10,Зефир,10,wind_houses,Ветровые Дома,frigate,light_research,light_research_frigate,faction_flagship_license,5,1.00,7735721.00,5600000.00,13335721.00,13.336
craft_wind_houses_combat_cruiser_r02,wind_houses_combat_cruiser_r02,Налет,2,wind_houses,Ветровые Дома,cruiser,combat,combat_cruiser,raw_resources,0,2.00,14120.00,0.00,14120.00,0.014
craft_wind_houses_combat_cruiser_r02,wind_houses_combat_cruiser_r02,Налет,2,wind_houses,Ветровые Дома,cruiser,combat,combat_cruiser,raw_resources,1,1.80,12880.00,0.00,12880.00,0.013
craft_wind_houses_combat_cruiser_r02,wind_houses_combat_cruiser_r02,Налет,2,wind_houses,Ветровые Дома,cruiser,combat,combat_cruiser,raw_resources,2,1.60,11450.00,0.00,11450.00,0.011
craft_wind_houses_combat_cruiser_r02,wind_houses_combat_cruiser_r02,Налет,2,wind_houses,Ветровые Дома,cruiser,combat,combat_cruiser,raw_resources,3,1.40,10040.00,0.00,10040.00,0.010
craft_wind_houses_combat_cruiser_r02,wind_houses_combat_cruiser_r02,Налет,2,wind_houses,Ветровые Дома,cruiser,combat,combat_cruiser,raw_resources,4,1.20,8610.00,0.00,8610.00,0.009
craft_wind_houses_combat_cruiser_r02,wind_houses_combat_cruiser_r02,Налет,2,wind_houses,Ветровые Дома,cruiser,combat,combat_cruiser,raw_resources,5,1.00,7060.00,0.00,7060.00,0.007
craft_wind_houses_combat_cruiser_r03,wind_houses_combat_cruiser_r03,Буревей,3,wind_houses,Ветровые Дома,cruiser,combat,combat_cruiser,raw_resources,0,2.00,36160.00,0.00,36160.00,0.036
craft_wind_houses_combat_cruiser_r03,wind_houses_combat_cruiser_r03,Буревей,3,wind_houses,Ветровые Дома,cruiser,combat,combat_cruiser,raw_resources,1,1.80,32630.00,0.00,32630.00,0.033
craft_wind_houses_combat_cruiser_r03,wind_houses_combat_cruiser_r03,Буревей,3,wind_houses,Ветровые Дома,cruiser,combat,combat_cruiser,raw_resources,2,1.60,29080.00,0.00,29080.00,0.029
craft_wind_houses_combat_cruiser_r03,wind_houses_combat_cruiser_r03,Буревей,3,wind_houses,Ветровые Дома,cruiser,combat,combat_cruiser,raw_resources,3,1.40,25470.00,0.00,25470.00,0.025
craft_wind_houses_combat_cruiser_r03,wind_houses_combat_cruiser_r03,Буревей,3,wind_houses,Ветровые Дома,cruiser,combat,combat_cruiser,raw_resources,4,1.20,21920.00,0.00,21920.00,0.022
craft_wind_houses_combat_cruiser_r03,wind_houses_combat_cruiser_r03,Буревей,3,wind_houses,Ветровые Дома,cruiser,combat,combat_cruiser,raw_resources,5,1.00,18080.00,0.00,18080.00,0.018
craft_wind_houses_combat_cruiser_r04,wind_houses_combat_cruiser_r04,Раскат,4,wind_houses,Ветровые Дома,cruiser,combat,combat_cruiser,prepared_materials,0,2.00,182656.00,0.00,182656.00,0.183
craft_wind_houses_combat_cruiser_r04,wind_houses_combat_cruiser_r04,Раскат,4,wind_houses,Ветровые Дома,cruiser,combat,combat_cruiser,prepared_materials,1,1.80,157270.00,0.00,157270.00,0.157
craft_wind_houses_combat_cruiser_r04,wind_houses_combat_cruiser_r04,Раскат,4,wind_houses,Ветровые Дома,cruiser,combat,combat_cruiser,prepared_materials,2,1.60,123302.00,0.00,123302.00,0.123
craft_wind_houses_combat_cruiser_r04,wind_houses_combat_cruiser_r04,Раскат,4,wind_houses,Ветровые Дома,cruiser,combat,combat_cruiser,prepared_materials,3,1.40,97237.00,0.00,97237.00,0.097
craft_wind_houses_combat_cruiser_r04,wind_houses_combat_cruiser_r04,Раскат,4,wind_houses,Ветровые Дома,cruiser,combat,combat_cruiser,prepared_materials,4,1.20,70994.00,0.00,70994.00,0.071
craft_wind_houses_combat_cruiser_r04,wind_houses_combat_cruiser_r04,Раскат,4,wind_houses,Ветровые Дома,cruiser,combat,combat_cruiser,prepared_materials,5,1.00,45664.00,0.00,45664.00,0.046
craft_wind_houses_combat_cruiser_r05,wind_houses_combat_cruiser_r05,Шквальный,5,wind_houses,Ветровые Дома,cruiser,combat,combat_cruiser,prepared_materials,0,2.00,416192.00,0.00,416192.00,0.416
craft_wind_houses_combat_cruiser_r05,wind_houses_combat_cruiser_r05,Шквальный,5,wind_houses,Ветровые Дома,cruiser,combat,combat_cruiser,prepared_materials,1,1.80,356805.00,0.00,356805.00,0.357
craft_wind_houses_combat_cruiser_r05,wind_houses_combat_cruiser_r05,Шквальный,5,wind_houses,Ветровые Дома,cruiser,combat,combat_cruiser,prepared_materials,2,1.60,280119.00,0.00,280119.00,0.280
craft_wind_houses_combat_cruiser_r05,wind_houses_combat_cruiser_r05,Шквальный,5,wind_houses,Ветровые Дома,cruiser,combat,combat_cruiser,prepared_materials,3,1.40,220139.00,0.00,220139.00,0.220
craft_wind_houses_combat_cruiser_r05,wind_houses_combat_cruiser_r05,Шквальный,5,wind_houses,Ветровые Дома,cruiser,combat,combat_cruiser,prepared_materials,4,1.20,160926.00,0.00,160926.00,0.161
craft_wind_houses_combat_cruiser_r05,wind_houses_combat_cruiser_r05,Шквальный,5,wind_houses,Ветровые Дома,cruiser,combat,combat_cruiser,prepared_materials,5,1.00,104048.00,0.00,104048.00,0.104
craft_wind_houses_combat_cruiser_r06,wind_houses_combat_cruiser_r06,Гроза,6,wind_houses,Ветровые Дома,cruiser,combat,combat_cruiser,hull_and_machine_parts,0,2.00,1817096.00,0.00,1817096.00,1.817
craft_wind_houses_combat_cruiser_r06,wind_houses_combat_cruiser_r06,Гроза,6,wind_houses,Ветровые Дома,cruiser,combat,combat_cruiser,hull_and_machine_parts,1,1.80,1529741.00,0.00,1529741.00,1.530
craft_wind_houses_combat_cruiser_r06,wind_houses_combat_cruiser_r06,Гроза,6,wind_houses,Ветровые Дома,cruiser,combat,combat_cruiser,hull_and_machine_parts,2,1.60,1103645.00,0.00,1103645.00,1.104
craft_wind_houses_combat_cruiser_r06,wind_houses_combat_cruiser_r06,Гроза,6,wind_houses,Ветровые Дома,cruiser,combat,combat_cruiser,hull_and_machine_parts,3,1.40,805169.00,0.00,805169.00,0.805
craft_wind_houses_combat_cruiser_r06,wind_houses_combat_cruiser_r06,Гроза,6,wind_houses,Ветровые Дома,cruiser,combat,combat_cruiser,hull_and_machine_parts,4,1.20,533218.00,0.00,533218.00,0.533
craft_wind_houses_combat_cruiser_r06,wind_houses_combat_cruiser_r06,Гроза,6,wind_houses,Ветровые Дома,cruiser,combat,combat_cruiser,hull_and_machine_parts,5,1.00,289309.00,0.00,289309.00,0.289
craft_wind_houses_combat_cruiser_r07,wind_houses_combat_cruiser_r07,Ракетник,7,wind_houses,Ветровые Дома,cruiser,combat,combat_cruiser,hull_and_machine_parts,0,2.00,4246608.00,0.00,4246608.00,4.247
craft_wind_houses_combat_cruiser_r07,wind_houses_combat_cruiser_r07,Ракетник,7,wind_houses,Ветровые Дома,cruiser,combat,combat_cruiser,hull_and_machine_parts,1,1.80,3512694.00,0.00,3512694.00,3.513
craft_wind_houses_combat_cruiser_r07,wind_houses_combat_cruiser_r07,Ракетник,7,wind_houses,Ветровые Дома,cruiser,combat,combat_cruiser,hull_and_machine_parts,2,1.60,2548285.00,0.00,2548285.00,2.548
craft_wind_houses_combat_cruiser_r07,wind_houses_combat_cruiser_r07,Ракетник,7,wind_houses,Ветровые Дома,cruiser,combat,combat_cruiser,hull_and_machine_parts,3,1.40,1829755.00,0.00,1829755.00,1.830
craft_wind_houses_combat_cruiser_r07,wind_houses_combat_cruiser_r07,Ракетник,7,wind_houses,Ветровые Дома,cruiser,combat,combat_cruiser,hull_and_machine_parts,4,1.20,1219210.00,0.00,1219210.00,1.219
craft_wind_houses_combat_cruiser_r07,wind_houses_combat_cruiser_r07,Ракетник,7,wind_houses,Ветровые Дома,cruiser,combat,combat_cruiser,hull_and_machine_parts,5,1.00,673077.00,0.00,673077.00,0.673
craft_wind_houses_combat_cruiser_r08,wind_houses_combat_cruiser_r08,Смерч,8,wind_houses,Ветровые Дома,cruiser,combat,combat_cruiser,ship_blocks,0,2.00,14911376.00,0.00,14911376.00,14.911
craft_wind_houses_combat_cruiser_r08,wind_houses_combat_cruiser_r08,Смерч,8,wind_houses,Ветровые Дома,cruiser,combat,combat_cruiser,ship_blocks,1,1.80,13305417.00,0.00,13305417.00,13.305
craft_wind_houses_combat_cruiser_r08,wind_houses_combat_cruiser_r08,Смерч,8,wind_houses,Ветровые Дома,cruiser,combat,combat_cruiser,ship_blocks,2,1.60,9853351.00,0.00,9853351.00,9.853
craft_wind_houses_combat_cruiser_r08,wind_houses_combat_cruiser_r08,Смерч,8,wind_houses,Ветровые Дома,cruiser,combat,combat_cruiser,ship_blocks,3,1.40,6159788.00,0.00,6159788.00,6.160
craft_wind_houses_combat_cruiser_r08,wind_houses_combat_cruiser_r08,Смерч,8,wind_houses,Ветровые Дома,cruiser,combat,combat_cruiser,ship_blocks,4,1.20,4221598.00,0.00,4221598.00,4.222
craft_wind_houses_combat_cruiser_r08,wind_houses_combat_cruiser_r08,Смерч,8,wind_houses,Ветровые Дома,cruiser,combat,combat_cruiser,ship_blocks,5,1.00,1747958.00,0.00,1747958.00,1.748
craft_wind_houses_combat_cruiser_r09,wind_houses_combat_cruiser_r09,Ураган,9,wind_houses,Ветровые Дома,cruiser,combat,combat_cruiser,ship_blocks,0,2.00,41442944.00,0.00,41442944.00,41.443
craft_wind_houses_combat_cruiser_r09,wind_houses_combat_cruiser_r09,Ураган,9,wind_houses,Ветровые Дома,cruiser,combat,combat_cruiser,ship_blocks,1,1.80,34906728.00,0.00,34906728.00,34.907
craft_wind_houses_combat_cruiser_r09,wind_houses_combat_cruiser_r09,Ураган,9,wind_houses,Ветровые Дома,cruiser,combat,combat_cruiser,ship_blocks,2,1.60,24219402.00,0.00,24219402.00,24.219
craft_wind_houses_combat_cruiser_r09,wind_houses_combat_cruiser_r09,Ураган,9,wind_houses,Ветровые Дома,cruiser,combat,combat_cruiser,ship_blocks,3,1.40,16063630.00,0.00,16063630.00,16.064
craft_wind_houses_combat_cruiser_r09,wind_houses_combat_cruiser_r09,Ураган,9,wind_houses,Ветровые Дома,cruiser,combat,combat_cruiser,ship_blocks,4,1.20,10150266.00,0.00,10150266.00,10.150
craft_wind_houses_combat_cruiser_r09,wind_houses_combat_cruiser_r09,Ураган,9,wind_houses,Ветровые Дома,cruiser,combat,combat_cruiser,ship_blocks,5,1.00,4849321.00,0.00,4849321.00,4.849
craft_wind_houses_combat_cruiser_r10,wind_houses_combat_cruiser_r10,Циклон,10,wind_houses,Ветровые Дома,cruiser,combat,combat_cruiser,faction_flagship_license,0,2.00,91118832.00,5600000.00,96718832.00,96.719
craft_wind_houses_combat_cruiser_r10,wind_houses_combat_cruiser_r10,Циклон,10,wind_houses,Ветровые Дома,cruiser,combat,combat_cruiser,faction_flagship_license,1,1.80,75572142.00,5600000.00,81172142.00,81.172
craft_wind_houses_combat_cruiser_r10,wind_houses_combat_cruiser_r10,Циклон,10,wind_houses,Ветровые Дома,cruiser,combat,combat_cruiser,faction_flagship_license,2,1.60,52944399.00,5600000.00,58544399.00,58.544
craft_wind_houses_combat_cruiser_r10,wind_houses_combat_cruiser_r10,Циклон,10,wind_houses,Ветровые Дома,cruiser,combat,combat_cruiser,faction_flagship_license,3,1.40,34940989.00,5600000.00,40540989.00,40.541
craft_wind_houses_combat_cruiser_r10,wind_houses_combat_cruiser_r10,Циклон,10,wind_houses,Ветровые Дома,cruiser,combat,combat_cruiser,faction_flagship_license,4,1.20,22326526.00,5600000.00,27926526.00,27.927
craft_wind_houses_combat_cruiser_r10,wind_houses_combat_cruiser_r10,Циклон,10,wind_houses,Ветровые Дома,cruiser,combat,combat_cruiser,faction_flagship_license,5,1.00,11083068.00,5600000.00,16683068.00,16.683
craft_wind_houses_torpedo_recon_cruiser_r02,wind_houses_torpedo_recon_cruiser_r02,Клин,2,wind_houses,Ветровые Дома,cruiser,torpedo_recon,torpedo_recon_cruiser,raw_resources,0,2.00,13660.00,0.00,13660.00,0.014
craft_wind_houses_torpedo_recon_cruiser_r02,wind_houses_torpedo_recon_cruiser_r02,Клин,2,wind_houses,Ветровые Дома,cruiser,torpedo_recon,torpedo_recon_cruiser,raw_resources,1,1.80,12480.00,0.00,12480.00,0.012
craft_wind_houses_torpedo_recon_cruiser_r02,wind_houses_torpedo_recon_cruiser_r02,Клин,2,wind_houses,Ветровые Дома,cruiser,torpedo_recon,torpedo_recon_cruiser,raw_resources,2,1.60,11120.00,0.00,11120.00,0.011
craft_wind_houses_torpedo_recon_cruiser_r02,wind_houses_torpedo_recon_cruiser_r02,Клин,2,wind_houses,Ветровые Дома,cruiser,torpedo_recon,torpedo_recon_cruiser,raw_resources,3,1.40,9680.00,0.00,9680.00,0.010
craft_wind_houses_torpedo_recon_cruiser_r02,wind_houses_torpedo_recon_cruiser_r02,Клин,2,wind_houses,Ветровые Дома,cruiser,torpedo_recon,torpedo_recon_cruiser,raw_resources,4,1.20,8320.00,0.00,8320.00,0.008
craft_wind_houses_torpedo_recon_cruiser_r02,wind_houses_torpedo_recon_cruiser_r02,Клин,2,wind_houses,Ветровые Дома,cruiser,torpedo_recon,torpedo_recon_cruiser,raw_resources,5,1.00,6830.00,0.00,6830.00,0.007
craft_wind_houses_torpedo_recon_cruiser_r03,wind_houses_torpedo_recon_cruiser_r03,Плавник,3,wind_houses,Ветровые Дома,cruiser,torpedo_recon,torpedo_recon_cruiser,raw_resources,0,2.00,32420.00,0.00,32420.00,0.032
craft_wind_houses_torpedo_recon_cruiser_r03,wind_houses_torpedo_recon_cruiser_r03,Плавник,3,wind_houses,Ветровые Дома,cruiser,torpedo_recon,torpedo_recon_cruiser,raw_resources,1,1.80,29280.00,0.00,29280.00,0.029
craft_wind_houses_torpedo_recon_cruiser_r03,wind_houses_torpedo_recon_cruiser_r03,Плавник,3,wind_houses,Ветровые Дома,cruiser,torpedo_recon,torpedo_recon_cruiser,raw_resources,2,1.60,25990.00,0.00,25990.00,0.026
craft_wind_houses_torpedo_recon_cruiser_r03,wind_houses_torpedo_recon_cruiser_r03,Плавник,3,wind_houses,Ветровые Дома,cruiser,torpedo_recon,torpedo_recon_cruiser,raw_resources,3,1.40,22810.00,0.00,22810.00,0.023
craft_wind_houses_torpedo_recon_cruiser_r03,wind_houses_torpedo_recon_cruiser_r03,Плавник,3,wind_houses,Ветровые Дома,cruiser,torpedo_recon,torpedo_recon_cruiser,raw_resources,4,1.20,19520.00,0.00,19520.00,0.020
craft_wind_houses_torpedo_recon_cruiser_r03,wind_houses_torpedo_recon_cruiser_r03,Плавник,3,wind_houses,Ветровые Дома,cruiser,torpedo_recon,torpedo_recon_cruiser,raw_resources,5,1.00,16210.00,0.00,16210.00,0.016
craft_wind_houses_torpedo_recon_cruiser_r04,wind_houses_torpedo_recon_cruiser_r04,Маркер,4,wind_houses,Ветровые Дома,cruiser,torpedo_recon,torpedo_recon_cruiser,prepared_materials,0,2.00,179060.00,0.00,179060.00,0.179
craft_wind_houses_torpedo_recon_cruiser_r04,wind_houses_torpedo_recon_cruiser_r04,Маркер,4,wind_houses,Ветровые Дома,cruiser,torpedo_recon,torpedo_recon_cruiser,prepared_materials,1,1.80,155804.00,0.00,155804.00,0.156
craft_wind_houses_torpedo_recon_cruiser_r04,wind_houses_torpedo_recon_cruiser_r04,Маркер,4,wind_houses,Ветровые Дома,cruiser,torpedo_recon,torpedo_recon_cruiser,prepared_materials,2,1.60,122618.00,0.00,122618.00,0.123
craft_wind_houses_torpedo_recon_cruiser_r04,wind_houses_torpedo_recon_cruiser_r04,Маркер,4,wind_houses,Ветровые Дома,cruiser,torpedo_recon,torpedo_recon_cruiser,prepared_materials,3,1.40,96183.00,0.00,96183.00,0.096
craft_wind_houses_torpedo_recon_cruiser_r04,wind_houses_torpedo_recon_cruiser_r04,Маркер,4,wind_houses,Ветровые Дома,cruiser,torpedo_recon,torpedo_recon_cruiser,prepared_materials,4,1.20,70533.00,0.00,70533.00,0.071
craft_wind_houses_torpedo_recon_cruiser_r04,wind_houses_torpedo_recon_cruiser_r04,Маркер,4,wind_houses,Ветровые Дома,cruiser,torpedo_recon,torpedo_recon_cruiser,prepared_materials,5,1.00,44765.00,0.00,44765.00,0.045
craft_wind_houses_torpedo_recon_cruiser_r05,wind_houses_torpedo_recon_cruiser_r05,Курсор,5,wind_houses,Ветровые Дома,cruiser,torpedo_recon,torpedo_recon_cruiser,prepared_materials,0,2.00,401848.00,0.00,401848.00,0.402
craft_wind_houses_torpedo_recon_cruiser_r05,wind_houses_torpedo_recon_cruiser_r05,Курсор,5,wind_houses,Ветровые Дома,cruiser,torpedo_recon,torpedo_recon_cruiser,prepared_materials,1,1.80,346994.00,0.00,346994.00,0.347
craft_wind_houses_torpedo_recon_cruiser_r05,wind_houses_torpedo_recon_cruiser_r05,Курсор,5,wind_houses,Ветровые Дома,cruiser,torpedo_recon,torpedo_recon_cruiser,prepared_materials,2,1.60,273557.00,0.00,273557.00,0.274
craft_wind_houses_torpedo_recon_cruiser_r05,wind_houses_torpedo_recon_cruiser_r05,Курсор,5,wind_houses,Ветровые Дома,cruiser,torpedo_recon,torpedo_recon_cruiser,prepared_materials,3,1.40,214186.00,0.00,214186.00,0.214
craft_wind_houses_torpedo_recon_cruiser_r05,wind_houses_torpedo_recon_cruiser_r05,Курсор,5,wind_houses,Ветровые Дома,cruiser,torpedo_recon,torpedo_recon_cruiser,prepared_materials,4,1.20,157432.00,0.00,157432.00,0.157
craft_wind_houses_torpedo_recon_cruiser_r05,wind_houses_torpedo_recon_cruiser_r05,Курсор,5,wind_houses,Ветровые Дома,cruiser,torpedo_recon,torpedo_recon_cruiser,prepared_materials,5,1.00,100462.00,0.00,100462.00,0.100
craft_wind_houses_torpedo_recon_cruiser_r06,wind_houses_torpedo_recon_cruiser_r06,Нырок,6,wind_houses,Ветровые Дома,cruiser,torpedo_recon,torpedo_recon_cruiser,hull_and_machine_parts,0,2.00,1687696.00,0.00,1687696.00,1.688
craft_wind_houses_torpedo_recon_cruiser_r06,wind_houses_torpedo_recon_cruiser_r06,Нырок,6,wind_houses,Ветровые Дома,cruiser,torpedo_recon,torpedo_recon_cruiser,hull_and_machine_parts,1,1.80,1450785.00,0.00,1450785.00,1.451
craft_wind_houses_torpedo_recon_cruiser_r06,wind_houses_torpedo_recon_cruiser_r06,Нырок,6,wind_houses,Ветровые Дома,cruiser,torpedo_recon,torpedo_recon_cruiser,hull_and_machine_parts,2,1.60,1074702.00,0.00,1074702.00,1.075
craft_wind_houses_torpedo_recon_cruiser_r06,wind_houses_torpedo_recon_cruiser_r06,Нырок,6,wind_houses,Ветровые Дома,cruiser,torpedo_recon,torpedo_recon_cruiser,hull_and_machine_parts,3,1.40,770805.00,0.00,770805.00,0.771
craft_wind_houses_torpedo_recon_cruiser_r06,wind_houses_torpedo_recon_cruiser_r06,Нырок,6,wind_houses,Ветровые Дома,cruiser,torpedo_recon,torpedo_recon_cruiser,hull_and_machine_parts,4,1.20,527752.00,0.00,527752.00,0.528
craft_wind_houses_torpedo_recon_cruiser_r06,wind_houses_torpedo_recon_cruiser_r06,Нырок,6,wind_houses,Ветровые Дома,cruiser,torpedo_recon,torpedo_recon_cruiser,hull_and_machine_parts,5,1.00,290572.00,0.00,290572.00,0.291
craft_wind_houses_torpedo_recon_cruiser_r07,wind_houses_torpedo_recon_cruiser_r07,Пеленгатор,7,wind_houses,Ветровые Дома,cruiser,torpedo_recon,torpedo_recon_cruiser,hull_and_machine_parts,0,2.00,4079384.00,0.00,4079384.00,4.079
craft_wind_houses_torpedo_recon_cruiser_r07,wind_houses_torpedo_recon_cruiser_r07,Пеленгатор,7,wind_houses,Ветровые Дома,cruiser,torpedo_recon,torpedo_recon_cruiser,hull_and_machine_parts,1,1.80,3435140.00,0.00,3435140.00,3.435
craft_wind_houses_torpedo_recon_cruiser_r07,wind_houses_torpedo_recon_cruiser_r07,Пеленгатор,7,wind_houses,Ветровые Дома,cruiser,torpedo_recon,torpedo_recon_cruiser,hull_and_machine_parts,2,1.60,2530139.00,0.00,2530139.00,2.530
craft_wind_houses_torpedo_recon_cruiser_r07,wind_houses_torpedo_recon_cruiser_r07,Пеленгатор,7,wind_houses,Ветровые Дома,cruiser,torpedo_recon,torpedo_recon_cruiser,hull_and_machine_parts,3,1.40,1834130.00,0.00,1834130.00,1.834
craft_wind_houses_torpedo_recon_cruiser_r07,wind_houses_torpedo_recon_cruiser_r07,Пеленгатор,7,wind_houses,Ветровые Дома,cruiser,torpedo_recon,torpedo_recon_cruiser,hull_and_machine_parts,4,1.20,1246428.00,0.00,1246428.00,1.246
craft_wind_houses_torpedo_recon_cruiser_r07,wind_houses_torpedo_recon_cruiser_r07,Пеленгатор,7,wind_houses,Ветровые Дома,cruiser,torpedo_recon,torpedo_recon_cruiser,hull_and_machine_parts,5,1.00,700228.00,0.00,700228.00,0.700
craft_wind_houses_torpedo_recon_cruiser_r08,wind_houses_torpedo_recon_cruiser_r08,Фантом,8,wind_houses,Ветровые Дома,cruiser,torpedo_recon,torpedo_recon_cruiser,ship_blocks,0,2.00,15375152.00,0.00,15375152.00,15.375
craft_wind_houses_torpedo_recon_cruiser_r08,wind_houses_torpedo_recon_cruiser_r08,Фантом,8,wind_houses,Ветровые Дома,cruiser,torpedo_recon,torpedo_recon_cruiser,ship_blocks,1,1.80,13860579.00,0.00,13860579.00,13.861
craft_wind_houses_torpedo_recon_cruiser_r08,wind_houses_torpedo_recon_cruiser_r08,Фантом,8,wind_houses,Ветровые Дома,cruiser,torpedo_recon,torpedo_recon_cruiser,ship_blocks,2,1.60,10504592.00,0.00,10504592.00,10.505
craft_wind_houses_torpedo_recon_cruiser_r08,wind_houses_torpedo_recon_cruiser_r08,Фантом,8,wind_houses,Ветровые Дома,cruiser,torpedo_recon,torpedo_recon_cruiser,ship_blocks,3,1.40,6533237.00,0.00,6533237.00,6.533
craft_wind_houses_torpedo_recon_cruiser_r08,wind_houses_torpedo_recon_cruiser_r08,Фантом,8,wind_houses,Ветровые Дома,cruiser,torpedo_recon,torpedo_recon_cruiser,ship_blocks,4,1.20,4603792.00,0.00,4603792.00,4.604
craft_wind_houses_torpedo_recon_cruiser_r08,wind_houses_torpedo_recon_cruiser_r08,Фантом,8,wind_houses,Ветровые Дома,cruiser,torpedo_recon,torpedo_recon_cruiser,ship_blocks,5,1.00,1842291.00,0.00,1842291.00,1.842
craft_wind_houses_torpedo_recon_cruiser_r09,wind_houses_torpedo_recon_cruiser_r09,Наводчик,9,wind_houses,Ветровые Дома,cruiser,torpedo_recon,torpedo_recon_cruiser,ship_blocks,0,2.00,37770184.00,0.00,37770184.00,37.770
craft_wind_houses_torpedo_recon_cruiser_r09,wind_houses_torpedo_recon_cruiser_r09,Наводчик,9,wind_houses,Ветровые Дома,cruiser,torpedo_recon,torpedo_recon_cruiser,ship_blocks,1,1.80,32320127.00,0.00,32320127.00,32.320
craft_wind_houses_torpedo_recon_cruiser_r09,wind_houses_torpedo_recon_cruiser_r09,Наводчик,9,wind_houses,Ветровые Дома,cruiser,torpedo_recon,torpedo_recon_cruiser,ship_blocks,2,1.60,22445672.00,0.00,22445672.00,22.446
craft_wind_houses_torpedo_recon_cruiser_r09,wind_houses_torpedo_recon_cruiser_r09,Наводчик,9,wind_houses,Ветровые Дома,cruiser,torpedo_recon,torpedo_recon_cruiser,ship_blocks,3,1.40,15426772.00,0.00,15426772.00,15.427
craft_wind_houses_torpedo_recon_cruiser_r09,wind_houses_torpedo_recon_cruiser_r09,Наводчик,9,wind_houses,Ветровые Дома,cruiser,torpedo_recon,torpedo_recon_cruiser,ship_blocks,4,1.20,9777676.00,0.00,9777676.00,9.778
craft_wind_houses_torpedo_recon_cruiser_r09,wind_houses_torpedo_recon_cruiser_r09,Наводчик,9,wind_houses,Ветровые Дома,cruiser,torpedo_recon,torpedo_recon_cruiser,ship_blocks,5,1.00,4406169.00,0.00,4406169.00,4.406
craft_wind_houses_torpedo_recon_cruiser_r10,wind_houses_torpedo_recon_cruiser_r10,Комета,10,wind_houses,Ветровые Дома,cruiser,torpedo_recon,torpedo_recon_cruiser,faction_flagship_license,0,2.00,91405200.00,5600000.00,97005200.00,97.005
craft_wind_houses_torpedo_recon_cruiser_r10,wind_houses_torpedo_recon_cruiser_r10,Комета,10,wind_houses,Ветровые Дома,cruiser,torpedo_recon,torpedo_recon_cruiser,faction_flagship_license,1,1.80,77138476.00,5600000.00,82738476.00,82.738
craft_wind_houses_torpedo_recon_cruiser_r10,wind_houses_torpedo_recon_cruiser_r10,Комета,10,wind_houses,Ветровые Дома,cruiser,torpedo_recon,torpedo_recon_cruiser,faction_flagship_license,2,1.60,53549649.00,5600000.00,59149649.00,59.150
craft_wind_houses_torpedo_recon_cruiser_r10,wind_houses_torpedo_recon_cruiser_r10,Комета,10,wind_houses,Ветровые Дома,cruiser,torpedo_recon,torpedo_recon_cruiser,faction_flagship_license,3,1.40,35962592.00,5600000.00,41562592.00,41.563
craft_wind_houses_torpedo_recon_cruiser_r10,wind_houses_torpedo_recon_cruiser_r10,Комета,10,wind_houses,Ветровые Дома,cruiser,torpedo_recon,torpedo_recon_cruiser,faction_flagship_license,4,1.20,22732796.00,5600000.00,28332796.00,28.333
craft_wind_houses_torpedo_recon_cruiser_r10,wind_houses_torpedo_recon_cruiser_r10,Комета,10,wind_houses,Ветровые Дома,cruiser,torpedo_recon,torpedo_recon_cruiser,faction_flagship_license,5,1.00,11389953.00,5600000.00,16989953.00,16.990
craft_wind_houses_industrial_cruiser_r02,wind_houses_industrial_cruiser_r02,Сачок,2,wind_houses,Ветровые Дома,cruiser,industrial,industrial_cruiser,raw_resources,0,2.00,15180.00,0.00,15180.00,0.015
craft_wind_houses_industrial_cruiser_r02,wind_houses_industrial_cruiser_r02,Сачок,2,wind_houses,Ветровые Дома,cruiser,industrial,industrial_cruiser,raw_resources,1,1.80,13810.00,0.00,13810.00,0.014
craft_wind_houses_industrial_cruiser_r02,wind_houses_industrial_cruiser_r02,Сачок,2,wind_houses,Ветровые Дома,cruiser,industrial,industrial_cruiser,raw_resources,2,1.60,12270.00,0.00,12270.00,0.012
craft_wind_houses_industrial_cruiser_r02,wind_houses_industrial_cruiser_r02,Сачок,2,wind_houses,Ветровые Дома,cruiser,industrial,industrial_cruiser,raw_resources,3,1.40,10720.00,0.00,10720.00,0.011
craft_wind_houses_industrial_cruiser_r02,wind_houses_industrial_cruiser_r02,Сачок,2,wind_houses,Ветровые Дома,cruiser,industrial,industrial_cruiser,raw_resources,4,1.20,9180.00,0.00,9180.00,0.009
craft_wind_houses_industrial_cruiser_r02,wind_houses_industrial_cruiser_r02,Сачок,2,wind_houses,Ветровые Дома,cruiser,industrial,industrial_cruiser,raw_resources,5,1.00,7590.00,0.00,7590.00,0.008
craft_wind_houses_industrial_cruiser_r03,wind_houses_industrial_cruiser_r03,Трал,3,wind_houses,Ветровые Дома,cruiser,industrial,industrial_cruiser,raw_resources,0,2.00,35840.00,0.00,35840.00,0.036
craft_wind_houses_industrial_cruiser_r03,wind_houses_industrial_cruiser_r03,Трал,3,wind_houses,Ветровые Дома,cruiser,industrial,industrial_cruiser,raw_resources,1,1.80,32400.00,0.00,32400.00,0.032
craft_wind_houses_industrial_cruiser_r03,wind_houses_industrial_cruiser_r03,Трал,3,wind_houses,Ветровые Дома,cruiser,industrial,industrial_cruiser,raw_resources,2,1.60,28790.00,0.00,28790.00,0.029
craft_wind_houses_industrial_cruiser_r03,wind_houses_industrial_cruiser_r03,Трал,3,wind_houses,Ветровые Дома,cruiser,industrial,industrial_cruiser,raw_resources,3,1.40,25200.00,0.00,25200.00,0.025
craft_wind_houses_industrial_cruiser_r03,wind_houses_industrial_cruiser_r03,Трал,3,wind_houses,Ветровые Дома,cruiser,industrial,industrial_cruiser,raw_resources,4,1.20,21590.00,0.00,21590.00,0.022
craft_wind_houses_industrial_cruiser_r03,wind_houses_industrial_cruiser_r03,Трал,3,wind_houses,Ветровые Дома,cruiser,industrial,industrial_cruiser,raw_resources,5,1.00,17920.00,0.00,17920.00,0.018
craft_wind_houses_industrial_cruiser_r04,wind_houses_industrial_cruiser_r04,Сбор,4,wind_houses,Ветровые Дома,cruiser,industrial,industrial_cruiser,prepared_materials,0,2.00,172836.00,0.00,172836.00,0.173
craft_wind_houses_industrial_cruiser_r04,wind_houses_industrial_cruiser_r04,Сбор,4,wind_houses,Ветровые Дома,cruiser,industrial,industrial_cruiser,prepared_materials,1,1.80,148944.00,0.00,148944.00,0.149
craft_wind_houses_industrial_cruiser_r04,wind_houses_industrial_cruiser_r04,Сбор,4,wind_houses,Ветровые Дома,cruiser,industrial,industrial_cruiser,prepared_materials,2,1.60,118527.00,0.00,118527.00,0.119
craft_wind_houses_industrial_cruiser_r04,wind_houses_industrial_cruiser_r04,Сбор,4,wind_houses,Ветровые Дома,cruiser,industrial,industrial_cruiser,prepared_materials,3,1.40,92308.00,0.00,92308.00,0.092
craft_wind_houses_industrial_cruiser_r04,wind_houses_industrial_cruiser_r04,Сбор,4,wind_houses,Ветровые Дома,cruiser,industrial,industrial_cruiser,prepared_materials,4,1.20,68724.00,0.00,68724.00,0.069
craft_wind_houses_industrial_cruiser_r04,wind_houses_industrial_cruiser_r04,Сбор,4,wind_houses,Ветровые Дома,cruiser,industrial,industrial_cruiser,prepared_materials,5,1.00,44359.00,0.00,44359.00,0.044
craft_wind_houses_industrial_cruiser_r05,wind_houses_industrial_cruiser_r05,Поток,5,wind_houses,Ветровые Дома,cruiser,industrial,industrial_cruiser,prepared_materials,0,2.00,467508.00,0.00,467508.00,0.468
craft_wind_houses_industrial_cruiser_r05,wind_houses_industrial_cruiser_r05,Поток,5,wind_houses,Ветровые Дома,cruiser,industrial,industrial_cruiser,prepared_materials,1,1.80,401843.00,0.00,401843.00,0.402
craft_wind_houses_industrial_cruiser_r05,wind_houses_industrial_cruiser_r05,Поток,5,wind_houses,Ветровые Дома,cruiser,industrial,industrial_cruiser,prepared_materials,2,1.60,319494.00,0.00,319494.00,0.319
craft_wind_houses_industrial_cruiser_r05,wind_houses_industrial_cruiser_r05,Поток,5,wind_houses,Ветровые Дома,cruiser,industrial,industrial_cruiser,prepared_materials,3,1.40,247229.00,0.00,247229.00,0.247
craft_wind_houses_industrial_cruiser_r05,wind_houses_industrial_cruiser_r05,Поток,5,wind_houses,Ветровые Дома,cruiser,industrial,industrial_cruiser,prepared_materials,4,1.20,183644.00,0.00,183644.00,0.184
craft_wind_houses_industrial_cruiser_r05,wind_houses_industrial_cruiser_r05,Поток,5,wind_houses,Ветровые Дома,cruiser,industrial,industrial_cruiser,prepared_materials,5,1.00,116877.00,0.00,116877.00,0.117
craft_wind_houses_industrial_cruiser_r06,wind_houses_industrial_cruiser_r06,Сифон,6,wind_houses,Ветровые Дома,cruiser,industrial,industrial_cruiser,hull_and_machine_parts,0,2.00,1765680.00,0.00,1765680.00,1.766
craft_wind_houses_industrial_cruiser_r06,wind_houses_industrial_cruiser_r06,Сифон,6,wind_houses,Ветровые Дома,cruiser,industrial,industrial_cruiser,hull_and_machine_parts,1,1.80,1500330.00,0.00,1500330.00,1.500
craft_wind_houses_industrial_cruiser_r06,wind_houses_industrial_cruiser_r06,Сифон,6,wind_houses,Ветровые Дома,cruiser,industrial,industrial_cruiser,hull_and_machine_parts,2,1.60,1101957.00,0.00,1101957.00,1.102
craft_wind_houses_industrial_cruiser_r06,wind_houses_industrial_cruiser_r06,Сифон,6,wind_houses,Ветровые Дома,cruiser,industrial,industrial_cruiser,hull_and_machine_parts,3,1.40,778211.00,0.00,778211.00,0.778
craft_wind_houses_industrial_cruiser_r06,wind_houses_industrial_cruiser_r06,Сифон,6,wind_houses,Ветровые Дома,cruiser,industrial,industrial_cruiser,hull_and_machine_parts,4,1.20,526158.00,0.00,526158.00,0.526
craft_wind_houses_industrial_cruiser_r06,wind_houses_industrial_cruiser_r06,Сифон,6,wind_houses,Ветровые Дома,cruiser,industrial,industrial_cruiser,hull_and_machine_parts,5,1.00,282470.00,0.00,282470.00,0.282
craft_wind_houses_industrial_cruiser_r07,wind_houses_industrial_cruiser_r07,Захват,7,wind_houses,Ветровые Дома,cruiser,industrial,industrial_cruiser,hull_and_machine_parts,0,2.00,4508464.00,0.00,4508464.00,4.508
craft_wind_houses_industrial_cruiser_r07,wind_houses_industrial_cruiser_r07,Захват,7,wind_houses,Ветровые Дома,cruiser,industrial,industrial_cruiser,hull_and_machine_parts,1,1.80,3771100.00,0.00,3771100.00,3.771
craft_wind_houses_industrial_cruiser_r07,wind_houses_industrial_cruiser_r07,Захват,7,wind_houses,Ветровые Дома,cruiser,industrial,industrial_cruiser,hull_and_machine_parts,2,1.60,2747954.00,0.00,2747954.00,2.748
craft_wind_houses_industrial_cruiser_r07,wind_houses_industrial_cruiser_r07,Захват,7,wind_houses,Ветровые Дома,cruiser,industrial,industrial_cruiser,hull_and_machine_parts,3,1.40,1943969.00,0.00,1943969.00,1.944
craft_wind_houses_industrial_cruiser_r07,wind_houses_industrial_cruiser_r07,Захват,7,wind_houses,Ветровые Дома,cruiser,industrial,industrial_cruiser,hull_and_machine_parts,4,1.20,1298470.00,0.00,1298470.00,1.298
craft_wind_houses_industrial_cruiser_r07,wind_houses_industrial_cruiser_r07,Захват,7,wind_houses,Ветровые Дома,cruiser,industrial,industrial_cruiser,hull_and_machine_parts,5,1.00,719353.00,0.00,719353.00,0.719
craft_wind_houses_industrial_cruiser_r08,wind_houses_industrial_cruiser_r08,Пылесбор,8,wind_houses,Ветровые Дома,cruiser,industrial,industrial_cruiser,ship_blocks,0,2.00,17148168.00,0.00,17148168.00,17.148
craft_wind_houses_industrial_cruiser_r08,wind_houses_industrial_cruiser_r08,Пылесбор,8,wind_houses,Ветровые Дома,cruiser,industrial,industrial_cruiser,ship_blocks,1,1.80,15334796.00,0.00,15334796.00,15.335
craft_wind_houses_industrial_cruiser_r08,wind_houses_industrial_cruiser_r08,Пылесбор,8,wind_houses,Ветровые Дома,cruiser,industrial,industrial_cruiser,ship_blocks,2,1.60,11254704.00,0.00,11254704.00,11.255
craft_wind_houses_industrial_cruiser_r08,wind_houses_industrial_cruiser_r08,Пылесбор,8,wind_houses,Ветровые Дома,cruiser,industrial,industrial_cruiser,ship_blocks,3,1.40,7342414.00,0.00,7342414.00,7.342
craft_wind_houses_industrial_cruiser_r08,wind_houses_industrial_cruiser_r08,Пылесбор,8,wind_houses,Ветровые Дома,cruiser,industrial,industrial_cruiser,ship_blocks,4,1.20,4977492.00,0.00,4977492.00,4.977
craft_wind_houses_industrial_cruiser_r08,wind_houses_industrial_cruiser_r08,Пылесбор,8,wind_houses,Ветровые Дома,cruiser,industrial,industrial_cruiser,ship_blocks,5,1.00,1941125.00,0.00,1941125.00,1.941
craft_wind_houses_industrial_cruiser_r09,wind_houses_industrial_cruiser_r09,Меркурий,9,wind_houses,Ветровые Дома,cruiser,industrial,industrial_cruiser,ship_blocks,0,2.00,43635136.00,0.00,43635136.00,43.635
craft_wind_houses_industrial_cruiser_r09,wind_houses_industrial_cruiser_r09,Меркурий,9,wind_houses,Ветровые Дома,cruiser,industrial,industrial_cruiser,ship_blocks,1,1.80,36973082.00,0.00,36973082.00,36.973
craft_wind_houses_industrial_cruiser_r09,wind_houses_industrial_cruiser_r09,Меркурий,9,wind_houses,Ветровые Дома,cruiser,industrial,industrial_cruiser,ship_blocks,2,1.60,25157315.00,0.00,25157315.00,25.157
craft_wind_houses_industrial_cruiser_r09,wind_houses_industrial_cruiser_r09,Меркурий,9,wind_houses,Ветровые Дома,cruiser,industrial,industrial_cruiser,ship_blocks,3,1.40,16717913.00,0.00,16717913.00,16.718
craft_wind_houses_industrial_cruiser_r09,wind_houses_industrial_cruiser_r09,Меркурий,9,wind_houses,Ветровые Дома,cruiser,industrial,industrial_cruiser,ship_blocks,4,1.20,10265310.00,0.00,10265310.00,10.265
craft_wind_houses_industrial_cruiser_r09,wind_houses_industrial_cruiser_r09,Меркурий,9,wind_houses,Ветровые Дома,cruiser,industrial,industrial_cruiser,ship_blocks,5,1.00,4922853.00,0.00,4922853.00,4.923
craft_wind_houses_industrial_cruiser_r10,wind_houses_industrial_cruiser_r10,Магистраль,10,wind_houses,Ветровые Дома,cruiser,industrial,industrial_cruiser,faction_flagship_license,0,2.00,104324544.00,5600000.00,109924544.00,109.925
craft_wind_houses_industrial_cruiser_r10,wind_houses_industrial_cruiser_r10,Магистраль,10,wind_houses,Ветровые Дома,cruiser,industrial,industrial_cruiser,faction_flagship_license,1,1.80,87198071.00,5600000.00,92798071.00,92.798
craft_wind_houses_industrial_cruiser_r10,wind_houses_industrial_cruiser_r10,Магистраль,10,wind_houses,Ветровые Дома,cruiser,industrial,industrial_cruiser,faction_flagship_license,2,1.60,59785671.00,5600000.00,65385671.00,65.386
craft_wind_houses_industrial_cruiser_r10,wind_houses_industrial_cruiser_r10,Магистраль,10,wind_houses,Ветровые Дома,cruiser,industrial,industrial_cruiser,faction_flagship_license,3,1.40,40134462.00,5600000.00,45734462.00,45.734
craft_wind_houses_industrial_cruiser_r10,wind_houses_industrial_cruiser_r10,Магистраль,10,wind_houses,Ветровые Дома,cruiser,industrial,industrial_cruiser,faction_flagship_license,4,1.20,24936418.00,5600000.00,30536418.00,30.536
craft_wind_houses_industrial_cruiser_r10,wind_houses_industrial_cruiser_r10,Магистраль,10,wind_houses,Ветровые Дома,cruiser,industrial,industrial_cruiser,faction_flagship_license,5,1.00,12256499.00,5600000.00,17856499.00,17.856
craft_wind_houses_light_interceptor_cruiser_r02,wind_houses_light_interceptor_cruiser_r02,Перехват,2,wind_houses,Ветровые Дома,cruiser,light_interceptor,light_interceptor_cruiser,raw_resources,0,2.00,13400.00,0.00,13400.00,0.013
craft_wind_houses_light_interceptor_cruiser_r02,wind_houses_light_interceptor_cruiser_r02,Перехват,2,wind_houses,Ветровые Дома,cruiser,light_interceptor,light_interceptor_cruiser,raw_resources,1,1.80,12120.00,0.00,12120.00,0.012
craft_wind_houses_light_interceptor_cruiser_r02,wind_houses_light_interceptor_cruiser_r02,Перехват,2,wind_houses,Ветровые Дома,cruiser,light_interceptor,light_interceptor_cruiser,raw_resources,2,1.60,10790.00,0.00,10790.00,0.011
craft_wind_houses_light_interceptor_cruiser_r02,wind_houses_light_interceptor_cruiser_r02,Перехват,2,wind_houses,Ветровые Дома,cruiser,light_interceptor,light_interceptor_cruiser,raw_resources,3,1.40,9440.00,0.00,9440.00,0.009
craft_wind_houses_light_interceptor_cruiser_r02,wind_houses_light_interceptor_cruiser_r02,Перехват,2,wind_houses,Ветровые Дома,cruiser,light_interceptor,light_interceptor_cruiser,raw_resources,4,1.20,8110.00,0.00,8110.00,0.008
craft_wind_houses_light_interceptor_cruiser_r02,wind_houses_light_interceptor_cruiser_r02,Перехват,2,wind_houses,Ветровые Дома,cruiser,light_interceptor,light_interceptor_cruiser,raw_resources,5,1.00,6700.00,0.00,6700.00,0.007
craft_wind_houses_light_interceptor_cruiser_r03,wind_houses_light_interceptor_cruiser_r03,Спица,3,wind_houses,Ветровые Дома,cruiser,light_interceptor,light_interceptor_cruiser,raw_resources,0,2.00,36200.00,0.00,36200.00,0.036
craft_wind_houses_light_interceptor_cruiser_r03,wind_houses_light_interceptor_cruiser_r03,Спица,3,wind_houses,Ветровые Дома,cruiser,light_interceptor,light_interceptor_cruiser,raw_resources,1,1.80,32680.00,0.00,32680.00,0.033
craft_wind_houses_light_interceptor_cruiser_r03,wind_houses_light_interceptor_cruiser_r03,Спица,3,wind_houses,Ветровые Дома,cruiser,light_interceptor,light_interceptor_cruiser,raw_resources,2,1.60,29040.00,0.00,29040.00,0.029
craft_wind_houses_light_interceptor_cruiser_r03,wind_houses_light_interceptor_cruiser_r03,Спица,3,wind_houses,Ветровые Дома,cruiser,light_interceptor,light_interceptor_cruiser,raw_resources,3,1.40,25480.00,0.00,25480.00,0.025
craft_wind_houses_light_interceptor_cruiser_r03,wind_houses_light_interceptor_cruiser_r03,Спица,3,wind_houses,Ветровые Дома,cruiser,light_interceptor,light_interceptor_cruiser,raw_resources,4,1.20,21840.00,0.00,21840.00,0.022
craft_wind_houses_light_interceptor_cruiser_r03,wind_houses_light_interceptor_cruiser_r03,Спица,3,wind_houses,Ветровые Дома,cruiser,light_interceptor,light_interceptor_cruiser,raw_resources,5,1.00,18100.00,0.00,18100.00,0.018
craft_wind_houses_light_interceptor_cruiser_r04,wind_houses_light_interceptor_cruiser_r04,Клинок,4,wind_houses,Ветровые Дома,cruiser,light_interceptor,light_interceptor_cruiser,prepared_materials,0,2.00,172176.00,0.00,172176.00,0.172
craft_wind_houses_light_interceptor_cruiser_r04,wind_houses_light_interceptor_cruiser_r04,Клинок,4,wind_houses,Ветровые Дома,cruiser,light_interceptor,light_interceptor_cruiser,prepared_materials,1,1.80,149489.00,0.00,149489.00,0.149
craft_wind_houses_light_interceptor_cruiser_r04,wind_houses_light_interceptor_cruiser_r04,Клинок,4,wind_houses,Ветровые Дома,cruiser,light_interceptor,light_interceptor_cruiser,prepared_materials,2,1.60,118315.00,0.00,118315.00,0.118
craft_wind_houses_light_interceptor_cruiser_r04,wind_houses_light_interceptor_cruiser_r04,Клинок,4,wind_houses,Ветровые Дома,cruiser,light_interceptor,light_interceptor_cruiser,prepared_materials,3,1.40,91999.00,0.00,91999.00,0.092
craft_wind_houses_light_interceptor_cruiser_r04,wind_houses_light_interceptor_cruiser_r04,Клинок,4,wind_houses,Ветровые Дома,cruiser,light_interceptor,light_interceptor_cruiser,prepared_materials,4,1.20,67934.00,0.00,67934.00,0.068
craft_wind_houses_light_interceptor_cruiser_r04,wind_houses_light_interceptor_cruiser_r04,Клинок,4,wind_houses,Ветровые Дома,cruiser,light_interceptor,light_interceptor_cruiser,prepared_materials,5,1.00,43044.00,0.00,43044.00,0.043
craft_wind_houses_light_interceptor_cruiser_r05,wind_houses_light_interceptor_cruiser_r05,Игла,5,wind_houses,Ветровые Дома,cruiser,light_interceptor,light_interceptor_cruiser,prepared_materials,0,2.00,464932.00,0.00,464932.00,0.465
craft_wind_houses_light_interceptor_cruiser_r05,wind_houses_light_interceptor_cruiser_r05,Игла,5,wind_houses,Ветровые Дома,cruiser,light_interceptor,light_interceptor_cruiser,prepared_materials,1,1.80,402295.00,0.00,402295.00,0.402
craft_wind_houses_light_interceptor_cruiser_r05,wind_houses_light_interceptor_cruiser_r05,Игла,5,wind_houses,Ветровые Дома,cruiser,light_interceptor,light_interceptor_cruiser,prepared_materials,2,1.60,318349.00,0.00,318349.00,0.318
craft_wind_houses_light_interceptor_cruiser_r05,wind_houses_light_interceptor_cruiser_r05,Игла,5,wind_houses,Ветровые Дома,cruiser,light_interceptor,light_interceptor_cruiser,prepared_materials,3,1.40,247822.00,0.00,247822.00,0.248
craft_wind_houses_light_interceptor_cruiser_r05,wind_houses_light_interceptor_cruiser_r05,Игла,5,wind_houses,Ветровые Дома,cruiser,light_interceptor,light_interceptor_cruiser,prepared_materials,4,1.20,182996.00,0.00,182996.00,0.183
craft_wind_houses_light_interceptor_cruiser_r05,wind_houses_light_interceptor_cruiser_r05,Игла,5,wind_houses,Ветровые Дома,cruiser,light_interceptor,light_interceptor_cruiser,prepared_materials,5,1.00,116233.00,0.00,116233.00,0.116
craft_wind_houses_light_interceptor_cruiser_r06,wind_houses_light_interceptor_cruiser_r06,Страж,6,wind_houses,Ветровые Дома,cruiser,light_interceptor,light_interceptor_cruiser,hull_and_machine_parts,0,2.00,1667440.00,0.00,1667440.00,1.667
craft_wind_houses_light_interceptor_cruiser_r06,wind_houses_light_interceptor_cruiser_r06,Страж,6,wind_houses,Ветровые Дома,cruiser,light_interceptor,light_interceptor_cruiser,hull_and_machine_parts,1,1.80,1444945.00,0.00,1444945.00,1.445
craft_wind_houses_light_interceptor_cruiser_r06,wind_houses_light_interceptor_cruiser_r06,Страж,6,wind_houses,Ветровые Дома,cruiser,light_interceptor,light_interceptor_cruiser,hull_and_machine_parts,2,1.60,1066702.00,0.00,1066702.00,1.067
craft_wind_houses_light_interceptor_cruiser_r06,wind_houses_light_interceptor_cruiser_r06,Страж,6,wind_houses,Ветровые Дома,cruiser,light_interceptor,light_interceptor_cruiser,hull_and_machine_parts,3,1.40,765394.00,0.00,765394.00,0.765
craft_wind_houses_light_interceptor_cruiser_r06,wind_houses_light_interceptor_cruiser_r06,Страж,6,wind_houses,Ветровые Дома,cruiser,light_interceptor,light_interceptor_cruiser,hull_and_machine_parts,4,1.20,521474.00,0.00,521474.00,0.521
craft_wind_houses_light_interceptor_cruiser_r06,wind_houses_light_interceptor_cruiser_r06,Страж,6,wind_houses,Ветровые Дома,cruiser,light_interceptor,light_interceptor_cruiser,hull_and_machine_parts,5,1.00,285740.00,0.00,285740.00,0.286
craft_wind_houses_light_interceptor_cruiser_r07,wind_houses_light_interceptor_cruiser_r07,Гепард,7,wind_houses,Ветровые Дома,cruiser,light_interceptor,light_interceptor_cruiser,hull_and_machine_parts,0,2.00,4032816.00,0.00,4032816.00,4.033
craft_wind_houses_light_interceptor_cruiser_r07,wind_houses_light_interceptor_cruiser_r07,Гепард,7,wind_houses,Ветровые Дома,cruiser,light_interceptor,light_interceptor_cruiser,hull_and_machine_parts,1,1.80,3412435.00,0.00,3412435.00,3.412
craft_wind_houses_light_interceptor_cruiser_r07,wind_houses_light_interceptor_cruiser_r07,Гепард,7,wind_houses,Ветровые Дома,cruiser,light_interceptor,light_interceptor_cruiser,hull_and_machine_parts,2,1.60,2494816.00,0.00,2494816.00,2.495
craft_wind_houses_light_interceptor_cruiser_r07,wind_houses_light_interceptor_cruiser_r07,Гепард,7,wind_houses,Ветровые Дома,cruiser,light_interceptor,light_interceptor_cruiser,hull_and_machine_parts,3,1.40,1818611.00,0.00,1818611.00,1.819
craft_wind_houses_light_interceptor_cruiser_r07,wind_houses_light_interceptor_cruiser_r07,Гепард,7,wind_houses,Ветровые Дома,cruiser,light_interceptor,light_interceptor_cruiser,hull_and_machine_parts,4,1.20,1223276.00,0.00,1223276.00,1.223
craft_wind_houses_light_interceptor_cruiser_r07,wind_houses_light_interceptor_cruiser_r07,Гепард,7,wind_houses,Ветровые Дома,cruiser,light_interceptor,light_interceptor_cruiser,hull_and_machine_parts,5,1.00,687337.00,0.00,687337.00,0.687
craft_wind_houses_light_interceptor_cruiser_r08,wind_houses_light_interceptor_cruiser_r08,Резец,8,wind_houses,Ветровые Дома,cruiser,light_interceptor,light_interceptor_cruiser,ship_blocks,0,2.00,15333736.00,0.00,15333736.00,15.334
craft_wind_houses_light_interceptor_cruiser_r08,wind_houses_light_interceptor_cruiser_r08,Резец,8,wind_houses,Ветровые Дома,cruiser,light_interceptor,light_interceptor_cruiser,ship_blocks,1,1.80,13798496.00,0.00,13798496.00,13.798
craft_wind_houses_light_interceptor_cruiser_r08,wind_houses_light_interceptor_cruiser_r08,Резец,8,wind_houses,Ветровые Дома,cruiser,light_interceptor,light_interceptor_cruiser,ship_blocks,2,1.60,10054574.00,0.00,10054574.00,10.055
craft_wind_houses_light_interceptor_cruiser_r08,wind_houses_light_interceptor_cruiser_r08,Резец,8,wind_houses,Ветровые Дома,cruiser,light_interceptor,light_interceptor_cruiser,ship_blocks,3,1.40,6420147.00,0.00,6420147.00,6.420
craft_wind_houses_light_interceptor_cruiser_r08,wind_houses_light_interceptor_cruiser_r08,Резец,8,wind_houses,Ветровые Дома,cruiser,light_interceptor,light_interceptor_cruiser,ship_blocks,4,1.20,4322928.00,0.00,4322928.00,4.323
craft_wind_houses_light_interceptor_cruiser_r08,wind_houses_light_interceptor_cruiser_r08,Резец,8,wind_houses,Ветровые Дома,cruiser,light_interceptor,light_interceptor_cruiser,ship_blocks,5,1.00,1843509.00,0.00,1843509.00,1.844
craft_wind_houses_light_interceptor_cruiser_r09,wind_houses_light_interceptor_cruiser_r09,Искатель,9,wind_houses,Ветровые Дома,cruiser,light_interceptor,light_interceptor_cruiser,ship_blocks,0,2.00,40740840.00,0.00,40740840.00,40.741
craft_wind_houses_light_interceptor_cruiser_r09,wind_houses_light_interceptor_cruiser_r09,Искатель,9,wind_houses,Ветровые Дома,cruiser,light_interceptor,light_interceptor_cruiser,ship_blocks,1,1.80,34524826.00,0.00,34524826.00,34.525
craft_wind_houses_light_interceptor_cruiser_r09,wind_houses_light_interceptor_cruiser_r09,Искатель,9,wind_houses,Ветровые Дома,cruiser,light_interceptor,light_interceptor_cruiser,ship_blocks,2,1.60,24083832.00,0.00,24083832.00,24.084
craft_wind_houses_light_interceptor_cruiser_r09,wind_houses_light_interceptor_cruiser_r09,Искатель,9,wind_houses,Ветровые Дома,cruiser,light_interceptor,light_interceptor_cruiser,ship_blocks,3,1.40,15990986.00,0.00,15990986.00,15.991
craft_wind_houses_light_interceptor_cruiser_r09,wind_houses_light_interceptor_cruiser_r09,Искатель,9,wind_houses,Ветровые Дома,cruiser,light_interceptor,light_interceptor_cruiser,ship_blocks,4,1.20,10177494.00,0.00,10177494.00,10.177
craft_wind_houses_light_interceptor_cruiser_r09,wind_houses_light_interceptor_cruiser_r09,Искатель,9,wind_houses,Ветровые Дома,cruiser,light_interceptor,light_interceptor_cruiser,ship_blocks,5,1.00,4812951.00,0.00,4812951.00,4.813
craft_wind_houses_light_interceptor_cruiser_r10,wind_houses_light_interceptor_cruiser_r10,Фалькон,10,wind_houses,Ветровые Дома,cruiser,light_interceptor,light_interceptor_cruiser,faction_flagship_license,0,2.00,89550300.00,5600000.00,95150300.00,95.150
craft_wind_houses_light_interceptor_cruiser_r10,wind_houses_light_interceptor_cruiser_r10,Фалькон,10,wind_houses,Ветровые Дома,cruiser,light_interceptor,light_interceptor_cruiser,faction_flagship_license,1,1.80,74659233.00,5600000.00,80259233.00,80.259
craft_wind_houses_light_interceptor_cruiser_r10,wind_houses_light_interceptor_cruiser_r10,Фалькон,10,wind_houses,Ветровые Дома,cruiser,light_interceptor,light_interceptor_cruiser,faction_flagship_license,2,1.60,52049839.00,5600000.00,57649839.00,57.650
craft_wind_houses_light_interceptor_cruiser_r10,wind_houses_light_interceptor_cruiser_r10,Фалькон,10,wind_houses,Ветровые Дома,cruiser,light_interceptor,light_interceptor_cruiser,faction_flagship_license,3,1.40,34980612.00,5600000.00,40580612.00,40.581
craft_wind_houses_light_interceptor_cruiser_r10,wind_houses_light_interceptor_cruiser_r10,Фалькон,10,wind_houses,Ветровые Дома,cruiser,light_interceptor,light_interceptor_cruiser,faction_flagship_license,4,1.20,22235582.00,5600000.00,27835582.00,27.836
craft_wind_houses_light_interceptor_cruiser_r10,wind_houses_light_interceptor_cruiser_r10,Фалькон,10,wind_houses,Ветровые Дома,cruiser,light_interceptor,light_interceptor_cruiser,faction_flagship_license,5,1.00,11204603.00,5600000.00,16804603.00,16.805
craft_wind_houses_repair_battleship_r02,wind_houses_repair_battleship_r02,Причал,2,wind_houses,Ветровые Дома,battleship,repair,repair_battleship,raw_resources,0,2.00,20100.00,0.00,20100.00,0.020
craft_wind_houses_repair_battleship_r02,wind_houses_repair_battleship_r02,Причал,2,wind_houses,Ветровые Дома,battleship,repair,repair_battleship,raw_resources,1,1.80,18280.00,0.00,18280.00,0.018
craft_wind_houses_repair_battleship_r02,wind_houses_repair_battleship_r02,Причал,2,wind_houses,Ветровые Дома,battleship,repair,repair_battleship,raw_resources,2,1.60,16200.00,0.00,16200.00,0.016
craft_wind_houses_repair_battleship_r02,wind_houses_repair_battleship_r02,Причал,2,wind_houses,Ветровые Дома,battleship,repair,repair_battleship,raw_resources,3,1.40,14280.00,0.00,14280.00,0.014
craft_wind_houses_repair_battleship_r02,wind_houses_repair_battleship_r02,Причал,2,wind_houses,Ветровые Дома,battleship,repair,repair_battleship,raw_resources,4,1.20,12200.00,0.00,12200.00,0.012
craft_wind_houses_repair_battleship_r02,wind_houses_repair_battleship_r02,Причал,2,wind_houses,Ветровые Дома,battleship,repair,repair_battleship,raw_resources,5,1.00,10050.00,0.00,10050.00,0.010
craft_wind_houses_repair_battleship_r03,wind_houses_repair_battleship_r03,Покров,3,wind_houses,Ветровые Дома,battleship,repair,repair_battleship,raw_resources,0,2.00,54060.00,0.00,54060.00,0.054
craft_wind_houses_repair_battleship_r03,wind_houses_repair_battleship_r03,Покров,3,wind_houses,Ветровые Дома,battleship,repair,repair_battleship,raw_resources,1,1.80,48790.00,0.00,48790.00,0.049
craft_wind_houses_repair_battleship_r03,wind_houses_repair_battleship_r03,Покров,3,wind_houses,Ветровые Дома,battleship,repair,repair_battleship,raw_resources,2,1.60,43440.00,0.00,43440.00,0.043
craft_wind_houses_repair_battleship_r03,wind_houses_repair_battleship_r03,Покров,3,wind_houses,Ветровые Дома,battleship,repair,repair_battleship,raw_resources,3,1.40,37910.00,0.00,37910.00,0.038
craft_wind_houses_repair_battleship_r03,wind_houses_repair_battleship_r03,Покров,3,wind_houses,Ветровые Дома,battleship,repair,repair_battleship,raw_resources,4,1.20,32560.00,0.00,32560.00,0.033
craft_wind_houses_repair_battleship_r03,wind_houses_repair_battleship_r03,Покров,3,wind_houses,Ветровые Дома,battleship,repair,repair_battleship,raw_resources,5,1.00,27030.00,0.00,27030.00,0.027
craft_wind_houses_repair_battleship_r04,wind_houses_repair_battleship_r04,Эскорт,4,wind_houses,Ветровые Дома,battleship,repair,repair_battleship,prepared_materials,0,2.00,258348.00,0.00,258348.00,0.258
craft_wind_houses_repair_battleship_r04,wind_houses_repair_battleship_r04,Эскорт,4,wind_houses,Ветровые Дома,battleship,repair,repair_battleship,prepared_materials,1,1.80,221618.00,0.00,221618.00,0.222
craft_wind_houses_repair_battleship_r04,wind_houses_repair_battleship_r04,Эскорт,4,wind_houses,Ветровые Дома,battleship,repair,repair_battleship,prepared_materials,2,1.60,178053.00,0.00,178053.00,0.178
craft_wind_houses_repair_battleship_r04,wind_houses_repair_battleship_r04,Эскорт,4,wind_houses,Ветровые Дома,battleship,repair,repair_battleship,prepared_materials,3,1.40,137236.00,0.00,137236.00,0.137
craft_wind_houses_repair_battleship_r04,wind_houses_repair_battleship_r04,Эскорт,4,wind_houses,Ветровые Дома,battleship,repair,repair_battleship,prepared_materials,4,1.20,103440.00,0.00,103440.00,0.103
craft_wind_houses_repair_battleship_r04,wind_houses_repair_battleship_r04,Эскорт,4,wind_houses,Ветровые Дома,battleship,repair,repair_battleship,prepared_materials,5,1.00,66377.00,0.00,66377.00,0.066
craft_wind_houses_repair_battleship_r05,wind_houses_repair_battleship_r05,Берег,5,wind_houses,Ветровые Дома,battleship,repair,repair_battleship,prepared_materials,0,2.00,688052.00,0.00,688052.00,0.688
craft_wind_houses_repair_battleship_r05,wind_houses_repair_battleship_r05,Берег,5,wind_houses,Ветровые Дома,battleship,repair,repair_battleship,prepared_materials,1,1.80,588902.00,0.00,588902.00,0.589
craft_wind_houses_repair_battleship_r05,wind_houses_repair_battleship_r05,Берег,5,wind_houses,Ветровые Дома,battleship,repair,repair_battleship,prepared_materials,2,1.60,472236.00,0.00,472236.00,0.472
craft_wind_houses_repair_battleship_r05,wind_houses_repair_battleship_r05,Берег,5,wind_houses,Ветровые Дома,battleship,repair,repair_battleship,prepared_materials,3,1.40,363420.00,0.00,363420.00,0.363
craft_wind_houses_repair_battleship_r05,wind_houses_repair_battleship_r05,Берег,5,wind_houses,Ветровые Дома,battleship,repair,repair_battleship,prepared_materials,4,1.20,273086.00,0.00,273086.00,0.273
craft_wind_houses_repair_battleship_r05,wind_houses_repair_battleship_r05,Берег,5,wind_houses,Ветровые Дома,battleship,repair,repair_battleship,prepared_materials,5,1.00,175233.00,0.00,175233.00,0.175
craft_wind_houses_repair_battleship_r06,wind_houses_repair_battleship_r06,Патрон,6,wind_houses,Ветровые Дома,battleship,repair,repair_battleship,hull_and_machine_parts,0,2.00,2626224.00,0.00,2626224.00,2.626
craft_wind_houses_repair_battleship_r06,wind_houses_repair_battleship_r06,Патрон,6,wind_houses,Ветровые Дома,battleship,repair,repair_battleship,hull_and_machine_parts,1,1.80,2205694.00,0.00,2205694.00,2.206
craft_wind_houses_repair_battleship_r06,wind_houses_repair_battleship_r06,Патрон,6,wind_houses,Ветровые Дома,battleship,repair,repair_battleship,hull_and_machine_parts,2,1.60,1624322.00,0.00,1624322.00,1.624
craft_wind_houses_repair_battleship_r06,wind_houses_repair_battleship_r06,Патрон,6,wind_houses,Ветровые Дома,battleship,repair,repair_battleship,hull_and_machine_parts,3,1.40,1151366.00,0.00,1151366.00,1.151
craft_wind_houses_repair_battleship_r06,wind_houses_repair_battleship_r06,Патрон,6,wind_houses,Ветровые Дома,battleship,repair,repair_battleship,hull_and_machine_parts,4,1.20,782608.00,0.00,782608.00,0.783
craft_wind_houses_repair_battleship_r06,wind_houses_repair_battleship_r06,Патрон,6,wind_houses,Ветровые Дома,battleship,repair,repair_battleship,hull_and_machine_parts,5,1.00,421554.00,0.00,421554.00,0.422
craft_wind_houses_repair_battleship_r07,wind_houses_repair_battleship_r07,Фарос,7,wind_houses,Ветровые Дома,battleship,repair,repair_battleship,hull_and_machine_parts,0,2.00,7206184.00,0.00,7206184.00,7.206
craft_wind_houses_repair_battleship_r07,wind_houses_repair_battleship_r07,Фарос,7,wind_houses,Ветровые Дома,battleship,repair,repair_battleship,hull_and_machine_parts,1,1.80,5995543.00,0.00,5995543.00,5.996
craft_wind_houses_repair_battleship_r07,wind_houses_repair_battleship_r07,Фарос,7,wind_houses,Ветровые Дома,battleship,repair,repair_battleship,hull_and_machine_parts,2,1.60,4338809.00,0.00,4338809.00,4.339
craft_wind_houses_repair_battleship_r07,wind_houses_repair_battleship_r07,Фарос,7,wind_houses,Ветровые Дома,battleship,repair,repair_battleship,hull_and_machine_parts,3,1.40,3107301.00,0.00,3107301.00,3.107
craft_wind_houses_repair_battleship_r07,wind_houses_repair_battleship_r07,Фарос,7,wind_houses,Ветровые Дома,battleship,repair,repair_battleship,hull_and_machine_parts,4,1.20,2058166.00,0.00,2058166.00,2.058
craft_wind_houses_repair_battleship_r07,wind_houses_repair_battleship_r07,Фарос,7,wind_houses,Ветровые Дома,battleship,repair,repair_battleship,hull_and_machine_parts,5,1.00,1128498.00,0.00,1128498.00,1.128
craft_wind_houses_repair_battleship_r08,wind_houses_repair_battleship_r08,Целитель,8,wind_houses,Ветровые Дома,battleship,repair,repair_battleship,ship_blocks,0,2.00,25290616.00,0.00,25290616.00,25.291
craft_wind_houses_repair_battleship_r08,wind_houses_repair_battleship_r08,Целитель,8,wind_houses,Ветровые Дома,battleship,repair,repair_battleship,ship_blocks,1,1.80,21807198.00,0.00,21807198.00,21.807
craft_wind_houses_repair_battleship_r08,wind_houses_repair_battleship_r08,Целитель,8,wind_houses,Ветровые Дома,battleship,repair,repair_battleship,ship_blocks,2,1.60,15835461.00,0.00,15835461.00,15.835
craft_wind_houses_repair_battleship_r08,wind_houses_repair_battleship_r08,Целитель,8,wind_houses,Ветровые Дома,battleship,repair,repair_battleship,ship_blocks,3,1.40,10397623.00,0.00,10397623.00,10.398
craft_wind_houses_repair_battleship_r08,wind_houses_repair_battleship_r08,Целитель,8,wind_houses,Ветровые Дома,battleship,repair,repair_battleship,ship_blocks,4,1.20,6964388.00,0.00,6964388.00,6.964
craft_wind_houses_repair_battleship_r08,wind_houses_repair_battleship_r08,Целитель,8,wind_houses,Ветровые Дома,battleship,repair,repair_battleship,ship_blocks,5,1.00,2848930.00,0.00,2848930.00,2.849
craft_wind_houses_repair_battleship_r09,wind_houses_repair_battleship_r09,Архонт,9,wind_houses,Ветровые Дома,battleship,repair,repair_battleship,ship_blocks,0,2.00,62204104.00,0.00,62204104.00,62.204
craft_wind_houses_repair_battleship_r09,wind_houses_repair_battleship_r09,Архонт,9,wind_houses,Ветровые Дома,battleship,repair,repair_battleship,ship_blocks,1,1.80,52607253.00,0.00,52607253.00,52.607
craft_wind_houses_repair_battleship_r09,wind_houses_repair_battleship_r09,Архонт,9,wind_houses,Ветровые Дома,battleship,repair,repair_battleship,ship_blocks,2,1.60,35738224.00,0.00,35738224.00,35.738
craft_wind_houses_repair_battleship_r09,wind_houses_repair_battleship_r09,Архонт,9,wind_houses,Ветровые Дома,battleship,repair,repair_battleship,ship_blocks,3,1.40,24293603.00,0.00,24293603.00,24.294
craft_wind_houses_repair_battleship_r09,wind_houses_repair_battleship_r09,Архонт,9,wind_houses,Ветровые Дома,battleship,repair,repair_battleship,ship_blocks,4,1.20,14941920.00,0.00,14941920.00,14.942
craft_wind_houses_repair_battleship_r09,wind_houses_repair_battleship_r09,Архонт,9,wind_houses,Ветровые Дома,battleship,repair,repair_battleship,ship_blocks,5,1.00,6921924.00,0.00,6921924.00,6.922
craft_wind_houses_repair_battleship_r10,wind_houses_repair_battleship_r10,Маяк,10,wind_houses,Ветровые Дома,battleship,repair,repair_battleship,faction_flagship_license,0,2.00,140464216.00,5600000.00,146064216.00,146.064
craft_wind_houses_repair_battleship_r10,wind_houses_repair_battleship_r10,Маяк,10,wind_houses,Ветровые Дома,battleship,repair,repair_battleship,faction_flagship_license,1,1.80,116386602.00,5600000.00,121986602.00,121.987
craft_wind_houses_repair_battleship_r10,wind_houses_repair_battleship_r10,Маяк,10,wind_houses,Ветровые Дома,battleship,repair,repair_battleship,faction_flagship_license,2,1.60,80455656.00,5600000.00,86055656.00,86.056
craft_wind_houses_repair_battleship_r10,wind_houses_repair_battleship_r10,Маяк,10,wind_houses,Ветровые Дома,battleship,repair,repair_battleship,faction_flagship_license,3,1.40,53644809.00,5600000.00,59244809.00,59.245
craft_wind_houses_repair_battleship_r10,wind_houses_repair_battleship_r10,Маяк,10,wind_houses,Ветровые Дома,battleship,repair,repair_battleship,faction_flagship_license,4,1.20,33718534.00,5600000.00,39318534.00,39.319
craft_wind_houses_repair_battleship_r10,wind_houses_repair_battleship_r10,Маяк,10,wind_houses,Ветровые Дома,battleship,repair,repair_battleship,faction_flagship_license,5,1.00,16499868.00,5600000.00,22099868.00,22.100
craft_wind_houses_industrial_battleship_r02,wind_houses_industrial_battleship_r02,Гондола,2,wind_houses,Ветровые Дома,battleship,industrial,industrial_battleship,raw_resources,0,2.00,21220.00,0.00,21220.00,0.021
craft_wind_houses_industrial_battleship_r02,wind_houses_industrial_battleship_r02,Гондола,2,wind_houses,Ветровые Дома,battleship,industrial,industrial_battleship,raw_resources,1,1.80,19220.00,0.00,19220.00,0.019
craft_wind_houses_industrial_battleship_r02,wind_houses_industrial_battleship_r02,Гондола,2,wind_houses,Ветровые Дома,battleship,industrial,industrial_battleship,raw_resources,2,1.60,17080.00,0.00,17080.00,0.017
craft_wind_houses_industrial_battleship_r02,wind_houses_industrial_battleship_r02,Гондола,2,wind_houses,Ветровые Дома,battleship,industrial,industrial_battleship,raw_resources,3,1.40,14970.00,0.00,14970.00,0.015
craft_wind_houses_industrial_battleship_r02,wind_houses_industrial_battleship_r02,Гондола,2,wind_houses,Ветровые Дома,battleship,industrial,industrial_battleship,raw_resources,4,1.20,12830.00,0.00,12830.00,0.013
craft_wind_houses_industrial_battleship_r02,wind_houses_industrial_battleship_r02,Гондола,2,wind_houses,Ветровые Дома,battleship,industrial,industrial_battleship,raw_resources,5,1.00,10610.00,0.00,10610.00,0.011
craft_wind_houses_industrial_battleship_r03,wind_houses_industrial_battleship_r03,Транзит,3,wind_houses,Ветровые Дома,battleship,industrial,industrial_battleship,raw_resources,0,2.00,56540.00,0.00,56540.00,0.057
craft_wind_houses_industrial_battleship_r03,wind_houses_industrial_battleship_r03,Транзит,3,wind_houses,Ветровые Дома,battleship,industrial,industrial_battleship,raw_resources,1,1.80,50970.00,0.00,50970.00,0.051
craft_wind_houses_industrial_battleship_r03,wind_houses_industrial_battleship_r03,Транзит,3,wind_houses,Ветровые Дома,battleship,industrial,industrial_battleship,raw_resources,2,1.60,45340.00,0.00,45340.00,0.045
craft_wind_houses_industrial_battleship_r03,wind_houses_industrial_battleship_r03,Транзит,3,wind_houses,Ветровые Дома,battleship,industrial,industrial_battleship,raw_resources,3,1.40,39620.00,0.00,39620.00,0.040
craft_wind_houses_industrial_battleship_r03,wind_houses_industrial_battleship_r03,Транзит,3,wind_houses,Ветровые Дома,battleship,industrial,industrial_battleship,raw_resources,4,1.20,33990.00,0.00,33990.00,0.034
craft_wind_houses_industrial_battleship_r03,wind_houses_industrial_battleship_r03,Транзит,3,wind_houses,Ветровые Дома,battleship,industrial,industrial_battleship,raw_resources,5,1.00,28270.00,0.00,28270.00,0.028
craft_wind_houses_industrial_battleship_r04,wind_houses_industrial_battleship_r04,Каравелла,4,wind_houses,Ветровые Дома,battleship,industrial,industrial_battleship,prepared_materials,0,2.00,257552.00,0.00,257552.00,0.258
craft_wind_houses_industrial_battleship_r04,wind_houses_industrial_battleship_r04,Каравелла,4,wind_houses,Ветровые Дома,battleship,industrial,industrial_battleship,prepared_materials,1,1.80,221238.00,0.00,221238.00,0.221
craft_wind_houses_industrial_battleship_r04,wind_houses_industrial_battleship_r04,Каравелла,4,wind_houses,Ветровые Дома,battleship,industrial,industrial_battleship,prepared_materials,2,1.60,177376.00,0.00,177376.00,0.177
craft_wind_houses_industrial_battleship_r04,wind_houses_industrial_battleship_r04,Каравелла,4,wind_houses,Ветровые Дома,battleship,industrial,industrial_battleship,prepared_materials,3,1.40,138045.00,0.00,138045.00,0.138
craft_wind_houses_industrial_battleship_r04,wind_houses_industrial_battleship_r04,Каравелла,4,wind_houses,Ветровые Дома,battleship,industrial,industrial_battleship,prepared_materials,4,1.20,103854.00,0.00,103854.00,0.104
craft_wind_houses_industrial_battleship_r04,wind_houses_industrial_battleship_r04,Каравелла,4,wind_houses,Ветровые Дома,battleship,industrial,industrial_battleship,prepared_materials,5,1.00,67588.00,0.00,67588.00,0.068
craft_wind_houses_industrial_battleship_r05,wind_houses_industrial_battleship_r05,Магнит,5,wind_houses,Ветровые Дома,battleship,industrial,industrial_battleship,prepared_materials,0,2.00,633972.00,0.00,633972.00,0.634
craft_wind_houses_industrial_battleship_r05,wind_houses_industrial_battleship_r05,Магнит,5,wind_houses,Ветровые Дома,battleship,industrial,industrial_battleship,prepared_materials,1,1.80,541803.00,0.00,541803.00,0.542
craft_wind_houses_industrial_battleship_r05,wind_houses_industrial_battleship_r05,Магнит,5,wind_houses,Ветровые Дома,battleship,industrial,industrial_battleship,prepared_materials,2,1.60,434299.00,0.00,434299.00,0.434
craft_wind_houses_industrial_battleship_r05,wind_houses_industrial_battleship_r05,Магнит,5,wind_houses,Ветровые Дома,battleship,industrial,industrial_battleship,prepared_materials,3,1.40,335016.00,0.00,335016.00,0.335
craft_wind_houses_industrial_battleship_r05,wind_houses_industrial_battleship_r05,Магнит,5,wind_houses,Ветровые Дома,battleship,industrial,industrial_battleship,prepared_materials,4,1.20,251692.00,0.00,251692.00,0.252
craft_wind_houses_industrial_battleship_r05,wind_houses_industrial_battleship_r05,Магнит,5,wind_houses,Ветровые Дома,battleship,industrial,industrial_battleship,prepared_materials,5,1.00,161793.00,0.00,161793.00,0.162
craft_wind_houses_industrial_battleship_r06,wind_houses_industrial_battleship_r06,Линия,6,wind_houses,Ветровые Дома,battleship,industrial,industrial_battleship,hull_and_machine_parts,0,2.00,2728648.00,0.00,2728648.00,2.729
craft_wind_houses_industrial_battleship_r06,wind_houses_industrial_battleship_r06,Линия,6,wind_houses,Ветровые Дома,battleship,industrial,industrial_battleship,hull_and_machine_parts,1,1.80,2285164.00,0.00,2285164.00,2.285
craft_wind_houses_industrial_battleship_r06,wind_houses_industrial_battleship_r06,Линия,6,wind_houses,Ветровые Дома,battleship,industrial,industrial_battleship,hull_and_machine_parts,2,1.60,1655793.00,0.00,1655793.00,1.656
craft_wind_houses_industrial_battleship_r06,wind_houses_industrial_battleship_r06,Линия,6,wind_houses,Ветровые Дома,battleship,industrial,industrial_battleship,hull_and_machine_parts,3,1.40,1172142.00,0.00,1172142.00,1.172
craft_wind_houses_industrial_battleship_r06,wind_houses_industrial_battleship_r06,Линия,6,wind_houses,Ветровые Дома,battleship,industrial,industrial_battleship,hull_and_machine_parts,4,1.20,777690.00,0.00,777690.00,0.778
craft_wind_houses_industrial_battleship_r06,wind_houses_industrial_battleship_r06,Линия,6,wind_houses,Ветровые Дома,battleship,industrial,industrial_battleship,hull_and_machine_parts,5,1.00,416075.00,0.00,416075.00,0.416
craft_wind_houses_industrial_battleship_r07,wind_houses_industrial_battleship_r07,Грузовик,7,wind_houses,Ветровые Дома,battleship,industrial,industrial_battleship,hull_and_machine_parts,0,2.00,6852584.00,0.00,6852584.00,6.853
craft_wind_houses_industrial_battleship_r07,wind_houses_industrial_battleship_r07,Грузовик,7,wind_houses,Ветровые Дома,battleship,industrial,industrial_battleship,hull_and_machine_parts,1,1.80,5689334.00,0.00,5689334.00,5.689
craft_wind_houses_industrial_battleship_r07,wind_houses_industrial_battleship_r07,Грузовик,7,wind_houses,Ветровые Дома,battleship,industrial,industrial_battleship,hull_and_machine_parts,2,1.60,4111570.00,0.00,4111570.00,4.112
craft_wind_houses_industrial_battleship_r07,wind_houses_industrial_battleship_r07,Грузовик,7,wind_houses,Ветровые Дома,battleship,industrial,industrial_battleship,hull_and_machine_parts,3,1.40,2895048.00,0.00,2895048.00,2.895
craft_wind_houses_industrial_battleship_r07,wind_houses_industrial_battleship_r07,Грузовик,7,wind_houses,Ветровые Дома,battleship,industrial,industrial_battleship,hull_and_machine_parts,4,1.20,1911448.00,0.00,1911448.00,1.911
craft_wind_houses_industrial_battleship_r07,wind_houses_industrial_battleship_r07,Грузовик,7,wind_houses,Ветровые Дома,battleship,industrial,industrial_battleship,hull_and_machine_parts,5,1.00,1038850.00,0.00,1038850.00,1.039
craft_wind_houses_industrial_battleship_r08,wind_houses_industrial_battleship_r08,Транспорт,8,wind_houses,Ветровые Дома,battleship,industrial,industrial_battleship,ship_blocks,0,2.00,24352144.00,0.00,24352144.00,24.352
craft_wind_houses_industrial_battleship_r08,wind_houses_industrial_battleship_r08,Транспорт,8,wind_houses,Ветровые Дома,battleship,industrial,industrial_battleship,ship_blocks,1,1.80,21239881.00,0.00,21239881.00,21.240
craft_wind_houses_industrial_battleship_r08,wind_houses_industrial_battleship_r08,Транспорт,8,wind_houses,Ветровые Дома,battleship,industrial,industrial_battleship,ship_blocks,2,1.60,15055035.00,0.00,15055035.00,15.055
craft_wind_houses_industrial_battleship_r08,wind_houses_industrial_battleship_r08,Транспорт,8,wind_houses,Ветровые Дома,battleship,industrial,industrial_battleship,ship_blocks,3,1.40,10165157.00,0.00,10165157.00,10.165
craft_wind_houses_industrial_battleship_r08,wind_houses_industrial_battleship_r08,Транспорт,8,wind_houses,Ветровые Дома,battleship,industrial,industrial_battleship,ship_blocks,4,1.20,6623424.00,0.00,6623424.00,6.623
craft_wind_houses_industrial_battleship_r08,wind_houses_industrial_battleship_r08,Транспорт,8,wind_houses,Ветровые Дома,battleship,industrial,industrial_battleship,ship_blocks,5,1.00,2768883.00,0.00,2768883.00,2.769
craft_wind_houses_industrial_battleship_r09,wind_houses_industrial_battleship_r09,Конвейер,9,wind_houses,Ветровые Дома,battleship,industrial,industrial_battleship,ship_blocks,0,2.00,58564256.00,0.00,58564256.00,58.564
craft_wind_houses_industrial_battleship_r09,wind_houses_industrial_battleship_r09,Конвейер,9,wind_houses,Ветровые Дома,battleship,industrial,industrial_battleship,ship_blocks,1,1.80,49356334.00,0.00,49356334.00,49.356
craft_wind_houses_industrial_battleship_r09,wind_houses_industrial_battleship_r09,Конвейер,9,wind_houses,Ветровые Дома,battleship,industrial,industrial_battleship,ship_blocks,2,1.60,33456158.00,0.00,33456158.00,33.456
craft_wind_houses_industrial_battleship_r09,wind_houses_industrial_battleship_r09,Конвейер,9,wind_houses,Ветровые Дома,battleship,industrial,industrial_battleship,ship_blocks,3,1.40,22677136.00,0.00,22677136.00,22.677
craft_wind_houses_industrial_battleship_r09,wind_houses_industrial_battleship_r09,Конвейер,9,wind_houses,Ветровые Дома,battleship,industrial,industrial_battleship,ship_blocks,4,1.20,13905942.00,0.00,13905942.00,13.906
craft_wind_houses_industrial_battleship_r09,wind_houses_industrial_battleship_r09,Конвейер,9,wind_houses,Ветровые Дома,battleship,industrial,industrial_battleship,ship_blocks,5,1.00,6571389.00,0.00,6571389.00,6.571
craft_wind_houses_industrial_battleship_r10,wind_houses_industrial_battleship_r10,Монсун,10,wind_houses,Ветровые Дома,battleship,industrial,industrial_battleship,faction_flagship_license,0,2.00,150781592.00,5600000.00,156381592.00,156.382
craft_wind_houses_industrial_battleship_r10,wind_houses_industrial_battleship_r10,Монсун,10,wind_houses,Ветровые Дома,battleship,industrial,industrial_battleship,faction_flagship_license,1,1.80,125291277.00,5600000.00,130891277.00,130.891
craft_wind_houses_industrial_battleship_r10,wind_houses_industrial_battleship_r10,Монсун,10,wind_houses,Ветровые Дома,battleship,industrial,industrial_battleship,faction_flagship_license,2,1.60,86622189.00,5600000.00,92222189.00,92.222
craft_wind_houses_industrial_battleship_r10,wind_houses_industrial_battleship_r10,Монсун,10,wind_houses,Ветровые Дома,battleship,industrial,industrial_battleship,faction_flagship_license,3,1.40,57531983.00,5600000.00,63131983.00,63.132
craft_wind_houses_industrial_battleship_r10,wind_houses_industrial_battleship_r10,Монсун,10,wind_houses,Ветровые Дома,battleship,industrial,industrial_battleship,faction_flagship_license,4,1.20,36164522.00,5600000.00,41764522.00,41.765
craft_wind_houses_industrial_battleship_r10,wind_houses_industrial_battleship_r10,Монсун,10,wind_houses,Ветровые Дома,battleship,industrial,industrial_battleship,faction_flagship_license,5,1.00,17884532.00,5600000.00,23484532.00,23.485
craft_mist_synod_siphon_scout_frigate_r02,mist_synod_siphon_scout_frigate_r02,Туманец,2,mist_synod,Туманный Синод,frigate,siphon_scout,siphon_scout_frigate,raw_resources,0,2.00,9560.00,0.00,9560.00,0.010
craft_mist_synod_siphon_scout_frigate_r02,mist_synod_siphon_scout_frigate_r02,Туманец,2,mist_synod,Туманный Синод,frigate,siphon_scout,siphon_scout_frigate,raw_resources,1,1.80,8840.00,0.00,8840.00,0.009
craft_mist_synod_siphon_scout_frigate_r02,mist_synod_siphon_scout_frigate_r02,Туманец,2,mist_synod,Туманный Синод,frigate,siphon_scout,siphon_scout_frigate,raw_resources,2,1.60,7970.00,0.00,7970.00,0.008
craft_mist_synod_siphon_scout_frigate_r02,mist_synod_siphon_scout_frigate_r02,Туманец,2,mist_synod,Туманный Синод,frigate,siphon_scout,siphon_scout_frigate,raw_resources,3,1.40,6980.00,0.00,6980.00,0.007
craft_mist_synod_siphon_scout_frigate_r02,mist_synod_siphon_scout_frigate_r02,Туманец,2,mist_synod,Туманный Синод,frigate,siphon_scout,siphon_scout_frigate,raw_resources,4,1.20,6110.00,0.00,6110.00,0.006
craft_mist_synod_siphon_scout_frigate_r02,mist_synod_siphon_scout_frigate_r02,Туманец,2,mist_synod,Туманный Синод,frigate,siphon_scout,siphon_scout_frigate,raw_resources,5,1.00,4780.00,0.00,4780.00,0.005
craft_mist_synod_siphon_scout_frigate_r03,mist_synod_siphon_scout_frigate_r03,Сифон,3,mist_synod,Туманный Синод,frigate,siphon_scout,siphon_scout_frigate,raw_resources,0,2.00,24880.00,0.00,24880.00,0.025
craft_mist_synod_siphon_scout_frigate_r03,mist_synod_siphon_scout_frigate_r03,Сифон,3,mist_synod,Туманный Синод,frigate,siphon_scout,siphon_scout_frigate,raw_resources,1,1.80,22670.00,0.00,22670.00,0.023
craft_mist_synod_siphon_scout_frigate_r03,mist_synod_siphon_scout_frigate_r03,Сифон,3,mist_synod,Туманный Синод,frigate,siphon_scout,siphon_scout_frigate,raw_resources,2,1.60,20150.00,0.00,20150.00,0.020
craft_mist_synod_siphon_scout_frigate_r03,mist_synod_siphon_scout_frigate_r03,Сифон,3,mist_synod,Туманный Синод,frigate,siphon_scout,siphon_scout_frigate,raw_resources,3,1.40,17630.00,0.00,17630.00,0.018
craft_mist_synod_siphon_scout_frigate_r03,mist_synod_siphon_scout_frigate_r03,Сифон,3,mist_synod,Туманный Синод,frigate,siphon_scout,siphon_scout_frigate,raw_resources,4,1.20,15110.00,0.00,15110.00,0.015
craft_mist_synod_siphon_scout_frigate_r03,mist_synod_siphon_scout_frigate_r03,Сифон,3,mist_synod,Туманный Синод,frigate,siphon_scout,siphon_scout_frigate,raw_resources,5,1.00,12440.00,0.00,12440.00,0.012
craft_mist_synod_siphon_scout_frigate_r04,mist_synod_siphon_scout_frigate_r04,Муть,4,mist_synod,Туманный Синод,frigate,siphon_scout,siphon_scout_frigate,prepared_materials,0,2.00,120820.00,0.00,120820.00,0.121
craft_mist_synod_siphon_scout_frigate_r04,mist_synod_siphon_scout_frigate_r04,Муть,4,mist_synod,Туманный Синод,frigate,siphon_scout,siphon_scout_frigate,prepared_materials,1,1.80,105604.00,0.00,105604.00,0.106
craft_mist_synod_siphon_scout_frigate_r04,mist_synod_siphon_scout_frigate_r04,Муть,4,mist_synod,Туманный Синод,frigate,siphon_scout,siphon_scout_frigate,prepared_materials,2,1.60,84577.00,0.00,84577.00,0.085
craft_mist_synod_siphon_scout_frigate_r04,mist_synod_siphon_scout_frigate_r04,Муть,4,mist_synod,Туманный Синод,frigate,siphon_scout,siphon_scout_frigate,prepared_materials,3,1.40,64894.00,0.00,64894.00,0.065
craft_mist_synod_siphon_scout_frigate_r04,mist_synod_siphon_scout_frigate_r04,Муть,4,mist_synod,Туманный Синод,frigate,siphon_scout,siphon_scout_frigate,prepared_materials,4,1.20,48656.00,0.00,48656.00,0.049
craft_mist_synod_siphon_scout_frigate_r04,mist_synod_siphon_scout_frigate_r04,Муть,4,mist_synod,Туманный Синод,frigate,siphon_scout,siphon_scout_frigate,prepared_materials,5,1.00,30205.00,0.00,30205.00,0.030
craft_mist_synod_siphon_scout_frigate_r05,mist_synod_siphon_scout_frigate_r05,Облачник,5,mist_synod,Туманный Синод,frigate,siphon_scout,siphon_scout_frigate,prepared_materials,0,2.00,306620.00,0.00,306620.00,0.307
craft_mist_synod_siphon_scout_frigate_r05,mist_synod_siphon_scout_frigate_r05,Облачник,5,mist_synod,Туманный Синод,frigate,siphon_scout,siphon_scout_frigate,prepared_materials,1,1.80,266446.00,0.00,266446.00,0.266
craft_mist_synod_siphon_scout_frigate_r05,mist_synod_siphon_scout_frigate_r05,Облачник,5,mist_synod,Туманный Синод,frigate,siphon_scout,siphon_scout_frigate,prepared_materials,2,1.60,212424.00,0.00,212424.00,0.212
craft_mist_synod_siphon_scout_frigate_r05,mist_synod_siphon_scout_frigate_r05,Облачник,5,mist_synod,Туманный Синод,frigate,siphon_scout,siphon_scout_frigate,prepared_materials,3,1.40,163893.00,0.00,163893.00,0.164
craft_mist_synod_siphon_scout_frigate_r05,mist_synod_siphon_scout_frigate_r05,Облачник,5,mist_synod,Туманный Синод,frigate,siphon_scout,siphon_scout_frigate,prepared_materials,4,1.20,122172.00,0.00,122172.00,0.122
craft_mist_synod_siphon_scout_frigate_r05,mist_synod_siphon_scout_frigate_r05,Облачник,5,mist_synod,Туманный Синод,frigate,siphon_scout,siphon_scout_frigate,prepared_materials,5,1.00,76655.00,0.00,76655.00,0.077
craft_mist_synod_siphon_scout_frigate_r06,mist_synod_siphon_scout_frigate_r06,Дымарь,6,mist_synod,Туманный Синод,frigate,siphon_scout,siphon_scout_frigate,hull_and_machine_parts,0,2.00,1239400.00,0.00,1239400.00,1.239
craft_mist_synod_siphon_scout_frigate_r06,mist_synod_siphon_scout_frigate_r06,Дымарь,6,mist_synod,Туманный Синод,frigate,siphon_scout,siphon_scout_frigate,hull_and_machine_parts,1,1.80,1093373.00,0.00,1093373.00,1.093
craft_mist_synod_siphon_scout_frigate_r06,mist_synod_siphon_scout_frigate_r06,Дымарь,6,mist_synod,Туманный Синод,frigate,siphon_scout,siphon_scout_frigate,hull_and_machine_parts,2,1.60,808006.00,0.00,808006.00,0.808
craft_mist_synod_siphon_scout_frigate_r06,mist_synod_siphon_scout_frigate_r06,Дымарь,6,mist_synod,Туманный Синод,frigate,siphon_scout,siphon_scout_frigate,hull_and_machine_parts,3,1.40,573442.00,0.00,573442.00,0.573
craft_mist_synod_siphon_scout_frigate_r06,mist_synod_siphon_scout_frigate_r06,Дымарь,6,mist_synod,Туманный Синод,frigate,siphon_scout,siphon_scout_frigate,hull_and_machine_parts,4,1.20,390826.00,0.00,390826.00,0.391
craft_mist_synod_siphon_scout_frigate_r06,mist_synod_siphon_scout_frigate_r06,Дымарь,6,mist_synod,Туманный Синод,frigate,siphon_scout,siphon_scout_frigate,hull_and_machine_parts,5,1.00,208200.00,0.00,208200.00,0.208
craft_mist_synod_siphon_scout_frigate_r07,mist_synod_siphon_scout_frigate_r07,Нобель,7,mist_synod,Туманный Синод,frigate,siphon_scout,siphon_scout_frigate,hull_and_machine_parts,0,2.00,2821848.00,0.00,2821848.00,2.822
craft_mist_synod_siphon_scout_frigate_r07,mist_synod_siphon_scout_frigate_r07,Нобель,7,mist_synod,Туманный Синод,frigate,siphon_scout,siphon_scout_frigate,hull_and_machine_parts,1,1.80,2393541.00,0.00,2393541.00,2.394
craft_mist_synod_siphon_scout_frigate_r07,mist_synod_siphon_scout_frigate_r07,Нобель,7,mist_synod,Туманный Синод,frigate,siphon_scout,siphon_scout_frigate,hull_and_machine_parts,2,1.60,1748568.00,0.00,1748568.00,1.749
craft_mist_synod_siphon_scout_frigate_r07,mist_synod_siphon_scout_frigate_r07,Нобель,7,mist_synod,Туманный Синод,frigate,siphon_scout,siphon_scout_frigate,hull_and_machine_parts,3,1.40,1258563.00,0.00,1258563.00,1.259
craft_mist_synod_siphon_scout_frigate_r07,mist_synod_siphon_scout_frigate_r07,Нобель,7,mist_synod,Туманный Синод,frigate,siphon_scout,siphon_scout_frigate,hull_and_machine_parts,4,1.20,843398.00,0.00,843398.00,0.843
craft_mist_synod_siphon_scout_frigate_r07,mist_synod_siphon_scout_frigate_r07,Нобель,7,mist_synod,Туманный Синод,frigate,siphon_scout,siphon_scout_frigate,hull_and_machine_parts,5,1.00,475251.00,0.00,475251.00,0.475
craft_mist_synod_siphon_scout_frigate_r08,mist_synod_siphon_scout_frigate_r08,Завеса,8,mist_synod,Туманный Синод,frigate,siphon_scout,siphon_scout_frigate,ship_blocks,0,2.00,11096912.00,0.00,11096912.00,11.097
craft_mist_synod_siphon_scout_frigate_r08,mist_synod_siphon_scout_frigate_r08,Завеса,8,mist_synod,Туманный Синод,frigate,siphon_scout,siphon_scout_frigate,ship_blocks,1,1.80,10065431.00,0.00,10065431.00,10.065
craft_mist_synod_siphon_scout_frigate_r08,mist_synod_siphon_scout_frigate_r08,Завеса,8,mist_synod,Туманный Синод,frigate,siphon_scout,siphon_scout_frigate,ship_blocks,2,1.60,7615930.00,0.00,7615930.00,7.616
craft_mist_synod_siphon_scout_frigate_r08,mist_synod_siphon_scout_frigate_r08,Завеса,8,mist_synod,Туманный Синод,frigate,siphon_scout,siphon_scout_frigate,ship_blocks,3,1.40,5201413.00,0.00,5201413.00,5.201
craft_mist_synod_siphon_scout_frigate_r08,mist_synod_siphon_scout_frigate_r08,Завеса,8,mist_synod,Туманный Синод,frigate,siphon_scout,siphon_scout_frigate,ship_blocks,4,1.20,3670370.00,0.00,3670370.00,3.670
craft_mist_synod_siphon_scout_frigate_r08,mist_synod_siphon_scout_frigate_r08,Завеса,8,mist_synod,Туманный Синод,frigate,siphon_scout,siphon_scout_frigate,ship_blocks,5,1.00,1304102.00,0.00,1304102.00,1.304
craft_mist_synod_siphon_scout_frigate_r09,mist_synod_siphon_scout_frigate_r09,Пульсар,9,mist_synod,Туманный Синод,frigate,siphon_scout,siphon_scout_frigate,ship_blocks,0,2.00,28893504.00,0.00,28893504.00,28.894
craft_mist_synod_siphon_scout_frigate_r09,mist_synod_siphon_scout_frigate_r09,Пульсар,9,mist_synod,Туманный Синод,frigate,siphon_scout,siphon_scout_frigate,ship_blocks,1,1.80,25744075.00,0.00,25744075.00,25.744
craft_mist_synod_siphon_scout_frigate_r09,mist_synod_siphon_scout_frigate_r09,Пульсар,9,mist_synod,Туманный Синод,frigate,siphon_scout,siphon_scout_frigate,ship_blocks,2,1.60,17735797.00,0.00,17735797.00,17.736
craft_mist_synod_siphon_scout_frigate_r09,mist_synod_siphon_scout_frigate_r09,Пульсар,9,mist_synod,Туманный Синод,frigate,siphon_scout,siphon_scout_frigate,ship_blocks,3,1.40,11958151.00,0.00,11958151.00,11.958
craft_mist_synod_siphon_scout_frigate_r09,mist_synod_siphon_scout_frigate_r09,Пульсар,9,mist_synod,Туманный Синод,frigate,siphon_scout,siphon_scout_frigate,ship_blocks,4,1.20,7497874.00,0.00,7497874.00,7.498
craft_mist_synod_siphon_scout_frigate_r09,mist_synod_siphon_scout_frigate_r09,Пульсар,9,mist_synod,Туманный Синод,frigate,siphon_scout,siphon_scout_frigate,ship_blocks,5,1.00,3340683.00,0.00,3340683.00,3.341
craft_mist_synod_siphon_scout_frigate_r10,mist_synod_siphon_scout_frigate_r10,Нимб,10,mist_synod,Туманный Синод,frigate,siphon_scout,siphon_scout_frigate,faction_flagship_license,0,2.00,62335304.00,5600000.00,67935304.00,67.935
craft_mist_synod_siphon_scout_frigate_r10,mist_synod_siphon_scout_frigate_r10,Нимб,10,mist_synod,Туманный Синод,frigate,siphon_scout,siphon_scout_frigate,faction_flagship_license,1,1.80,53369189.00,5600000.00,58969189.00,58.969
craft_mist_synod_siphon_scout_frigate_r10,mist_synod_siphon_scout_frigate_r10,Нимб,10,mist_synod,Туманный Синод,frigate,siphon_scout,siphon_scout_frigate,faction_flagship_license,2,1.60,36895915.00,5600000.00,42495915.00,42.496
craft_mist_synod_siphon_scout_frigate_r10,mist_synod_siphon_scout_frigate_r10,Нимб,10,mist_synod,Туманный Синод,frigate,siphon_scout,siphon_scout_frigate,faction_flagship_license,3,1.40,24294086.00,5600000.00,29894086.00,29.894
craft_mist_synod_siphon_scout_frigate_r10,mist_synod_siphon_scout_frigate_r10,Нимб,10,mist_synod,Туманный Синод,frigate,siphon_scout,siphon_scout_frigate,faction_flagship_license,4,1.20,15230266.00,5600000.00,20830266.00,20.830
craft_mist_synod_siphon_scout_frigate_r10,mist_synod_siphon_scout_frigate_r10,Нимб,10,mist_synod,Туманный Синод,frigate,siphon_scout,siphon_scout_frigate,faction_flagship_license,5,1.00,7593365.00,5600000.00,13193365.00,13.193
craft_mist_synod_dome_recon_frigate_r02,mist_synod_dome_recon_frigate_r02,Кокон,2,mist_synod,Туманный Синод,frigate,dome_recon,dome_recon_frigate,raw_resources,0,2.00,9080.00,0.00,9080.00,0.009
craft_mist_synod_dome_recon_frigate_r02,mist_synod_dome_recon_frigate_r02,Кокон,2,mist_synod,Туманный Синод,frigate,dome_recon,dome_recon_frigate,raw_resources,1,1.80,8370.00,0.00,8370.00,0.008
craft_mist_synod_dome_recon_frigate_r02,mist_synod_dome_recon_frigate_r02,Кокон,2,mist_synod,Туманный Синод,frigate,dome_recon,dome_recon_frigate,raw_resources,2,1.60,7450.00,0.00,7450.00,0.007
craft_mist_synod_dome_recon_frigate_r02,mist_synod_dome_recon_frigate_r02,Кокон,2,mist_synod,Туманный Синод,frigate,dome_recon,dome_recon_frigate,raw_resources,3,1.40,6700.00,0.00,6700.00,0.007
craft_mist_synod_dome_recon_frigate_r02,mist_synod_dome_recon_frigate_r02,Кокон,2,mist_synod,Туманный Синод,frigate,dome_recon,dome_recon_frigate,raw_resources,4,1.20,5780.00,0.00,5780.00,0.006
craft_mist_synod_dome_recon_frigate_r02,mist_synod_dome_recon_frigate_r02,Кокон,2,mist_synod,Туманный Синод,frigate,dome_recon,dome_recon_frigate,raw_resources,5,1.00,4540.00,0.00,4540.00,0.005
craft_mist_synod_dome_recon_frigate_r03,mist_synod_dome_recon_frigate_r03,Завесник,3,mist_synod,Туманный Синод,frigate,dome_recon,dome_recon_frigate,raw_resources,0,2.00,26020.00,0.00,26020.00,0.026
craft_mist_synod_dome_recon_frigate_r03,mist_synod_dome_recon_frigate_r03,Завесник,3,mist_synod,Туманный Синод,frigate,dome_recon,dome_recon_frigate,raw_resources,1,1.80,23740.00,0.00,23740.00,0.024
craft_mist_synod_dome_recon_frigate_r03,mist_synod_dome_recon_frigate_r03,Завесник,3,mist_synod,Туманный Синод,frigate,dome_recon,dome_recon_frigate,raw_resources,2,1.60,21080.00,0.00,21080.00,0.021
craft_mist_synod_dome_recon_frigate_r03,mist_synod_dome_recon_frigate_r03,Завесник,3,mist_synod,Туманный Синод,frigate,dome_recon,dome_recon_frigate,raw_resources,3,1.40,18500.00,0.00,18500.00,0.018
craft_mist_synod_dome_recon_frigate_r03,mist_synod_dome_recon_frigate_r03,Завесник,3,mist_synod,Туманный Синод,frigate,dome_recon,dome_recon_frigate,raw_resources,4,1.20,15840.00,0.00,15840.00,0.016
craft_mist_synod_dome_recon_frigate_r03,mist_synod_dome_recon_frigate_r03,Завесник,3,mist_synod,Туманный Синод,frigate,dome_recon,dome_recon_frigate,raw_resources,5,1.00,13010.00,0.00,13010.00,0.013
craft_mist_synod_dome_recon_frigate_r04,mist_synod_dome_recon_frigate_r04,Мираж,4,mist_synod,Туманный Синод,frigate,dome_recon,dome_recon_frigate,prepared_materials,0,2.00,134136.00,0.00,134136.00,0.134
craft_mist_synod_dome_recon_frigate_r04,mist_synod_dome_recon_frigate_r04,Мираж,4,mist_synod,Туманный Синод,frigate,dome_recon,dome_recon_frigate,prepared_materials,1,1.80,116887.00,0.00,116887.00,0.117
craft_mist_synod_dome_recon_frigate_r04,mist_synod_dome_recon_frigate_r04,Мираж,4,mist_synod,Туманный Синод,frigate,dome_recon,dome_recon_frigate,prepared_materials,2,1.60,93788.00,0.00,93788.00,0.094
craft_mist_synod_dome_recon_frigate_r04,mist_synod_dome_recon_frigate_r04,Мираж,4,mist_synod,Туманный Синод,frigate,dome_recon,dome_recon_frigate,prepared_materials,3,1.40,72077.00,0.00,72077.00,0.072
craft_mist_synod_dome_recon_frigate_r04,mist_synod_dome_recon_frigate_r04,Мираж,4,mist_synod,Туманный Синод,frigate,dome_recon,dome_recon_frigate,prepared_materials,4,1.20,54207.00,0.00,54207.00,0.054
craft_mist_synod_dome_recon_frigate_r04,mist_synod_dome_recon_frigate_r04,Мираж,4,mist_synod,Туманный Синод,frigate,dome_recon,dome_recon_frigate,prepared_materials,5,1.00,33534.00,0.00,33534.00,0.034
craft_mist_synod_dome_recon_frigate_r05,mist_synod_dome_recon_frigate_r05,Полость,5,mist_synod,Туманный Синод,frigate,dome_recon,dome_recon_frigate,prepared_materials,0,2.00,306528.00,0.00,306528.00,0.307
craft_mist_synod_dome_recon_frigate_r05,mist_synod_dome_recon_frigate_r05,Полость,5,mist_synod,Туманный Синод,frigate,dome_recon,dome_recon_frigate,prepared_materials,1,1.80,265962.00,0.00,265962.00,0.266
craft_mist_synod_dome_recon_frigate_r05,mist_synod_dome_recon_frigate_r05,Полость,5,mist_synod,Туманный Синод,frigate,dome_recon,dome_recon_frigate,prepared_materials,2,1.60,212981.00,0.00,212981.00,0.213
craft_mist_synod_dome_recon_frigate_r05,mist_synod_dome_recon_frigate_r05,Полость,5,mist_synod,Туманный Синод,frigate,dome_recon,dome_recon_frigate,prepared_materials,3,1.40,163382.00,0.00,163382.00,0.163
craft_mist_synod_dome_recon_frigate_r05,mist_synod_dome_recon_frigate_r05,Полость,5,mist_synod,Туманный Синод,frigate,dome_recon,dome_recon_frigate,prepared_materials,4,1.20,122480.00,0.00,122480.00,0.122
craft_mist_synod_dome_recon_frigate_r05,mist_synod_dome_recon_frigate_r05,Полость,5,mist_synod,Туманный Синод,frigate,dome_recon,dome_recon_frigate,prepared_materials,5,1.00,76632.00,0.00,76632.00,0.077
craft_mist_synod_dome_recon_frigate_r06,mist_synod_dome_recon_frigate_r06,Ореол,6,mist_synod,Туманный Синод,frigate,dome_recon,dome_recon_frigate,hull_and_machine_parts,0,2.00,1098424.00,0.00,1098424.00,1.098
craft_mist_synod_dome_recon_frigate_r06,mist_synod_dome_recon_frigate_r06,Ореол,6,mist_synod,Туманный Синод,frigate,dome_recon,dome_recon_frigate,hull_and_machine_parts,1,1.80,957772.00,0.00,957772.00,0.958
craft_mist_synod_dome_recon_frigate_r06,mist_synod_dome_recon_frigate_r06,Ореол,6,mist_synod,Туманный Синод,frigate,dome_recon,dome_recon_frigate,hull_and_machine_parts,2,1.60,740535.00,0.00,740535.00,0.741
craft_mist_synod_dome_recon_frigate_r06,mist_synod_dome_recon_frigate_r06,Ореол,6,mist_synod,Туманный Синод,frigate,dome_recon,dome_recon_frigate,hull_and_machine_parts,3,1.40,516424.00,0.00,516424.00,0.516
craft_mist_synod_dome_recon_frigate_r06,mist_synod_dome_recon_frigate_r06,Ореол,6,mist_synod,Туманный Синод,frigate,dome_recon,dome_recon_frigate,hull_and_machine_parts,4,1.20,375118.00,0.00,375118.00,0.375
craft_mist_synod_dome_recon_frigate_r06,mist_synod_dome_recon_frigate_r06,Ореол,6,mist_synod,Туманный Синод,frigate,dome_recon,dome_recon_frigate,hull_and_machine_parts,5,1.00,193008.00,0.00,193008.00,0.193
craft_mist_synod_dome_recon_frigate_r07,mist_synod_dome_recon_frigate_r07,Сфера,7,mist_synod,Туманный Синод,frigate,dome_recon,dome_recon_frigate,hull_and_machine_parts,0,2.00,2910456.00,0.00,2910456.00,2.910
craft_mist_synod_dome_recon_frigate_r07,mist_synod_dome_recon_frigate_r07,Сфера,7,mist_synod,Туманный Синод,frigate,dome_recon,dome_recon_frigate,hull_and_machine_parts,1,1.80,2480633.00,0.00,2480633.00,2.481
craft_mist_synod_dome_recon_frigate_r07,mist_synod_dome_recon_frigate_r07,Сфера,7,mist_synod,Туманный Синод,frigate,dome_recon,dome_recon_frigate,hull_and_machine_parts,2,1.60,1828134.00,0.00,1828134.00,1.828
craft_mist_synod_dome_recon_frigate_r07,mist_synod_dome_recon_frigate_r07,Сфера,7,mist_synod,Туманный Синод,frigate,dome_recon,dome_recon_frigate,hull_and_machine_parts,3,1.40,1332521.00,0.00,1332521.00,1.333
craft_mist_synod_dome_recon_frigate_r07,mist_synod_dome_recon_frigate_r07,Сфера,7,mist_synod,Туманный Синод,frigate,dome_recon,dome_recon_frigate,hull_and_machine_parts,4,1.20,905622.00,0.00,905622.00,0.906
craft_mist_synod_dome_recon_frigate_r07,mist_synod_dome_recon_frigate_r07,Сфера,7,mist_synod,Туманный Синод,frigate,dome_recon,dome_recon_frigate,hull_and_machine_parts,5,1.00,513372.00,0.00,513372.00,0.513
craft_mist_synod_dome_recon_frigate_r08,mist_synod_dome_recon_frigate_r08,Затвор,8,mist_synod,Туманный Синод,frigate,dome_recon,dome_recon_frigate,ship_blocks,0,2.00,11964552.00,0.00,11964552.00,11.965
craft_mist_synod_dome_recon_frigate_r08,mist_synod_dome_recon_frigate_r08,Затвор,8,mist_synod,Туманный Синод,frigate,dome_recon,dome_recon_frigate,ship_blocks,1,1.80,10893965.00,0.00,10893965.00,10.894
craft_mist_synod_dome_recon_frigate_r08,mist_synod_dome_recon_frigate_r08,Затвор,8,mist_synod,Туманный Синод,frigate,dome_recon,dome_recon_frigate,ship_blocks,2,1.60,8237699.00,0.00,8237699.00,8.238
craft_mist_synod_dome_recon_frigate_r08,mist_synod_dome_recon_frigate_r08,Затвор,8,mist_synod,Туманный Синод,frigate,dome_recon,dome_recon_frigate,ship_blocks,3,1.40,5588515.00,0.00,5588515.00,5.589
craft_mist_synod_dome_recon_frigate_r08,mist_synod_dome_recon_frigate_r08,Затвор,8,mist_synod,Туманный Синод,frigate,dome_recon,dome_recon_frigate,ship_blocks,4,1.20,3929886.00,0.00,3929886.00,3.930
craft_mist_synod_dome_recon_frigate_r08,mist_synod_dome_recon_frigate_r08,Затвор,8,mist_synod,Туманный Синод,frigate,dome_recon,dome_recon_frigate,ship_blocks,5,1.00,1373614.00,0.00,1373614.00,1.374
craft_mist_synod_dome_recon_frigate_r09,mist_synod_dome_recon_frigate_r09,Фантом,9,mist_synod,Туманный Синод,frigate,dome_recon,dome_recon_frigate,ship_blocks,0,2.00,26525856.00,0.00,26525856.00,26.526
craft_mist_synod_dome_recon_frigate_r09,mist_synod_dome_recon_frigate_r09,Фантом,9,mist_synod,Туманный Синод,frigate,dome_recon,dome_recon_frigate,ship_blocks,1,1.80,23539464.00,0.00,23539464.00,23.539
craft_mist_synod_dome_recon_frigate_r09,mist_synod_dome_recon_frigate_r09,Фантом,9,mist_synod,Туманный Синод,frigate,dome_recon,dome_recon_frigate,ship_blocks,2,1.60,16378456.00,0.00,16378456.00,16.378
craft_mist_synod_dome_recon_frigate_r09,mist_synod_dome_recon_frigate_r09,Фантом,9,mist_synod,Туманный Синод,frigate,dome_recon,dome_recon_frigate,ship_blocks,3,1.40,11207441.00,0.00,11207441.00,11.207
craft_mist_synod_dome_recon_frigate_r09,mist_synod_dome_recon_frigate_r09,Фантом,9,mist_synod,Туманный Синод,frigate,dome_recon,dome_recon_frigate,ship_blocks,4,1.20,7131002.00,0.00,7131002.00,7.131
craft_mist_synod_dome_recon_frigate_r09,mist_synod_dome_recon_frigate_r09,Фантом,9,mist_synod,Туманный Синод,frigate,dome_recon,dome_recon_frigate,ship_blocks,5,1.00,3131211.00,0.00,3131211.00,3.131
craft_mist_synod_dome_recon_frigate_r10,mist_synod_dome_recon_frigate_r10,Покров,10,mist_synod,Туманный Синод,frigate,dome_recon,dome_recon_frigate,faction_flagship_license,0,2.00,63647960.00,5600000.00,69247960.00,69.248
craft_mist_synod_dome_recon_frigate_r10,mist_synod_dome_recon_frigate_r10,Покров,10,mist_synod,Туманный Синод,frigate,dome_recon,dome_recon_frigate,faction_flagship_license,1,1.80,53939527.00,5600000.00,59539527.00,59.540
craft_mist_synod_dome_recon_frigate_r10,mist_synod_dome_recon_frigate_r10,Покров,10,mist_synod,Туманный Синод,frigate,dome_recon,dome_recon_frigate,faction_flagship_license,2,1.60,37319115.00,5600000.00,42919115.00,42.919
craft_mist_synod_dome_recon_frigate_r10,mist_synod_dome_recon_frigate_r10,Покров,10,mist_synod,Туманный Синод,frigate,dome_recon,dome_recon_frigate,faction_flagship_license,3,1.40,25387210.00,5600000.00,30987210.00,30.987
craft_mist_synod_dome_recon_frigate_r10,mist_synod_dome_recon_frigate_r10,Покров,10,mist_synod,Туманный Синод,frigate,dome_recon,dome_recon_frigate,faction_flagship_license,4,1.20,15982750.00,5600000.00,21582750.00,21.583
craft_mist_synod_dome_recon_frigate_r10,mist_synod_dome_recon_frigate_r10,Покров,10,mist_synod,Туманный Синод,frigate,dome_recon,dome_recon_frigate,faction_flagship_license,5,1.00,7880867.00,5600000.00,13480867.00,13.481
craft_mist_synod_gunline_cruiser_r02,mist_synod_gunline_cruiser_r02,Искатель,2,mist_synod,Туманный Синод,cruiser,gunline,gunline_cruiser,raw_resources,0,2.00,13580.00,0.00,13580.00,0.014
craft_mist_synod_gunline_cruiser_r02,mist_synod_gunline_cruiser_r02,Искатель,2,mist_synod,Туманный Синод,cruiser,gunline,gunline_cruiser,raw_resources,1,1.80,12300.00,0.00,12300.00,0.012
craft_mist_synod_gunline_cruiser_r02,mist_synod_gunline_cruiser_r02,Искатель,2,mist_synod,Туманный Синод,cruiser,gunline,gunline_cruiser,raw_resources,2,1.60,10940.00,0.00,10940.00,0.011
craft_mist_synod_gunline_cruiser_r02,mist_synod_gunline_cruiser_r02,Искатель,2,mist_synod,Туманный Синод,cruiser,gunline,gunline_cruiser,raw_resources,3,1.40,9660.00,0.00,9660.00,0.010
craft_mist_synod_gunline_cruiser_r02,mist_synod_gunline_cruiser_r02,Искатель,2,mist_synod,Туманный Синод,cruiser,gunline,gunline_cruiser,raw_resources,4,1.20,8300.00,0.00,8300.00,0.008
craft_mist_synod_gunline_cruiser_r02,mist_synod_gunline_cruiser_r02,Искатель,2,mist_synod,Туманный Синод,cruiser,gunline,gunline_cruiser,raw_resources,5,1.00,6790.00,0.00,6790.00,0.007
craft_mist_synod_gunline_cruiser_r03,mist_synod_gunline_cruiser_r03,Факел,3,mist_synod,Туманный Синод,cruiser,gunline,gunline_cruiser,raw_resources,0,2.00,34980.00,0.00,34980.00,0.035
craft_mist_synod_gunline_cruiser_r03,mist_synod_gunline_cruiser_r03,Факел,3,mist_synod,Туманный Синод,cruiser,gunline,gunline_cruiser,raw_resources,1,1.80,31560.00,0.00,31560.00,0.032
craft_mist_synod_gunline_cruiser_r03,mist_synod_gunline_cruiser_r03,Факел,3,mist_synod,Туманный Синод,cruiser,gunline,gunline_cruiser,raw_resources,2,1.60,28130.00,0.00,28130.00,0.028
craft_mist_synod_gunline_cruiser_r03,mist_synod_gunline_cruiser_r03,Факел,3,mist_synod,Туманный Синод,cruiser,gunline,gunline_cruiser,raw_resources,3,1.40,24590.00,0.00,24590.00,0.025
craft_mist_synod_gunline_cruiser_r03,mist_synod_gunline_cruiser_r03,Факел,3,mist_synod,Туманный Синод,cruiser,gunline,gunline_cruiser,raw_resources,4,1.20,21160.00,0.00,21160.00,0.021
craft_mist_synod_gunline_cruiser_r03,mist_synod_gunline_cruiser_r03,Факел,3,mist_synod,Туманный Синод,cruiser,gunline,gunline_cruiser,raw_resources,5,1.00,17490.00,0.00,17490.00,0.017
craft_mist_synod_gunline_cruiser_r04,mist_synod_gunline_cruiser_r04,Гарпия,4,mist_synod,Туманный Синод,cruiser,gunline,gunline_cruiser,prepared_materials,0,2.00,166216.00,0.00,166216.00,0.166
craft_mist_synod_gunline_cruiser_r04,mist_synod_gunline_cruiser_r04,Гарпия,4,mist_synod,Туманный Синод,cruiser,gunline,gunline_cruiser,prepared_materials,1,1.80,143042.00,0.00,143042.00,0.143
craft_mist_synod_gunline_cruiser_r04,mist_synod_gunline_cruiser_r04,Гарпия,4,mist_synod,Туманный Синод,cruiser,gunline,gunline_cruiser,prepared_materials,2,1.60,113308.00,0.00,113308.00,0.113
craft_mist_synod_gunline_cruiser_r04,mist_synod_gunline_cruiser_r04,Гарпия,4,mist_synod,Туманный Синод,cruiser,gunline,gunline_cruiser,prepared_materials,3,1.40,88230.00,0.00,88230.00,0.088
craft_mist_synod_gunline_cruiser_r04,mist_synod_gunline_cruiser_r04,Гарпия,4,mist_synod,Туманный Синод,cruiser,gunline,gunline_cruiser,prepared_materials,4,1.20,65248.00,0.00,65248.00,0.065
craft_mist_synod_gunline_cruiser_r04,mist_synod_gunline_cruiser_r04,Гарпия,4,mist_synod,Туманный Синод,cruiser,gunline,gunline_cruiser,prepared_materials,5,1.00,41554.00,0.00,41554.00,0.042
craft_mist_synod_gunline_cruiser_r05,mist_synod_gunline_cruiser_r05,Пламенник,5,mist_synod,Туманный Синод,cruiser,gunline,gunline_cruiser,prepared_materials,0,2.00,451960.00,0.00,451960.00,0.452
craft_mist_synod_gunline_cruiser_r05,mist_synod_gunline_cruiser_r05,Пламенник,5,mist_synod,Туманный Синод,cruiser,gunline,gunline_cruiser,prepared_materials,1,1.80,387369.00,0.00,387369.00,0.387
craft_mist_synod_gunline_cruiser_r05,mist_synod_gunline_cruiser_r05,Пламенник,5,mist_synod,Туманный Синод,cruiser,gunline,gunline_cruiser,prepared_materials,2,1.60,306928.00,0.00,306928.00,0.307
craft_mist_synod_gunline_cruiser_r05,mist_synod_gunline_cruiser_r05,Пламенник,5,mist_synod,Туманный Синод,cruiser,gunline,gunline_cruiser,prepared_materials,3,1.40,238740.00,0.00,238740.00,0.239
craft_mist_synod_gunline_cruiser_r05,mist_synod_gunline_cruiser_r05,Пламенник,5,mist_synod,Туманный Синод,cruiser,gunline,gunline_cruiser,prepared_materials,4,1.20,176606.00,0.00,176606.00,0.177
craft_mist_synod_gunline_cruiser_r05,mist_synod_gunline_cruiser_r05,Пламенник,5,mist_synod,Туманный Синод,cruiser,gunline,gunline_cruiser,prepared_materials,5,1.00,112990.00,0.00,112990.00,0.113
craft_mist_synod_gunline_cruiser_r06,mist_synod_gunline_cruiser_r06,Фосфор,6,mist_synod,Туманный Синод,cruiser,gunline,gunline_cruiser,hull_and_machine_parts,0,2.00,1771928.00,0.00,1771928.00,1.772
craft_mist_synod_gunline_cruiser_r06,mist_synod_gunline_cruiser_r06,Фосфор,6,mist_synod,Туманный Синод,cruiser,gunline,gunline_cruiser,hull_and_machine_parts,1,1.80,1489270.00,0.00,1489270.00,1.489
craft_mist_synod_gunline_cruiser_r06,mist_synod_gunline_cruiser_r06,Фосфор,6,mist_synod,Туманный Синод,cruiser,gunline,gunline_cruiser,hull_and_machine_parts,2,1.60,1074006.00,0.00,1074006.00,1.074
craft_mist_synod_gunline_cruiser_r06,mist_synod_gunline_cruiser_r06,Фосфор,6,mist_synod,Туманный Синод,cruiser,gunline,gunline_cruiser,hull_and_machine_parts,3,1.40,773730.00,0.00,773730.00,0.774
craft_mist_synod_gunline_cruiser_r06,mist_synod_gunline_cruiser_r06,Фосфор,6,mist_synod,Туманный Синод,cruiser,gunline,gunline_cruiser,hull_and_machine_parts,4,1.20,511812.00,0.00,511812.00,0.512
craft_mist_synod_gunline_cruiser_r06,mist_synod_gunline_cruiser_r06,Фосфор,6,mist_synod,Туманный Синод,cruiser,gunline,gunline_cruiser,hull_and_machine_parts,5,1.00,279590.00,0.00,279590.00,0.280
craft_mist_synod_gunline_cruiser_r07,mist_synod_gunline_cruiser_r07,Жаровня,7,mist_synod,Туманный Синод,cruiser,gunline,gunline_cruiser,hull_and_machine_parts,0,2.00,4255280.00,0.00,4255280.00,4.255
craft_mist_synod_gunline_cruiser_r07,mist_synod_gunline_cruiser_r07,Жаровня,7,mist_synod,Туманный Синод,cruiser,gunline,gunline_cruiser,hull_and_machine_parts,1,1.80,3510586.00,0.00,3510586.00,3.511
craft_mist_synod_gunline_cruiser_r07,mist_synod_gunline_cruiser_r07,Жаровня,7,mist_synod,Туманный Синод,cruiser,gunline,gunline_cruiser,hull_and_machine_parts,2,1.60,2536455.00,0.00,2536455.00,2.536
craft_mist_synod_gunline_cruiser_r07,mist_synod_gunline_cruiser_r07,Жаровня,7,mist_synod,Туманный Синод,cruiser,gunline,gunline_cruiser,hull_and_machine_parts,3,1.40,1836982.00,0.00,1836982.00,1.837
craft_mist_synod_gunline_cruiser_r07,mist_synod_gunline_cruiser_r07,Жаровня,7,mist_synod,Туманный Синод,cruiser,gunline,gunline_cruiser,hull_and_machine_parts,4,1.20,1219692.00,0.00,1219692.00,1.220
craft_mist_synod_gunline_cruiser_r07,mist_synod_gunline_cruiser_r07,Жаровня,7,mist_synod,Туманный Синод,cruiser,gunline,gunline_cruiser,hull_and_machine_parts,5,1.00,675275.00,0.00,675275.00,0.675
craft_mist_synod_gunline_cruiser_r08,mist_synod_gunline_cruiser_r08,Солнцепек,8,mist_synod,Туманный Синод,cruiser,gunline,gunline_cruiser,ship_blocks,0,2.00,15266216.00,0.00,15266216.00,15.266
craft_mist_synod_gunline_cruiser_r08,mist_synod_gunline_cruiser_r08,Солнцепек,8,mist_synod,Туманный Синод,cruiser,gunline,gunline_cruiser,ship_blocks,1,1.80,13583775.00,0.00,13583775.00,13.584
craft_mist_synod_gunline_cruiser_r08,mist_synod_gunline_cruiser_r08,Солнцепек,8,mist_synod,Туманный Синод,cruiser,gunline,gunline_cruiser,ship_blocks,2,1.60,9990305.00,0.00,9990305.00,9.990
craft_mist_synod_gunline_cruiser_r08,mist_synod_gunline_cruiser_r08,Солнцепек,8,mist_synod,Туманный Синод,cruiser,gunline,gunline_cruiser,ship_blocks,3,1.40,6648246.00,0.00,6648246.00,6.648
craft_mist_synod_gunline_cruiser_r08,mist_synod_gunline_cruiser_r08,Солнцепек,8,mist_synod,Туманный Синод,cruiser,gunline,gunline_cruiser,ship_blocks,4,1.20,4521350.00,0.00,4521350.00,4.521
craft_mist_synod_gunline_cruiser_r08,mist_synod_gunline_cruiser_r08,Солнцепек,8,mist_synod,Туманный Синод,cruiser,gunline,gunline_cruiser,ship_blocks,5,1.00,1748163.00,0.00,1748163.00,1.748
craft_mist_synod_gunline_cruiser_r09,mist_synod_gunline_cruiser_r09,Гелиос,9,mist_synod,Туманный Синод,cruiser,gunline,gunline_cruiser,ship_blocks,0,2.00,38994896.00,0.00,38994896.00,38.995
craft_mist_synod_gunline_cruiser_r09,mist_synod_gunline_cruiser_r09,Гелиос,9,mist_synod,Туманный Синод,cruiser,gunline,gunline_cruiser,ship_blocks,1,1.80,33245452.00,0.00,33245452.00,33.245
craft_mist_synod_gunline_cruiser_r09,mist_synod_gunline_cruiser_r09,Гелиос,9,mist_synod,Туманный Синод,cruiser,gunline,gunline_cruiser,ship_blocks,2,1.60,22826304.00,0.00,22826304.00,22.826
craft_mist_synod_gunline_cruiser_r09,mist_synod_gunline_cruiser_r09,Гелиос,9,mist_synod,Туманный Синод,cruiser,gunline,gunline_cruiser,ship_blocks,3,1.40,15129776.00,0.00,15129776.00,15.130
craft_mist_synod_gunline_cruiser_r09,mist_synod_gunline_cruiser_r09,Гелиос,9,mist_synod,Туманный Синод,cruiser,gunline,gunline_cruiser,ship_blocks,4,1.20,9405502.00,0.00,9405502.00,9.406
craft_mist_synod_gunline_cruiser_r09,mist_synod_gunline_cruiser_r09,Гелиос,9,mist_synod,Туманный Синод,cruiser,gunline,gunline_cruiser,ship_blocks,5,1.00,4459174.00,0.00,4459174.00,4.459
craft_mist_synod_gunline_cruiser_r10,mist_synod_gunline_cruiser_r10,Пирофор,10,mist_synod,Туманный Синод,cruiser,gunline,gunline_cruiser,faction_flagship_license,0,2.00,89695880.00,5600000.00,95295880.00,95.296
craft_mist_synod_gunline_cruiser_r10,mist_synod_gunline_cruiser_r10,Пирофор,10,mist_synod,Туманный Синод,cruiser,gunline,gunline_cruiser,faction_flagship_license,1,1.80,74904939.00,5600000.00,80504939.00,80.505
craft_mist_synod_gunline_cruiser_r10,mist_synod_gunline_cruiser_r10,Пирофор,10,mist_synod,Туманный Синод,cruiser,gunline,gunline_cruiser,faction_flagship_license,2,1.60,51610933.00,5600000.00,57210933.00,57.211
craft_mist_synod_gunline_cruiser_r10,mist_synod_gunline_cruiser_r10,Пирофор,10,mist_synod,Туманный Синод,cruiser,gunline,gunline_cruiser,faction_flagship_license,3,1.40,34929758.00,5600000.00,40529758.00,40.530
craft_mist_synod_gunline_cruiser_r10,mist_synod_gunline_cruiser_r10,Пирофор,10,mist_synod,Туманный Синод,cruiser,gunline,gunline_cruiser,faction_flagship_license,4,1.20,21884086.00,5600000.00,27484086.00,27.484
craft_mist_synod_gunline_cruiser_r10,mist_synod_gunline_cruiser_r10,Пирофор,10,mist_synod,Туманный Синод,cruiser,gunline,gunline_cruiser,faction_flagship_license,5,1.00,10686913.00,5600000.00,16286913.00,16.287
craft_mist_synod_toxic_cloud_cruiser_r02,mist_synod_toxic_cloud_cruiser_r02,Травник,2,mist_synod,Туманный Синод,cruiser,toxic_cloud,toxic_cloud_cruiser,raw_resources,0,2.00,13240.00,0.00,13240.00,0.013
craft_mist_synod_toxic_cloud_cruiser_r02,mist_synod_toxic_cloud_cruiser_r02,Травник,2,mist_synod,Туманный Синод,cruiser,toxic_cloud,toxic_cloud_cruiser,raw_resources,1,1.80,12050.00,0.00,12050.00,0.012
craft_mist_synod_toxic_cloud_cruiser_r02,mist_synod_toxic_cloud_cruiser_r02,Травник,2,mist_synod,Туманный Синод,cruiser,toxic_cloud,toxic_cloud_cruiser,raw_resources,2,1.60,10810.00,0.00,10810.00,0.011
craft_mist_synod_toxic_cloud_cruiser_r02,mist_synod_toxic_cloud_cruiser_r02,Травник,2,mist_synod,Туманный Синод,cruiser,toxic_cloud,toxic_cloud_cruiser,raw_resources,3,1.40,9420.00,0.00,9420.00,0.009
craft_mist_synod_toxic_cloud_cruiser_r02,mist_synod_toxic_cloud_cruiser_r02,Травник,2,mist_synod,Туманный Синод,cruiser,toxic_cloud,toxic_cloud_cruiser,raw_resources,4,1.20,8180.00,0.00,8180.00,0.008
craft_mist_synod_toxic_cloud_cruiser_r02,mist_synod_toxic_cloud_cruiser_r02,Травник,2,mist_synod,Туманный Синод,cruiser,toxic_cloud,toxic_cloud_cruiser,raw_resources,5,1.00,6620.00,0.00,6620.00,0.007
craft_mist_synod_toxic_cloud_cruiser_r03,mist_synod_toxic_cloud_cruiser_r03,Испарин,3,mist_synod,Туманный Синод,cruiser,toxic_cloud,toxic_cloud_cruiser,raw_resources,0,2.00,33000.00,0.00,33000.00,0.033
craft_mist_synod_toxic_cloud_cruiser_r03,mist_synod_toxic_cloud_cruiser_r03,Испарин,3,mist_synod,Туманный Синод,cruiser,toxic_cloud,toxic_cloud_cruiser,raw_resources,1,1.80,29800.00,0.00,29800.00,0.030
craft_mist_synod_toxic_cloud_cruiser_r03,mist_synod_toxic_cloud_cruiser_r03,Испарин,3,mist_synod,Туманный Синод,cruiser,toxic_cloud,toxic_cloud_cruiser,raw_resources,2,1.60,26570.00,0.00,26570.00,0.027
craft_mist_synod_toxic_cloud_cruiser_r03,mist_synod_toxic_cloud_cruiser_r03,Испарин,3,mist_synod,Туманный Синод,cruiser,toxic_cloud,toxic_cloud_cruiser,raw_resources,3,1.40,23260.00,0.00,23260.00,0.023
craft_mist_synod_toxic_cloud_cruiser_r03,mist_synod_toxic_cloud_cruiser_r03,Испарин,3,mist_synod,Туманный Синод,cruiser,toxic_cloud,toxic_cloud_cruiser,raw_resources,4,1.20,20030.00,0.00,20030.00,0.020
craft_mist_synod_toxic_cloud_cruiser_r03,mist_synod_toxic_cloud_cruiser_r03,Испарин,3,mist_synod,Туманный Синод,cruiser,toxic_cloud,toxic_cloud_cruiser,raw_resources,5,1.00,16500.00,0.00,16500.00,0.017
craft_mist_synod_toxic_cloud_cruiser_r04,mist_synod_toxic_cloud_cruiser_r04,Едок,4,mist_synod,Туманный Синод,cruiser,toxic_cloud,toxic_cloud_cruiser,prepared_materials,0,2.00,163260.00,0.00,163260.00,0.163
craft_mist_synod_toxic_cloud_cruiser_r04,mist_synod_toxic_cloud_cruiser_r04,Едок,4,mist_synod,Туманный Синод,cruiser,toxic_cloud,toxic_cloud_cruiser,prepared_materials,1,1.80,141312.00,0.00,141312.00,0.141
craft_mist_synod_toxic_cloud_cruiser_r04,mist_synod_toxic_cloud_cruiser_r04,Едок,4,mist_synod,Туманный Синод,cruiser,toxic_cloud,toxic_cloud_cruiser,prepared_materials,2,1.60,112501.00,0.00,112501.00,0.113
craft_mist_synod_toxic_cloud_cruiser_r04,mist_synod_toxic_cloud_cruiser_r04,Едок,4,mist_synod,Туманный Синод,cruiser,toxic_cloud,toxic_cloud_cruiser,prepared_materials,3,1.40,87701.00,0.00,87701.00,0.088
craft_mist_synod_toxic_cloud_cruiser_r04,mist_synod_toxic_cloud_cruiser_r04,Едок,4,mist_synod,Туманный Синод,cruiser,toxic_cloud,toxic_cloud_cruiser,prepared_materials,4,1.20,65330.00,0.00,65330.00,0.065
craft_mist_synod_toxic_cloud_cruiser_r04,mist_synod_toxic_cloud_cruiser_r04,Едок,4,mist_synod,Туманный Синод,cruiser,toxic_cloud,toxic_cloud_cruiser,prepared_materials,5,1.00,41665.00,0.00,41665.00,0.042
craft_mist_synod_toxic_cloud_cruiser_r05,mist_synod_toxic_cloud_cruiser_r05,Смог,5,mist_synod,Туманный Синод,cruiser,toxic_cloud,toxic_cloud_cruiser,prepared_materials,0,2.00,437200.00,0.00,437200.00,0.437
craft_mist_synod_toxic_cloud_cruiser_r05,mist_synod_toxic_cloud_cruiser_r05,Смог,5,mist_synod,Туманный Синод,cruiser,toxic_cloud,toxic_cloud_cruiser,prepared_materials,1,1.80,376420.00,0.00,376420.00,0.376
craft_mist_synod_toxic_cloud_cruiser_r05,mist_synod_toxic_cloud_cruiser_r05,Смог,5,mist_synod,Туманный Синод,cruiser,toxic_cloud,toxic_cloud_cruiser,prepared_materials,2,1.60,299715.00,0.00,299715.00,0.300
craft_mist_synod_toxic_cloud_cruiser_r05,mist_synod_toxic_cloud_cruiser_r05,Смог,5,mist_synod,Туманный Синод,cruiser,toxic_cloud,toxic_cloud_cruiser,prepared_materials,3,1.40,231574.00,0.00,231574.00,0.232
craft_mist_synod_toxic_cloud_cruiser_r05,mist_synod_toxic_cloud_cruiser_r05,Смог,5,mist_synod,Туманный Синод,cruiser,toxic_cloud,toxic_cloud_cruiser,prepared_materials,4,1.20,172336.00,0.00,172336.00,0.172
craft_mist_synod_toxic_cloud_cruiser_r05,mist_synod_toxic_cloud_cruiser_r05,Смог,5,mist_synod,Туманный Синод,cruiser,toxic_cloud,toxic_cloud_cruiser,prepared_materials,5,1.00,109300.00,0.00,109300.00,0.109
craft_mist_synod_toxic_cloud_cruiser_r06,mist_synod_toxic_cloud_cruiser_r06,Кислота,6,mist_synod,Туманный Синод,cruiser,toxic_cloud,toxic_cloud_cruiser,hull_and_machine_parts,0,2.00,1715280.00,0.00,1715280.00,1.715
craft_mist_synod_toxic_cloud_cruiser_r06,mist_synod_toxic_cloud_cruiser_r06,Кислота,6,mist_synod,Туманный Синод,cruiser,toxic_cloud,toxic_cloud_cruiser,hull_and_machine_parts,1,1.80,1451103.00,0.00,1451103.00,1.451
craft_mist_synod_toxic_cloud_cruiser_r06,mist_synod_toxic_cloud_cruiser_r06,Кислота,6,mist_synod,Туманный Синод,cruiser,toxic_cloud,toxic_cloud_cruiser,hull_and_machine_parts,2,1.60,1041237.00,0.00,1041237.00,1.041
craft_mist_synod_toxic_cloud_cruiser_r06,mist_synod_toxic_cloud_cruiser_r06,Кислота,6,mist_synod,Туманный Синод,cruiser,toxic_cloud,toxic_cloud_cruiser,hull_and_machine_parts,3,1.40,752552.00,0.00,752552.00,0.753
craft_mist_synod_toxic_cloud_cruiser_r06,mist_synod_toxic_cloud_cruiser_r06,Кислота,6,mist_synod,Туманный Синод,cruiser,toxic_cloud,toxic_cloud_cruiser,hull_and_machine_parts,4,1.20,492734.00,0.00,492734.00,0.493
craft_mist_synod_toxic_cloud_cruiser_r06,mist_synod_toxic_cloud_cruiser_r06,Кислота,6,mist_synod,Туманный Синод,cruiser,toxic_cloud,toxic_cloud_cruiser,hull_and_machine_parts,5,1.00,264315.00,0.00,264315.00,0.264
craft_mist_synod_toxic_cloud_cruiser_r07,mist_synod_toxic_cloud_cruiser_r07,Хмарь,7,mist_synod,Туманный Синод,cruiser,toxic_cloud,toxic_cloud_cruiser,hull_and_machine_parts,0,2.00,4854184.00,0.00,4854184.00,4.854
craft_mist_synod_toxic_cloud_cruiser_r07,mist_synod_toxic_cloud_cruiser_r07,Хмарь,7,mist_synod,Туманный Синод,cruiser,toxic_cloud,toxic_cloud_cruiser,hull_and_machine_parts,1,1.80,4042610.00,0.00,4042610.00,4.043
craft_mist_synod_toxic_cloud_cruiser_r07,mist_synod_toxic_cloud_cruiser_r07,Хмарь,7,mist_synod,Туманный Синод,cruiser,toxic_cloud,toxic_cloud_cruiser,hull_and_machine_parts,2,1.60,2901614.00,0.00,2901614.00,2.902
craft_mist_synod_toxic_cloud_cruiser_r07,mist_synod_toxic_cloud_cruiser_r07,Хмарь,7,mist_synod,Туманный Синод,cruiser,toxic_cloud,toxic_cloud_cruiser,hull_and_machine_parts,3,1.40,2077146.00,0.00,2077146.00,2.077
craft_mist_synod_toxic_cloud_cruiser_r07,mist_synod_toxic_cloud_cruiser_r07,Хмарь,7,mist_synod,Туманный Синод,cruiser,toxic_cloud,toxic_cloud_cruiser,hull_and_machine_parts,4,1.20,1359646.00,0.00,1359646.00,1.360
craft_mist_synod_toxic_cloud_cruiser_r07,mist_synod_toxic_cloud_cruiser_r07,Хмарь,7,mist_synod,Туманный Синод,cruiser,toxic_cloud,toxic_cloud_cruiser,hull_and_machine_parts,5,1.00,748803.00,0.00,748803.00,0.749
craft_mist_synod_toxic_cloud_cruiser_r08,mist_synod_toxic_cloud_cruiser_r08,Реагент,8,mist_synod,Туманный Синод,cruiser,toxic_cloud,toxic_cloud_cruiser,ship_blocks,0,2.00,16262872.00,0.00,16262872.00,16.263
craft_mist_synod_toxic_cloud_cruiser_r08,mist_synod_toxic_cloud_cruiser_r08,Реагент,8,mist_synod,Туманный Синод,cruiser,toxic_cloud,toxic_cloud_cruiser,ship_blocks,1,1.80,14617765.00,0.00,14617765.00,14.618
craft_mist_synod_toxic_cloud_cruiser_r08,mist_synod_toxic_cloud_cruiser_r08,Реагент,8,mist_synod,Туманный Синод,cruiser,toxic_cloud,toxic_cloud_cruiser,ship_blocks,2,1.60,10758607.00,0.00,10758607.00,10.759
craft_mist_synod_toxic_cloud_cruiser_r08,mist_synod_toxic_cloud_cruiser_r08,Реагент,8,mist_synod,Туманный Синод,cruiser,toxic_cloud,toxic_cloud_cruiser,ship_blocks,3,1.40,6913477.00,0.00,6913477.00,6.913
craft_mist_synod_toxic_cloud_cruiser_r08,mist_synod_toxic_cloud_cruiser_r08,Реагент,8,mist_synod,Туманный Синод,cruiser,toxic_cloud,toxic_cloud_cruiser,ship_blocks,4,1.20,4709204.00,0.00,4709204.00,4.709
craft_mist_synod_toxic_cloud_cruiser_r08,mist_synod_toxic_cloud_cruiser_r08,Реагент,8,mist_synod,Туманный Синод,cruiser,toxic_cloud,toxic_cloud_cruiser,ship_blocks,5,1.00,1879415.00,0.00,1879415.00,1.879
craft_mist_synod_toxic_cloud_cruiser_r09,mist_synod_toxic_cloud_cruiser_r09,Морок,9,mist_synod,Туманный Синод,cruiser,toxic_cloud,toxic_cloud_cruiser,ship_blocks,0,2.00,42144904.00,0.00,42144904.00,42.145
craft_mist_synod_toxic_cloud_cruiser_r09,mist_synod_toxic_cloud_cruiser_r09,Морок,9,mist_synod,Туманный Синод,cruiser,toxic_cloud,toxic_cloud_cruiser,ship_blocks,1,1.80,36147069.00,0.00,36147069.00,36.147
craft_mist_synod_toxic_cloud_cruiser_r09,mist_synod_toxic_cloud_cruiser_r09,Морок,9,mist_synod,Туманный Синод,cruiser,toxic_cloud,toxic_cloud_cruiser,ship_blocks,2,1.60,24316701.00,0.00,24316701.00,24.317
craft_mist_synod_toxic_cloud_cruiser_r09,mist_synod_toxic_cloud_cruiser_r09,Морок,9,mist_synod,Туманный Синод,cruiser,toxic_cloud,toxic_cloud_cruiser,ship_blocks,3,1.40,16586683.00,0.00,16586683.00,16.587
craft_mist_synod_toxic_cloud_cruiser_r09,mist_synod_toxic_cloud_cruiser_r09,Морок,9,mist_synod,Туманный Синод,cruiser,toxic_cloud,toxic_cloud_cruiser,ship_blocks,4,1.20,10061898.00,0.00,10061898.00,10.062
craft_mist_synod_toxic_cloud_cruiser_r09,mist_synod_toxic_cloud_cruiser_r09,Морок,9,mist_synod,Туманный Синод,cruiser,toxic_cloud,toxic_cloud_cruiser,ship_blocks,5,1.00,4807874.00,0.00,4807874.00,4.808
craft_mist_synod_toxic_cloud_cruiser_r10,mist_synod_toxic_cloud_cruiser_r10,Каустик,10,mist_synod,Туманный Синод,cruiser,toxic_cloud,toxic_cloud_cruiser,faction_flagship_license,0,2.00,99036896.00,5600000.00,104636896.00,104.637
craft_mist_synod_toxic_cloud_cruiser_r10,mist_synod_toxic_cloud_cruiser_r10,Каустик,10,mist_synod,Туманный Синод,cruiser,toxic_cloud,toxic_cloud_cruiser,faction_flagship_license,1,1.80,81842676.00,5600000.00,87442676.00,87.443
craft_mist_synod_toxic_cloud_cruiser_r10,mist_synod_toxic_cloud_cruiser_r10,Каустик,10,mist_synod,Туманный Синод,cruiser,toxic_cloud,toxic_cloud_cruiser,faction_flagship_license,2,1.60,56658883.00,5600000.00,62258883.00,62.259
craft_mist_synod_toxic_cloud_cruiser_r10,mist_synod_toxic_cloud_cruiser_r10,Каустик,10,mist_synod,Туманный Синод,cruiser,toxic_cloud,toxic_cloud_cruiser,faction_flagship_license,3,1.40,38005740.00,5600000.00,43605740.00,43.606
craft_mist_synod_toxic_cloud_cruiser_r10,mist_synod_toxic_cloud_cruiser_r10,Каустик,10,mist_synod,Туманный Синод,cruiser,toxic_cloud,toxic_cloud_cruiser,faction_flagship_license,4,1.20,23937100.00,5600000.00,29537100.00,29.537
craft_mist_synod_toxic_cloud_cruiser_r10,mist_synod_toxic_cloud_cruiser_r10,Каустик,10,mist_synod,Туманный Синод,cruiser,toxic_cloud,toxic_cloud_cruiser,faction_flagship_license,5,1.00,11740623.00,5600000.00,17340623.00,17.341
craft_mist_synod_chemical_cruiser_r02,mist_synod_chemical_cruiser_r02,Колба,2,mist_synod,Туманный Синод,cruiser,chemical,chemical_cruiser,raw_resources,0,2.00,12740.00,0.00,12740.00,0.013
craft_mist_synod_chemical_cruiser_r02,mist_synod_chemical_cruiser_r02,Колба,2,mist_synod,Туманный Синод,cruiser,chemical,chemical_cruiser,raw_resources,1,1.80,11700.00,0.00,11700.00,0.012
craft_mist_synod_chemical_cruiser_r02,mist_synod_chemical_cruiser_r02,Колба,2,mist_synod,Туманный Синод,cruiser,chemical,chemical_cruiser,raw_resources,2,1.60,10460.00,0.00,10460.00,0.010
craft_mist_synod_chemical_cruiser_r02,mist_synod_chemical_cruiser_r02,Колба,2,mist_synod,Туманный Синод,cruiser,chemical,chemical_cruiser,raw_resources,3,1.40,9070.00,0.00,9070.00,0.009
craft_mist_synod_chemical_cruiser_r02,mist_synod_chemical_cruiser_r02,Колба,2,mist_synod,Туманный Синод,cruiser,chemical,chemical_cruiser,raw_resources,4,1.20,7830.00,0.00,7830.00,0.008
craft_mist_synod_chemical_cruiser_r02,mist_synod_chemical_cruiser_r02,Колба,2,mist_synod,Туманный Синод,cruiser,chemical,chemical_cruiser,raw_resources,5,1.00,6370.00,0.00,6370.00,0.006
craft_mist_synod_chemical_cruiser_r03,mist_synod_chemical_cruiser_r03,Смеситель,3,mist_synod,Туманный Синод,cruiser,chemical,chemical_cruiser,raw_resources,0,2.00,35280.00,0.00,35280.00,0.035
craft_mist_synod_chemical_cruiser_r03,mist_synod_chemical_cruiser_r03,Смеситель,3,mist_synod,Туманный Синод,cruiser,chemical,chemical_cruiser,raw_resources,1,1.80,31900.00,0.00,31900.00,0.032
craft_mist_synod_chemical_cruiser_r03,mist_synod_chemical_cruiser_r03,Смеситель,3,mist_synod,Туманный Синод,cruiser,chemical,chemical_cruiser,raw_resources,2,1.60,28400.00,0.00,28400.00,0.028
craft_mist_synod_chemical_cruiser_r03,mist_synod_chemical_cruiser_r03,Смеситель,3,mist_synod,Туманный Синод,cruiser,chemical,chemical_cruiser,raw_resources,3,1.40,24940.00,0.00,24940.00,0.025
craft_mist_synod_chemical_cruiser_r03,mist_synod_chemical_cruiser_r03,Смеситель,3,mist_synod,Туманный Синод,cruiser,chemical,chemical_cruiser,raw_resources,4,1.20,21440.00,0.00,21440.00,0.021
craft_mist_synod_chemical_cruiser_r03,mist_synod_chemical_cruiser_r03,Смеситель,3,mist_synod,Туманный Синод,cruiser,chemical,chemical_cruiser,raw_resources,5,1.00,17640.00,0.00,17640.00,0.018
craft_mist_synod_chemical_cruiser_r04,mist_synod_chemical_cruiser_r04,Алхимик,4,mist_synod,Туманный Синод,cruiser,chemical,chemical_cruiser,prepared_materials,0,2.00,175500.00,0.00,175500.00,0.175
craft_mist_synod_chemical_cruiser_r04,mist_synod_chemical_cruiser_r04,Алхимик,4,mist_synod,Туманный Синод,cruiser,chemical,chemical_cruiser,prepared_materials,1,1.80,151789.00,0.00,151789.00,0.152
craft_mist_synod_chemical_cruiser_r04,mist_synod_chemical_cruiser_r04,Алхимик,4,mist_synod,Туманный Синод,cruiser,chemical,chemical_cruiser,prepared_materials,2,1.60,121277.00,0.00,121277.00,0.121
craft_mist_synod_chemical_cruiser_r04,mist_synod_chemical_cruiser_r04,Алхимик,4,mist_synod,Туманный Синод,cruiser,chemical,chemical_cruiser,prepared_materials,3,1.40,94031.00,0.00,94031.00,0.094
craft_mist_synod_chemical_cruiser_r04,mist_synod_chemical_cruiser_r04,Алхимик,4,mist_synod,Туманный Синод,cruiser,chemical,chemical_cruiser,prepared_materials,4,1.20,70356.00,0.00,70356.00,0.070
craft_mist_synod_chemical_cruiser_r04,mist_synod_chemical_cruiser_r04,Алхимик,4,mist_synod,Туманный Синод,cruiser,chemical,chemical_cruiser,prepared_materials,5,1.00,44915.00,0.00,44915.00,0.045
craft_mist_synod_chemical_cruiser_r05,mist_synod_chemical_cruiser_r05,Мембрана,5,mist_synod,Туманный Синод,cruiser,chemical,chemical_cruiser,prepared_materials,0,2.00,449392.00,0.00,449392.00,0.449
craft_mist_synod_chemical_cruiser_r05,mist_synod_chemical_cruiser_r05,Мембрана,5,mist_synod,Туманный Синод,cruiser,chemical,chemical_cruiser,prepared_materials,1,1.80,386581.00,0.00,386581.00,0.387
craft_mist_synod_chemical_cruiser_r05,mist_synod_chemical_cruiser_r05,Мембрана,5,mist_synod,Туманный Синод,cruiser,chemical,chemical_cruiser,prepared_materials,2,1.60,307860.00,0.00,307860.00,0.308
craft_mist_synod_chemical_cruiser_r05,mist_synod_chemical_cruiser_r05,Мембрана,5,mist_synod,Туманный Синод,cruiser,chemical,chemical_cruiser,prepared_materials,3,1.40,237957.00,0.00,237957.00,0.238
craft_mist_synod_chemical_cruiser_r05,mist_synod_chemical_cruiser_r05,Мембрана,5,mist_synod,Туманный Синод,cruiser,chemical,chemical_cruiser,prepared_materials,4,1.20,177142.00,0.00,177142.00,0.177
craft_mist_synod_chemical_cruiser_r05,mist_synod_chemical_cruiser_r05,Мембрана,5,mist_synod,Туманный Синод,cruiser,chemical,chemical_cruiser,prepared_materials,5,1.00,112348.00,0.00,112348.00,0.112
craft_mist_synod_chemical_cruiser_r06,mist_synod_chemical_cruiser_r06,Реактор,6,mist_synod,Туманный Синод,cruiser,chemical,chemical_cruiser,hull_and_machine_parts,0,2.00,1785696.00,0.00,1785696.00,1.786
craft_mist_synod_chemical_cruiser_r06,mist_synod_chemical_cruiser_r06,Реактор,6,mist_synod,Туманный Синод,cruiser,chemical,chemical_cruiser,hull_and_machine_parts,1,1.80,1520866.00,0.00,1520866.00,1.521
craft_mist_synod_chemical_cruiser_r06,mist_synod_chemical_cruiser_r06,Реактор,6,mist_synod,Туманный Синод,cruiser,chemical,chemical_cruiser,hull_and_machine_parts,2,1.60,1094839.00,0.00,1094839.00,1.095
craft_mist_synod_chemical_cruiser_r06,mist_synod_chemical_cruiser_r06,Реактор,6,mist_synod,Туманный Синод,cruiser,chemical,chemical_cruiser,hull_and_machine_parts,3,1.40,800243.00,0.00,800243.00,0.800
craft_mist_synod_chemical_cruiser_r06,mist_synod_chemical_cruiser_r06,Реактор,6,mist_synod,Туманный Синод,cruiser,chemical,chemical_cruiser,hull_and_machine_parts,4,1.20,527408.00,0.00,527408.00,0.527
craft_mist_synod_chemical_cruiser_r06,mist_synod_chemical_cruiser_r06,Реактор,6,mist_synod,Туманный Синод,cruiser,chemical,chemical_cruiser,hull_and_machine_parts,5,1.00,285258.00,0.00,285258.00,0.285
craft_mist_synod_chemical_cruiser_r07,mist_synod_chemical_cruiser_r07,Сепаратор,7,mist_synod,Туманный Синод,cruiser,chemical,chemical_cruiser,hull_and_machine_parts,0,2.00,4652008.00,0.00,4652008.00,4.652
craft_mist_synod_chemical_cruiser_r07,mist_synod_chemical_cruiser_r07,Сепаратор,7,mist_synod,Туманный Синод,cruiser,chemical,chemical_cruiser,hull_and_machine_parts,1,1.80,3886488.00,0.00,3886488.00,3.886
craft_mist_synod_chemical_cruiser_r07,mist_synod_chemical_cruiser_r07,Сепаратор,7,mist_synod,Туманный Синод,cruiser,chemical,chemical_cruiser,hull_and_machine_parts,2,1.60,2796984.00,0.00,2796984.00,2.797
craft_mist_synod_chemical_cruiser_r07,mist_synod_chemical_cruiser_r07,Сепаратор,7,mist_synod,Туманный Синод,cruiser,chemical,chemical_cruiser,hull_and_machine_parts,3,1.40,2004209.00,0.00,2004209.00,2.004
craft_mist_synod_chemical_cruiser_r07,mist_synod_chemical_cruiser_r07,Сепаратор,7,mist_synod,Туманный Синод,cruiser,chemical,chemical_cruiser,hull_and_machine_parts,4,1.20,1317164.00,0.00,1317164.00,1.317
craft_mist_synod_chemical_cruiser_r07,mist_synod_chemical_cruiser_r07,Сепаратор,7,mist_synod,Туманный Синод,cruiser,chemical,chemical_cruiser,hull_and_machine_parts,5,1.00,724866.00,0.00,724866.00,0.725
craft_mist_synod_chemical_cruiser_r08,mist_synod_chemical_cruiser_r08,Конденсор,8,mist_synod,Туманный Синод,cruiser,chemical,chemical_cruiser,ship_blocks,0,2.00,14186320.00,0.00,14186320.00,14.186
craft_mist_synod_chemical_cruiser_r08,mist_synod_chemical_cruiser_r08,Конденсор,8,mist_synod,Туманный Синод,cruiser,chemical,chemical_cruiser,ship_blocks,1,1.80,12635203.00,0.00,12635203.00,12.635
craft_mist_synod_chemical_cruiser_r08,mist_synod_chemical_cruiser_r08,Конденсор,8,mist_synod,Туманный Синод,cruiser,chemical,chemical_cruiser,ship_blocks,2,1.60,9211031.00,0.00,9211031.00,9.211
craft_mist_synod_chemical_cruiser_r08,mist_synod_chemical_cruiser_r08,Конденсор,8,mist_synod,Туманный Синод,cruiser,chemical,chemical_cruiser,ship_blocks,3,1.40,6125414.00,0.00,6125414.00,6.125
craft_mist_synod_chemical_cruiser_r08,mist_synod_chemical_cruiser_r08,Конденсор,8,mist_synod,Туманный Синод,cruiser,chemical,chemical_cruiser,ship_blocks,4,1.20,4124526.00,0.00,4124526.00,4.125
craft_mist_synod_chemical_cruiser_r08,mist_synod_chemical_cruiser_r08,Конденсор,8,mist_synod,Туманный Синод,cruiser,chemical,chemical_cruiser,ship_blocks,5,1.00,1639441.00,0.00,1639441.00,1.639
craft_mist_synod_chemical_cruiser_r09,mist_synod_chemical_cruiser_r09,Лаборат,9,mist_synod,Туманный Синод,cruiser,chemical,chemical_cruiser,ship_blocks,0,2.00,39198576.00,0.00,39198576.00,39.199
craft_mist_synod_chemical_cruiser_r09,mist_synod_chemical_cruiser_r09,Лаборат,9,mist_synod,Туманный Синод,cruiser,chemical,chemical_cruiser,ship_blocks,1,1.80,33947763.00,0.00,33947763.00,33.948
craft_mist_synod_chemical_cruiser_r09,mist_synod_chemical_cruiser_r09,Лаборат,9,mist_synod,Туманный Синод,cruiser,chemical,chemical_cruiser,ship_blocks,2,1.60,22862128.00,0.00,22862128.00,22.862
craft_mist_synod_chemical_cruiser_r09,mist_synod_chemical_cruiser_r09,Лаборат,9,mist_synod,Туманный Синод,cruiser,chemical,chemical_cruiser,ship_blocks,3,1.40,15347506.00,0.00,15347506.00,15.348
craft_mist_synod_chemical_cruiser_r09,mist_synod_chemical_cruiser_r09,Лаборат,9,mist_synod,Туманный Синод,cruiser,chemical,chemical_cruiser,ship_blocks,4,1.20,9307970.00,0.00,9307970.00,9.308
craft_mist_synod_chemical_cruiser_r09,mist_synod_chemical_cruiser_r09,Лаборат,9,mist_synod,Туманный Синод,cruiser,chemical,chemical_cruiser,ship_blocks,5,1.00,4440452.00,0.00,4440452.00,4.440
craft_mist_synod_chemical_cruiser_r10,mist_synod_chemical_cruiser_r10,Формула,10,mist_synod,Туманный Синод,cruiser,chemical,chemical_cruiser,faction_flagship_license,0,2.00,92622336.00,5600000.00,98222336.00,98.222
craft_mist_synod_chemical_cruiser_r10,mist_synod_chemical_cruiser_r10,Формула,10,mist_synod,Туманный Синод,cruiser,chemical,chemical_cruiser,faction_flagship_license,1,1.80,77867131.00,5600000.00,83467131.00,83.467
craft_mist_synod_chemical_cruiser_r10,mist_synod_chemical_cruiser_r10,Формула,10,mist_synod,Туманный Синод,cruiser,chemical,chemical_cruiser,faction_flagship_license,2,1.60,53289850.00,5600000.00,58889850.00,58.890
craft_mist_synod_chemical_cruiser_r10,mist_synod_chemical_cruiser_r10,Формула,10,mist_synod,Туманный Синод,cruiser,chemical,chemical_cruiser,faction_flagship_license,3,1.40,35943269.00,5600000.00,41543269.00,41.543
craft_mist_synod_chemical_cruiser_r10,mist_synod_chemical_cruiser_r10,Формула,10,mist_synod,Туманный Синод,cruiser,chemical,chemical_cruiser,faction_flagship_license,4,1.20,22283934.00,5600000.00,27883934.00,27.884
craft_mist_synod_chemical_cruiser_r10,mist_synod_chemical_cruiser_r10,Формула,10,mist_synod,Туманный Синод,cruiser,chemical,chemical_cruiser,faction_flagship_license,5,1.00,11008722.00,5600000.00,16608722.00,16.609
craft_mist_synod_repair_cruiser_r02,mist_synod_repair_cruiser_r02,Смола,2,mist_synod,Туманный Синод,cruiser,repair,repair_cruiser,raw_resources,0,2.00,14080.00,0.00,14080.00,0.014
craft_mist_synod_repair_cruiser_r02,mist_synod_repair_cruiser_r02,Смола,2,mist_synod,Туманный Синод,cruiser,repair,repair_cruiser,raw_resources,1,1.80,12890.00,0.00,12890.00,0.013
craft_mist_synod_repair_cruiser_r02,mist_synod_repair_cruiser_r02,Смола,2,mist_synod,Туманный Синод,cruiser,repair,repair_cruiser,raw_resources,2,1.60,11450.00,0.00,11450.00,0.011
craft_mist_synod_repair_cruiser_r02,mist_synod_repair_cruiser_r02,Смола,2,mist_synod,Туманный Синод,cruiser,repair,repair_cruiser,raw_resources,3,1.40,10090.00,0.00,10090.00,0.010
craft_mist_synod_repair_cruiser_r02,mist_synod_repair_cruiser_r02,Смола,2,mist_synod,Туманный Синод,cruiser,repair,repair_cruiser,raw_resources,4,1.20,8650.00,0.00,8650.00,0.009
craft_mist_synod_repair_cruiser_r02,mist_synod_repair_cruiser_r02,Смола,2,mist_synod,Туманный Синод,cruiser,repair,repair_cruiser,raw_resources,5,1.00,7040.00,0.00,7040.00,0.007
craft_mist_synod_repair_cruiser_r03,mist_synod_repair_cruiser_r03,Латка,3,mist_synod,Туманный Синод,cruiser,repair,repair_cruiser,raw_resources,0,2.00,35620.00,0.00,35620.00,0.036
craft_mist_synod_repair_cruiser_r03,mist_synod_repair_cruiser_r03,Латка,3,mist_synod,Туманный Синод,cruiser,repair,repair_cruiser,raw_resources,1,1.80,32280.00,0.00,32280.00,0.032
craft_mist_synod_repair_cruiser_r03,mist_synod_repair_cruiser_r03,Латка,3,mist_synod,Туманный Синод,cruiser,repair,repair_cruiser,raw_resources,2,1.60,28680.00,0.00,28680.00,0.029
craft_mist_synod_repair_cruiser_r03,mist_synod_repair_cruiser_r03,Латка,3,mist_synod,Туманный Синод,cruiser,repair,repair_cruiser,raw_resources,3,1.40,25150.00,0.00,25150.00,0.025
craft_mist_synod_repair_cruiser_r03,mist_synod_repair_cruiser_r03,Латка,3,mist_synod,Туманный Синод,cruiser,repair,repair_cruiser,raw_resources,4,1.20,21550.00,0.00,21550.00,0.022
craft_mist_synod_repair_cruiser_r03,mist_synod_repair_cruiser_r03,Латка,3,mist_synod,Туманный Синод,cruiser,repair,repair_cruiser,raw_resources,5,1.00,17810.00,0.00,17810.00,0.018
craft_mist_synod_repair_cruiser_r04,mist_synod_repair_cruiser_r04,Терапевт,4,mist_synod,Туманный Синод,cruiser,repair,repair_cruiser,prepared_materials,0,2.00,167208.00,0.00,167208.00,0.167
craft_mist_synod_repair_cruiser_r04,mist_synod_repair_cruiser_r04,Терапевт,4,mist_synod,Туманный Синод,cruiser,repair,repair_cruiser,prepared_materials,1,1.80,145682.00,0.00,145682.00,0.146
craft_mist_synod_repair_cruiser_r04,mist_synod_repair_cruiser_r04,Терапевт,4,mist_synod,Туманный Синод,cruiser,repair,repair_cruiser,prepared_materials,2,1.60,115912.00,0.00,115912.00,0.116
craft_mist_synod_repair_cruiser_r04,mist_synod_repair_cruiser_r04,Терапевт,4,mist_synod,Туманный Синод,cruiser,repair,repair_cruiser,prepared_materials,3,1.40,90223.00,0.00,90223.00,0.090
craft_mist_synod_repair_cruiser_r04,mist_synod_repair_cruiser_r04,Терапевт,4,mist_synod,Туманный Синод,cruiser,repair,repair_cruiser,prepared_materials,4,1.20,67120.00,0.00,67120.00,0.067
craft_mist_synod_repair_cruiser_r04,mist_synod_repair_cruiser_r04,Терапевт,4,mist_synod,Туманный Синод,cruiser,repair,repair_cruiser,prepared_materials,5,1.00,42702.00,0.00,42702.00,0.043
craft_mist_synod_repair_cruiser_r05,mist_synod_repair_cruiser_r05,Полимер,5,mist_synod,Туманный Синод,cruiser,repair,repair_cruiser,prepared_materials,0,2.00,420784.00,0.00,420784.00,0.421
craft_mist_synod_repair_cruiser_r05,mist_synod_repair_cruiser_r05,Полимер,5,mist_synod,Туманный Синод,cruiser,repair,repair_cruiser,prepared_materials,1,1.80,362985.00,0.00,362985.00,0.363
craft_mist_synod_repair_cruiser_r05,mist_synod_repair_cruiser_r05,Полимер,5,mist_synod,Туманный Синод,cruiser,repair,repair_cruiser,prepared_materials,2,1.60,289790.00,0.00,289790.00,0.290
craft_mist_synod_repair_cruiser_r05,mist_synod_repair_cruiser_r05,Полимер,5,mist_synod,Туманный Синод,cruiser,repair,repair_cruiser,prepared_materials,3,1.40,224765.00,0.00,224765.00,0.225
craft_mist_synod_repair_cruiser_r05,mist_synod_repair_cruiser_r05,Полимер,5,mist_synod,Туманный Синод,cruiser,repair,repair_cruiser,prepared_materials,4,1.20,167998.00,0.00,167998.00,0.168
craft_mist_synod_repair_cruiser_r05,mist_synod_repair_cruiser_r05,Полимер,5,mist_synod,Туманный Синод,cruiser,repair,repair_cruiser,prepared_materials,5,1.00,107446.00,0.00,107446.00,0.107
craft_mist_synod_repair_cruiser_r06,mist_synod_repair_cruiser_r06,Бальзам,6,mist_synod,Туманный Синод,cruiser,repair,repair_cruiser,hull_and_machine_parts,0,2.00,1761704.00,0.00,1761704.00,1.762
craft_mist_synod_repair_cruiser_r06,mist_synod_repair_cruiser_r06,Бальзам,6,mist_synod,Туманный Синод,cruiser,repair,repair_cruiser,hull_and_machine_parts,1,1.80,1491705.00,0.00,1491705.00,1.492
craft_mist_synod_repair_cruiser_r06,mist_synod_repair_cruiser_r06,Бальзам,6,mist_synod,Туманный Синод,cruiser,repair,repair_cruiser,hull_and_machine_parts,2,1.60,1087408.00,0.00,1087408.00,1.087
craft_mist_synod_repair_cruiser_r06,mist_synod_repair_cruiser_r06,Бальзам,6,mist_synod,Туманный Синод,cruiser,repair,repair_cruiser,hull_and_machine_parts,3,1.40,782526.00,0.00,782526.00,0.783
craft_mist_synod_repair_cruiser_r06,mist_synod_repair_cruiser_r06,Бальзам,6,mist_synod,Туманный Синод,cruiser,repair,repair_cruiser,hull_and_machine_parts,4,1.20,525018.00,0.00,525018.00,0.525
craft_mist_synod_repair_cruiser_r06,mist_synod_repair_cruiser_r06,Бальзам,6,mist_synod,Туманный Синод,cruiser,repair,repair_cruiser,hull_and_machine_parts,5,1.00,277763.00,0.00,277763.00,0.278
craft_mist_synod_repair_cruiser_r07,mist_synod_repair_cruiser_r07,Целитель,7,mist_synod,Туманный Синод,cruiser,repair,repair_cruiser,hull_and_machine_parts,0,2.00,4735312.00,0.00,4735312.00,4.735
craft_mist_synod_repair_cruiser_r07,mist_synod_repair_cruiser_r07,Целитель,7,mist_synod,Туманный Синод,cruiser,repair,repair_cruiser,hull_and_machine_parts,1,1.80,3974920.00,0.00,3974920.00,3.975
craft_mist_synod_repair_cruiser_r07,mist_synod_repair_cruiser_r07,Целитель,7,mist_synod,Туманный Синод,cruiser,repair,repair_cruiser,hull_and_machine_parts,2,1.60,2879546.00,0.00,2879546.00,2.880
craft_mist_synod_repair_cruiser_r07,mist_synod_repair_cruiser_r07,Целитель,7,mist_synod,Туманный Синод,cruiser,repair,repair_cruiser,hull_and_machine_parts,3,1.40,2060444.00,0.00,2060444.00,2.060
craft_mist_synod_repair_cruiser_r07,mist_synod_repair_cruiser_r07,Целитель,7,mist_synod,Туманный Синод,cruiser,repair,repair_cruiser,hull_and_machine_parts,4,1.20,1365750.00,0.00,1365750.00,1.366
craft_mist_synod_repair_cruiser_r07,mist_synod_repair_cruiser_r07,Целитель,7,mist_synod,Туманный Синод,cruiser,repair,repair_cruiser,hull_and_machine_parts,5,1.00,754069.00,0.00,754069.00,0.754
craft_mist_synod_repair_cruiser_r08,mist_synod_repair_cruiser_r08,Регенер,8,mist_synod,Туманный Синод,cruiser,repair,repair_cruiser,ship_blocks,0,2.00,14968800.00,0.00,14968800.00,14.969
craft_mist_synod_repair_cruiser_r08,mist_synod_repair_cruiser_r08,Регенер,8,mist_synod,Туманный Синод,cruiser,repair,repair_cruiser,ship_blocks,1,1.80,13385201.00,0.00,13385201.00,13.385
craft_mist_synod_repair_cruiser_r08,mist_synod_repair_cruiser_r08,Регенер,8,mist_synod,Туманный Синод,cruiser,repair,repair_cruiser,ship_blocks,2,1.60,9788987.00,0.00,9788987.00,9.789
craft_mist_synod_repair_cruiser_r08,mist_synod_repair_cruiser_r08,Регенер,8,mist_synod,Туманный Синод,cruiser,repair,repair_cruiser,ship_blocks,3,1.40,6803190.00,0.00,6803190.00,6.803
craft_mist_synod_repair_cruiser_r08,mist_synod_repair_cruiser_r08,Регенер,8,mist_synod,Туманный Синод,cruiser,repair,repair_cruiser,ship_blocks,4,1.20,4606974.00,0.00,4606974.00,4.607
craft_mist_synod_repair_cruiser_r08,mist_synod_repair_cruiser_r08,Регенер,8,mist_synod,Туманный Синод,cruiser,repair,repair_cruiser,ship_blocks,5,1.00,1741942.00,0.00,1741942.00,1.742
craft_mist_synod_repair_cruiser_r09,mist_synod_repair_cruiser_r09,Астрал,9,mist_synod,Туманный Синод,cruiser,repair,repair_cruiser,ship_blocks,0,2.00,40248304.00,0.00,40248304.00,40.248
craft_mist_synod_repair_cruiser_r09,mist_synod_repair_cruiser_r09,Астрал,9,mist_synod,Туманный Синод,cruiser,repair,repair_cruiser,ship_blocks,1,1.80,34888532.00,0.00,34888532.00,34.889
craft_mist_synod_repair_cruiser_r09,mist_synod_repair_cruiser_r09,Астрал,9,mist_synod,Туманный Синод,cruiser,repair,repair_cruiser,ship_blocks,2,1.60,23726526.00,0.00,23726526.00,23.727
craft_mist_synod_repair_cruiser_r09,mist_synod_repair_cruiser_r09,Астрал,9,mist_synod,Туманный Синод,cruiser,repair,repair_cruiser,ship_blocks,3,1.40,16196438.00,0.00,16196438.00,16.196
craft_mist_synod_repair_cruiser_r09,mist_synod_repair_cruiser_r09,Астрал,9,mist_synod,Туманный Синод,cruiser,repair,repair_cruiser,ship_blocks,4,1.20,9975338.00,0.00,9975338.00,9.975
craft_mist_synod_repair_cruiser_r09,mist_synod_repair_cruiser_r09,Астрал,9,mist_synod,Туманный Синод,cruiser,repair,repair_cruiser,ship_blocks,5,1.00,4570443.00,0.00,4570443.00,4.570
craft_mist_synod_repair_cruiser_r10,mist_synod_repair_cruiser_r10,Амальгама,10,mist_synod,Туманный Синод,cruiser,repair,repair_cruiser,faction_flagship_license,0,2.00,100363688.00,5600000.00,105963688.00,105.964
craft_mist_synod_repair_cruiser_r10,mist_synod_repair_cruiser_r10,Амальгама,10,mist_synod,Туманный Синод,cruiser,repair,repair_cruiser,faction_flagship_license,1,1.80,84690514.00,5600000.00,90290514.00,90.291
craft_mist_synod_repair_cruiser_r10,mist_synod_repair_cruiser_r10,Амальгама,10,mist_synod,Туманный Синод,cruiser,repair,repair_cruiser,faction_flagship_license,2,1.60,57535282.00,5600000.00,63135282.00,63.135
craft_mist_synod_repair_cruiser_r10,mist_synod_repair_cruiser_r10,Амальгама,10,mist_synod,Туманный Синод,cruiser,repair,repair_cruiser,faction_flagship_license,3,1.40,39300420.00,5600000.00,44900420.00,44.900
craft_mist_synod_repair_cruiser_r10,mist_synod_repair_cruiser_r10,Амальгама,10,mist_synod,Туманный Синод,cruiser,repair,repair_cruiser,faction_flagship_license,4,1.20,24151780.00,5600000.00,29751780.00,29.752
craft_mist_synod_repair_cruiser_r10,mist_synod_repair_cruiser_r10,Амальгама,10,mist_synod,Туманный Синод,cruiser,repair,repair_cruiser,faction_flagship_license,5,1.00,11853479.00,5600000.00,17453479.00,17.453
craft_mist_synod_heavy_egg_battleship_r02,mist_synod_heavy_egg_battleship_r02,Ядро,2,mist_synod,Туманный Синод,battleship,heavy_egg,heavy_egg_battleship,raw_resources,0,2.00,19740.00,0.00,19740.00,0.020
craft_mist_synod_heavy_egg_battleship_r02,mist_synod_heavy_egg_battleship_r02,Ядро,2,mist_synod,Туманный Синод,battleship,heavy_egg,heavy_egg_battleship,raw_resources,1,1.80,17860.00,0.00,17860.00,0.018
craft_mist_synod_heavy_egg_battleship_r02,mist_synod_heavy_egg_battleship_r02,Ядро,2,mist_synod,Туманный Синод,battleship,heavy_egg,heavy_egg_battleship,raw_resources,2,1.60,15890.00,0.00,15890.00,0.016
craft_mist_synod_heavy_egg_battleship_r02,mist_synod_heavy_egg_battleship_r02,Ядро,2,mist_synod,Туманный Синод,battleship,heavy_egg,heavy_egg_battleship,raw_resources,3,1.40,13910.00,0.00,13910.00,0.014
craft_mist_synod_heavy_egg_battleship_r02,mist_synod_heavy_egg_battleship_r02,Ядро,2,mist_synod,Туманный Синод,battleship,heavy_egg,heavy_egg_battleship,raw_resources,4,1.20,11940.00,0.00,11940.00,0.012
craft_mist_synod_heavy_egg_battleship_r02,mist_synod_heavy_egg_battleship_r02,Ядро,2,mist_synod,Туманный Синод,battleship,heavy_egg,heavy_egg_battleship,raw_resources,5,1.00,9870.00,0.00,9870.00,0.010
craft_mist_synod_heavy_egg_battleship_r03,mist_synod_heavy_egg_battleship_r03,Овоид,3,mist_synod,Туманный Синод,battleship,heavy_egg,heavy_egg_battleship,raw_resources,0,2.00,54020.00,0.00,54020.00,0.054
craft_mist_synod_heavy_egg_battleship_r03,mist_synod_heavy_egg_battleship_r03,Овоид,3,mist_synod,Туманный Синод,battleship,heavy_egg,heavy_egg_battleship,raw_resources,1,1.80,48780.00,0.00,48780.00,0.049
craft_mist_synod_heavy_egg_battleship_r03,mist_synod_heavy_egg_battleship_r03,Овоид,3,mist_synod,Туманный Синод,battleship,heavy_egg,heavy_egg_battleship,raw_resources,2,1.60,43320.00,0.00,43320.00,0.043
craft_mist_synod_heavy_egg_battleship_r03,mist_synod_heavy_egg_battleship_r03,Овоид,3,mist_synod,Туманный Синод,battleship,heavy_egg,heavy_egg_battleship,raw_resources,3,1.40,37950.00,0.00,37950.00,0.038
craft_mist_synod_heavy_egg_battleship_r03,mist_synod_heavy_egg_battleship_r03,Овоид,3,mist_synod,Туманный Синод,battleship,heavy_egg,heavy_egg_battleship,raw_resources,4,1.20,32490.00,0.00,32490.00,0.032
craft_mist_synod_heavy_egg_battleship_r03,mist_synod_heavy_egg_battleship_r03,Овоид,3,mist_synod,Туманный Синод,battleship,heavy_egg,heavy_egg_battleship,raw_resources,5,1.00,27010.00,0.00,27010.00,0.027
craft_mist_synod_heavy_egg_battleship_r04,mist_synod_heavy_egg_battleship_r04,Пламень,4,mist_synod,Туманный Синод,battleship,heavy_egg,heavy_egg_battleship,prepared_materials,0,2.00,263980.00,0.00,263980.00,0.264
craft_mist_synod_heavy_egg_battleship_r04,mist_synod_heavy_egg_battleship_r04,Пламень,4,mist_synod,Туманный Синод,battleship,heavy_egg,heavy_egg_battleship,prepared_materials,1,1.80,225778.00,0.00,225778.00,0.226
craft_mist_synod_heavy_egg_battleship_r04,mist_synod_heavy_egg_battleship_r04,Пламень,4,mist_synod,Туманный Синод,battleship,heavy_egg,heavy_egg_battleship,prepared_materials,2,1.60,180323.00,0.00,180323.00,0.180
craft_mist_synod_heavy_egg_battleship_r04,mist_synod_heavy_egg_battleship_r04,Пламень,4,mist_synod,Туманный Синод,battleship,heavy_egg,heavy_egg_battleship,prepared_materials,3,1.40,140134.00,0.00,140134.00,0.140
craft_mist_synod_heavy_egg_battleship_r04,mist_synod_heavy_egg_battleship_r04,Пламень,4,mist_synod,Туманный Синод,battleship,heavy_egg,heavy_egg_battleship,prepared_materials,4,1.20,104832.00,0.00,104832.00,0.105
craft_mist_synod_heavy_egg_battleship_r04,mist_synod_heavy_egg_battleship_r04,Пламень,4,mist_synod,Туманный Синод,battleship,heavy_egg,heavy_egg_battleship,prepared_materials,5,1.00,67825.00,0.00,67825.00,0.068
craft_mist_synod_heavy_egg_battleship_r05,mist_synod_heavy_egg_battleship_r05,Саламандр,5,mist_synod,Туманный Синод,battleship,heavy_egg,heavy_egg_battleship,prepared_materials,0,2.00,665416.00,0.00,665416.00,0.665
craft_mist_synod_heavy_egg_battleship_r05,mist_synod_heavy_egg_battleship_r05,Саламандр,5,mist_synod,Туманный Синод,battleship,heavy_egg,heavy_egg_battleship,prepared_materials,1,1.80,568835.00,0.00,568835.00,0.569
craft_mist_synod_heavy_egg_battleship_r05,mist_synod_heavy_egg_battleship_r05,Саламандр,5,mist_synod,Туманный Синод,battleship,heavy_egg,heavy_egg_battleship,prepared_materials,2,1.60,451729.00,0.00,451729.00,0.452
craft_mist_synod_heavy_egg_battleship_r05,mist_synod_heavy_egg_battleship_r05,Саламандр,5,mist_synod,Туманный Синод,battleship,heavy_egg,heavy_egg_battleship,prepared_materials,3,1.40,349818.00,0.00,349818.00,0.350
craft_mist_synod_heavy_egg_battleship_r05,mist_synod_heavy_egg_battleship_r05,Саламандр,5,mist_synod,Туманный Синод,battleship,heavy_egg,heavy_egg_battleship,prepared_materials,4,1.20,259432.00,0.00,259432.00,0.259
craft_mist_synod_heavy_egg_battleship_r05,mist_synod_heavy_egg_battleship_r05,Саламандр,5,mist_synod,Туманный Синод,battleship,heavy_egg,heavy_egg_battleship,prepared_materials,5,1.00,166354.00,0.00,166354.00,0.166
craft_mist_synod_heavy_egg_battleship_r06,mist_synod_heavy_egg_battleship_r06,Пекло,6,mist_synod,Туманный Синод,battleship,heavy_egg,heavy_egg_battleship,hull_and_machine_parts,0,2.00,2593880.00,0.00,2593880.00,2.594
craft_mist_synod_heavy_egg_battleship_r06,mist_synod_heavy_egg_battleship_r06,Пекло,6,mist_synod,Туманный Синод,battleship,heavy_egg,heavy_egg_battleship,hull_and_machine_parts,1,1.80,2155978.00,0.00,2155978.00,2.156
craft_mist_synod_heavy_egg_battleship_r06,mist_synod_heavy_egg_battleship_r06,Пекло,6,mist_synod,Туманный Синод,battleship,heavy_egg,heavy_egg_battleship,hull_and_machine_parts,2,1.60,1560129.00,0.00,1560129.00,1.560
craft_mist_synod_heavy_egg_battleship_r06,mist_synod_heavy_egg_battleship_r06,Пекло,6,mist_synod,Туманный Синод,battleship,heavy_egg,heavy_egg_battleship,hull_and_machine_parts,3,1.40,1104327.00,0.00,1104327.00,1.104
craft_mist_synod_heavy_egg_battleship_r06,mist_synod_heavy_egg_battleship_r06,Пекло,6,mist_synod,Туманный Синод,battleship,heavy_egg,heavy_egg_battleship,hull_and_machine_parts,4,1.20,732228.00,0.00,732228.00,0.732
craft_mist_synod_heavy_egg_battleship_r06,mist_synod_heavy_egg_battleship_r06,Пекло,6,mist_synod,Туманный Синод,battleship,heavy_egg,heavy_egg_battleship,hull_and_machine_parts,5,1.00,390133.00,0.00,390133.00,0.390
craft_mist_synod_heavy_egg_battleship_r07,mist_synod_heavy_egg_battleship_r07,Сириус,7,mist_synod,Туманный Синод,battleship,heavy_egg,heavy_egg_battleship,hull_and_machine_parts,0,2.00,6990056.00,0.00,6990056.00,6.990
craft_mist_synod_heavy_egg_battleship_r07,mist_synod_heavy_egg_battleship_r07,Сириус,7,mist_synod,Туманный Синод,battleship,heavy_egg,heavy_egg_battleship,hull_and_machine_parts,1,1.80,5765620.00,0.00,5765620.00,5.766
craft_mist_synod_heavy_egg_battleship_r07,mist_synod_heavy_egg_battleship_r07,Сириус,7,mist_synod,Туманный Синод,battleship,heavy_egg,heavy_egg_battleship,hull_and_machine_parts,2,1.60,4147235.00,0.00,4147235.00,4.147
craft_mist_synod_heavy_egg_battleship_r07,mist_synod_heavy_egg_battleship_r07,Сириус,7,mist_synod,Туманный Синод,battleship,heavy_egg,heavy_egg_battleship,hull_and_machine_parts,3,1.40,2935755.00,0.00,2935755.00,2.936
craft_mist_synod_heavy_egg_battleship_r07,mist_synod_heavy_egg_battleship_r07,Сириус,7,mist_synod,Туманный Синод,battleship,heavy_egg,heavy_egg_battleship,hull_and_machine_parts,4,1.20,1927572.00,0.00,1927572.00,1.928
craft_mist_synod_heavy_egg_battleship_r07,mist_synod_heavy_egg_battleship_r07,Сириус,7,mist_synod,Туманный Синод,battleship,heavy_egg,heavy_egg_battleship,hull_and_machine_parts,5,1.00,1043991.00,0.00,1043991.00,1.044
craft_mist_synod_heavy_egg_battleship_r08,mist_synod_heavy_egg_battleship_r08,Солнцебой,8,mist_synod,Туманный Синод,battleship,heavy_egg,heavy_egg_battleship,ship_blocks,0,2.00,22704224.00,0.00,22704224.00,22.704
craft_mist_synod_heavy_egg_battleship_r08,mist_synod_heavy_egg_battleship_r08,Солнцебой,8,mist_synod,Туманный Синод,battleship,heavy_egg,heavy_egg_battleship,ship_blocks,1,1.80,19349876.00,0.00,19349876.00,19.350
craft_mist_synod_heavy_egg_battleship_r08,mist_synod_heavy_egg_battleship_r08,Солнцебой,8,mist_synod,Туманный Синод,battleship,heavy_egg,heavy_egg_battleship,ship_blocks,2,1.60,13963053.00,0.00,13963053.00,13.963
craft_mist_synod_heavy_egg_battleship_r08,mist_synod_heavy_egg_battleship_r08,Солнцебой,8,mist_synod,Туманный Синод,battleship,heavy_egg,heavy_egg_battleship,ship_blocks,3,1.40,9317544.00,0.00,9317544.00,9.318
craft_mist_synod_heavy_egg_battleship_r08,mist_synod_heavy_egg_battleship_r08,Солнцебой,8,mist_synod,Туманный Синод,battleship,heavy_egg,heavy_egg_battleship,ship_blocks,4,1.20,6196212.00,0.00,6196212.00,6.196
craft_mist_synod_heavy_egg_battleship_r08,mist_synod_heavy_egg_battleship_r08,Солнцебой,8,mist_synod,Туманный Синод,battleship,heavy_egg,heavy_egg_battleship,ship_blocks,5,1.00,2571013.00,0.00,2571013.00,2.571
craft_mist_synod_heavy_egg_battleship_r09,mist_synod_heavy_egg_battleship_r09,Апофеоз,9,mist_synod,Туманный Синод,battleship,heavy_egg,heavy_egg_battleship,ship_blocks,0,2.00,60300376.00,0.00,60300376.00,60.300
craft_mist_synod_heavy_egg_battleship_r09,mist_synod_heavy_egg_battleship_r09,Апофеоз,9,mist_synod,Туманный Синод,battleship,heavy_egg,heavy_egg_battleship,ship_blocks,1,1.80,50731968.00,0.00,50731968.00,50.732
craft_mist_synod_heavy_egg_battleship_r09,mist_synod_heavy_egg_battleship_r09,Апофеоз,9,mist_synod,Туманный Синод,battleship,heavy_egg,heavy_egg_battleship,ship_blocks,2,1.60,33989419.00,0.00,33989419.00,33.989
craft_mist_synod_heavy_egg_battleship_r09,mist_synod_heavy_egg_battleship_r09,Апофеоз,9,mist_synod,Туманный Синод,battleship,heavy_egg,heavy_egg_battleship,ship_blocks,3,1.40,23427643.00,0.00,23427643.00,23.428
craft_mist_synod_heavy_egg_battleship_r09,mist_synod_heavy_egg_battleship_r09,Апофеоз,9,mist_synod,Туманный Синод,battleship,heavy_egg,heavy_egg_battleship,ship_blocks,4,1.20,14168514.00,0.00,14168514.00,14.169
craft_mist_synod_heavy_egg_battleship_r09,mist_synod_heavy_egg_battleship_r09,Апофеоз,9,mist_synod,Туманный Синод,battleship,heavy_egg,heavy_egg_battleship,ship_blocks,5,1.00,6750997.00,0.00,6750997.00,6.751
craft_mist_synod_heavy_egg_battleship_r10,mist_synod_heavy_egg_battleship_r10,Инферно,10,mist_synod,Туманный Синод,battleship,heavy_egg,heavy_egg_battleship,faction_flagship_license,0,2.00,134062232.00,5600000.00,139662232.00,139.662
craft_mist_synod_heavy_egg_battleship_r10,mist_synod_heavy_egg_battleship_r10,Инферно,10,mist_synod,Туманный Синод,battleship,heavy_egg,heavy_egg_battleship,faction_flagship_license,1,1.80,110560186.00,5600000.00,116160186.00,116.160
craft_mist_synod_heavy_egg_battleship_r10,mist_synod_heavy_egg_battleship_r10,Инферно,10,mist_synod,Туманный Синод,battleship,heavy_egg,heavy_egg_battleship,faction_flagship_license,2,1.60,76332698.00,5600000.00,81932698.00,81.933
craft_mist_synod_heavy_egg_battleship_r10,mist_synod_heavy_egg_battleship_r10,Инферно,10,mist_synod,Туманный Синод,battleship,heavy_egg,heavy_egg_battleship,faction_flagship_license,3,1.40,51217056.00,5600000.00,56817056.00,56.817
craft_mist_synod_heavy_egg_battleship_r10,mist_synod_heavy_egg_battleship_r10,Инферно,10,mist_synod,Туманный Синод,battleship,heavy_egg,heavy_egg_battleship,faction_flagship_license,4,1.20,32171418.00,5600000.00,37771418.00,37.771
craft_mist_synod_heavy_egg_battleship_r10,mist_synod_heavy_egg_battleship_r10,Инферно,10,mist_synod,Туманный Синод,battleship,heavy_egg,heavy_egg_battleship,faction_flagship_license,5,1.00,15841297.00,5600000.00,21441297.00,21.441
craft_mist_synod_gas_combine_battleship_r02,mist_synod_gas_combine_battleship_r02,Сосуд,2,mist_synod,Туманный Синод,battleship,gas_combine,gas_combine_battleship,raw_resources,0,2.00,19700.00,0.00,19700.00,0.020
craft_mist_synod_gas_combine_battleship_r02,mist_synod_gas_combine_battleship_r02,Сосуд,2,mist_synod,Туманный Синод,battleship,gas_combine,gas_combine_battleship,raw_resources,1,1.80,17810.00,0.00,17810.00,0.018
craft_mist_synod_gas_combine_battleship_r02,mist_synod_gas_combine_battleship_r02,Сосуд,2,mist_synod,Туманный Синод,battleship,gas_combine,gas_combine_battleship,raw_resources,2,1.60,15890.00,0.00,15890.00,0.016
craft_mist_synod_gas_combine_battleship_r02,mist_synod_gas_combine_battleship_r02,Сосуд,2,mist_synod,Туманный Синод,battleship,gas_combine,gas_combine_battleship,raw_resources,3,1.40,13880.00,0.00,13880.00,0.014
craft_mist_synod_gas_combine_battleship_r02,mist_synod_gas_combine_battleship_r02,Сосуд,2,mist_synod,Туманный Синод,battleship,gas_combine,gas_combine_battleship,raw_resources,4,1.20,11960.00,0.00,11960.00,0.012
craft_mist_synod_gas_combine_battleship_r02,mist_synod_gas_combine_battleship_r02,Сосуд,2,mist_synod,Туманный Синод,battleship,gas_combine,gas_combine_battleship,raw_resources,5,1.00,9850.00,0.00,9850.00,0.010
craft_mist_synod_gas_combine_battleship_r03,mist_synod_gas_combine_battleship_r03,Баллон,3,mist_synod,Туманный Синод,battleship,gas_combine,gas_combine_battleship,raw_resources,0,2.00,51960.00,0.00,51960.00,0.052
craft_mist_synod_gas_combine_battleship_r03,mist_synod_gas_combine_battleship_r03,Баллон,3,mist_synod,Туманный Синод,battleship,gas_combine,gas_combine_battleship,raw_resources,1,1.80,46840.00,0.00,46840.00,0.047
craft_mist_synod_gas_combine_battleship_r03,mist_synod_gas_combine_battleship_r03,Баллон,3,mist_synod,Туманный Синод,battleship,gas_combine,gas_combine_battleship,raw_resources,2,1.60,41690.00,0.00,41690.00,0.042
craft_mist_synod_gas_combine_battleship_r03,mist_synod_gas_combine_battleship_r03,Баллон,3,mist_synod,Туманный Синод,battleship,gas_combine,gas_combine_battleship,raw_resources,3,1.40,36460.00,0.00,36460.00,0.036
craft_mist_synod_gas_combine_battleship_r03,mist_synod_gas_combine_battleship_r03,Баллон,3,mist_synod,Туманный Синод,battleship,gas_combine,gas_combine_battleship,raw_resources,4,1.20,31310.00,0.00,31310.00,0.031
craft_mist_synod_gas_combine_battleship_r03,mist_synod_gas_combine_battleship_r03,Баллон,3,mist_synod,Туманный Синод,battleship,gas_combine,gas_combine_battleship,raw_resources,5,1.00,25980.00,0.00,25980.00,0.026
craft_mist_synod_gas_combine_battleship_r04,mist_synod_gas_combine_battleship_r04,Гало,4,mist_synod,Туманный Синод,battleship,gas_combine,gas_combine_battleship,prepared_materials,0,2.00,254972.00,0.00,254972.00,0.255
craft_mist_synod_gas_combine_battleship_r04,mist_synod_gas_combine_battleship_r04,Гало,4,mist_synod,Туманный Синод,battleship,gas_combine,gas_combine_battleship,prepared_materials,1,1.80,219471.00,0.00,219471.00,0.219
craft_mist_synod_gas_combine_battleship_r04,mist_synod_gas_combine_battleship_r04,Гало,4,mist_synod,Туманный Синод,battleship,gas_combine,gas_combine_battleship,prepared_materials,2,1.60,176054.00,0.00,176054.00,0.176
craft_mist_synod_gas_combine_battleship_r04,mist_synod_gas_combine_battleship_r04,Гало,4,mist_synod,Туманный Синод,battleship,gas_combine,gas_combine_battleship,prepared_materials,3,1.40,135954.00,0.00,135954.00,0.136
craft_mist_synod_gas_combine_battleship_r04,mist_synod_gas_combine_battleship_r04,Гало,4,mist_synod,Туманный Синод,battleship,gas_combine,gas_combine_battleship,prepared_materials,4,1.20,102266.00,0.00,102266.00,0.102
craft_mist_synod_gas_combine_battleship_r04,mist_synod_gas_combine_battleship_r04,Гало,4,mist_synod,Туманный Синод,battleship,gas_combine,gas_combine_battleship,prepared_materials,5,1.00,65413.00,0.00,65413.00,0.065
craft_mist_synod_gas_combine_battleship_r05,mist_synod_gas_combine_battleship_r05,Дистилль,5,mist_synod,Туманный Синод,battleship,gas_combine,gas_combine_battleship,prepared_materials,0,2.00,654692.00,0.00,654692.00,0.655
craft_mist_synod_gas_combine_battleship_r05,mist_synod_gas_combine_battleship_r05,Дистилль,5,mist_synod,Туманный Синод,battleship,gas_combine,gas_combine_battleship,prepared_materials,1,1.80,561019.00,0.00,561019.00,0.561
craft_mist_synod_gas_combine_battleship_r05,mist_synod_gas_combine_battleship_r05,Дистилль,5,mist_synod,Туманный Синод,battleship,gas_combine,gas_combine_battleship,prepared_materials,2,1.60,448331.00,0.00,448331.00,0.448
craft_mist_synod_gas_combine_battleship_r05,mist_synod_gas_combine_battleship_r05,Дистилль,5,mist_synod,Туманный Синод,battleship,gas_combine,gas_combine_battleship,prepared_materials,3,1.40,346577.00,0.00,346577.00,0.347
craft_mist_synod_gas_combine_battleship_r05,mist_synod_gas_combine_battleship_r05,Дистилль,5,mist_synod,Туманный Синод,battleship,gas_combine,gas_combine_battleship,prepared_materials,4,1.20,259310.00,0.00,259310.00,0.259
craft_mist_synod_gas_combine_battleship_r05,mist_synod_gas_combine_battleship_r05,Дистилль,5,mist_synod,Туманный Синод,battleship,gas_combine,gas_combine_battleship,prepared_materials,5,1.00,166543.00,0.00,166543.00,0.167
craft_mist_synod_gas_combine_battleship_r06,mist_synod_gas_combine_battleship_r06,Атмосфер,6,mist_synod,Туманный Синод,battleship,gas_combine,gas_combine_battleship,hull_and_machine_parts,0,2.00,2758704.00,0.00,2758704.00,2.759
craft_mist_synod_gas_combine_battleship_r06,mist_synod_gas_combine_battleship_r06,Атмосфер,6,mist_synod,Туманный Синод,battleship,gas_combine,gas_combine_battleship,hull_and_machine_parts,1,1.80,2323026.00,0.00,2323026.00,2.323
craft_mist_synod_gas_combine_battleship_r06,mist_synod_gas_combine_battleship_r06,Атмосфер,6,mist_synod,Туманный Синод,battleship,gas_combine,gas_combine_battleship,hull_and_machine_parts,2,1.60,1666976.00,0.00,1666976.00,1.667
craft_mist_synod_gas_combine_battleship_r06,mist_synod_gas_combine_battleship_r06,Атмосфер,6,mist_synod,Туманный Синод,battleship,gas_combine,gas_combine_battleship,hull_and_machine_parts,3,1.40,1193367.00,0.00,1193367.00,1.193
craft_mist_synod_gas_combine_battleship_r06,mist_synod_gas_combine_battleship_r06,Атмосфер,6,mist_synod,Туманный Синод,battleship,gas_combine,gas_combine_battleship,hull_and_machine_parts,4,1.20,780394.00,0.00,780394.00,0.780
craft_mist_synod_gas_combine_battleship_r06,mist_synod_gas_combine_battleship_r06,Атмосфер,6,mist_synod,Туманный Синод,battleship,gas_combine,gas_combine_battleship,hull_and_machine_parts,5,1.00,428071.00,0.00,428071.00,0.428
craft_mist_synod_gas_combine_battleship_r07,mist_synod_gas_combine_battleship_r07,Облачник,7,mist_synod,Туманный Синод,battleship,gas_combine,gas_combine_battleship,hull_and_machine_parts,0,2.00,7350528.00,0.00,7350528.00,7.351
craft_mist_synod_gas_combine_battleship_r07,mist_synod_gas_combine_battleship_r07,Облачник,7,mist_synod,Туманный Синод,battleship,gas_combine,gas_combine_battleship,hull_and_machine_parts,1,1.80,6096641.00,0.00,6096641.00,6.097
craft_mist_synod_gas_combine_battleship_r07,mist_synod_gas_combine_battleship_r07,Облачник,7,mist_synod,Туманный Синод,battleship,gas_combine,gas_combine_battleship,hull_and_machine_parts,2,1.60,4387918.00,0.00,4387918.00,4.388
craft_mist_synod_gas_combine_battleship_r07,mist_synod_gas_combine_battleship_r07,Облачник,7,mist_synod,Туманный Синод,battleship,gas_combine,gas_combine_battleship,hull_and_machine_parts,3,1.40,3103660.00,0.00,3103660.00,3.104
craft_mist_synod_gas_combine_battleship_r07,mist_synod_gas_combine_battleship_r07,Облачник,7,mist_synod,Туманный Синод,battleship,gas_combine,gas_combine_battleship,hull_and_machine_parts,4,1.20,2037958.00,0.00,2037958.00,2.038
craft_mist_synod_gas_combine_battleship_r07,mist_synod_gas_combine_battleship_r07,Облачник,7,mist_synod,Туманный Синод,battleship,gas_combine,gas_combine_battleship,hull_and_machine_parts,5,1.00,1114106.00,0.00,1114106.00,1.114
craft_mist_synod_gas_combine_battleship_r08,mist_synod_gas_combine_battleship_r08,Барокамера,8,mist_synod,Туманный Синод,battleship,gas_combine,gas_combine_battleship,ship_blocks,0,2.00,24605352.00,0.00,24605352.00,24.605
craft_mist_synod_gas_combine_battleship_r08,mist_synod_gas_combine_battleship_r08,Барокамера,8,mist_synod,Туманный Синод,battleship,gas_combine,gas_combine_battleship,ship_blocks,1,1.80,21515854.00,0.00,21515854.00,21.516
craft_mist_synod_gas_combine_battleship_r08,mist_synod_gas_combine_battleship_r08,Барокамера,8,mist_synod,Туманный Синод,battleship,gas_combine,gas_combine_battleship,ship_blocks,2,1.60,15279512.00,0.00,15279512.00,15.280
craft_mist_synod_gas_combine_battleship_r08,mist_synod_gas_combine_battleship_r08,Барокамера,8,mist_synod,Туманный Синод,battleship,gas_combine,gas_combine_battleship,ship_blocks,3,1.40,10030703.00,0.00,10030703.00,10.031
craft_mist_synod_gas_combine_battleship_r08,mist_synod_gas_combine_battleship_r08,Барокамера,8,mist_synod,Туманный Синод,battleship,gas_combine,gas_combine_battleship,ship_blocks,4,1.20,6544138.00,0.00,6544138.00,6.544
craft_mist_synod_gas_combine_battleship_r08,mist_synod_gas_combine_battleship_r08,Барокамера,8,mist_synod,Туманный Синод,battleship,gas_combine,gas_combine_battleship,ship_blocks,5,1.00,2808654.00,0.00,2808654.00,2.809
craft_mist_synod_gas_combine_battleship_r09,mist_synod_gas_combine_battleship_r09,Небула,9,mist_synod,Туманный Синод,battleship,gas_combine,gas_combine_battleship,ship_blocks,0,2.00,59374408.00,0.00,59374408.00,59.374
craft_mist_synod_gas_combine_battleship_r09,mist_synod_gas_combine_battleship_r09,Небула,9,mist_synod,Туманный Синод,battleship,gas_combine,gas_combine_battleship,ship_blocks,1,1.80,50198834.00,0.00,50198834.00,50.199
craft_mist_synod_gas_combine_battleship_r09,mist_synod_gas_combine_battleship_r09,Небула,9,mist_synod,Туманный Синод,battleship,gas_combine,gas_combine_battleship,ship_blocks,2,1.60,34151352.00,0.00,34151352.00,34.151
craft_mist_synod_gas_combine_battleship_r09,mist_synod_gas_combine_battleship_r09,Небула,9,mist_synod,Туманный Синод,battleship,gas_combine,gas_combine_battleship,ship_blocks,3,1.40,22647239.00,0.00,22647239.00,22.647
craft_mist_synod_gas_combine_battleship_r09,mist_synod_gas_combine_battleship_r09,Небула,9,mist_synod,Туманный Синод,battleship,gas_combine,gas_combine_battleship,ship_blocks,4,1.20,13923342.00,0.00,13923342.00,13.923
craft_mist_synod_gas_combine_battleship_r09,mist_synod_gas_combine_battleship_r09,Небула,9,mist_synod,Туманный Синод,battleship,gas_combine,gas_combine_battleship,ship_blocks,5,1.00,6668632.00,0.00,6668632.00,6.669
craft_mist_synod_gas_combine_battleship_r10,mist_synod_gas_combine_battleship_r10,Комбинат,10,mist_synod,Туманный Синод,battleship,gas_combine,gas_combine_battleship,faction_flagship_license,0,2.00,139751588.00,5600000.00,145351588.00,145.352
craft_mist_synod_gas_combine_battleship_r10,mist_synod_gas_combine_battleship_r10,Комбинат,10,mist_synod,Туманный Синод,battleship,gas_combine,gas_combine_battleship,faction_flagship_license,1,1.80,116191429.00,5600000.00,121791429.00,121.791
craft_mist_synod_gas_combine_battleship_r10,mist_synod_gas_combine_battleship_r10,Комбинат,10,mist_synod,Туманный Синод,battleship,gas_combine,gas_combine_battleship,faction_flagship_license,2,1.60,79953297.00,5600000.00,85553297.00,85.553
craft_mist_synod_gas_combine_battleship_r10,mist_synod_gas_combine_battleship_r10,Комбинат,10,mist_synod,Туманный Синод,battleship,gas_combine,gas_combine_battleship,faction_flagship_license,3,1.40,53572542.00,5600000.00,59172542.00,59.173
craft_mist_synod_gas_combine_battleship_r10,mist_synod_gas_combine_battleship_r10,Комбинат,10,mist_synod,Туманный Синод,battleship,gas_combine,gas_combine_battleship,faction_flagship_license,4,1.20,33499226.00,5600000.00,39099226.00,39.099
craft_mist_synod_gas_combine_battleship_r10,mist_synod_gas_combine_battleship_r10,Комбинат,10,mist_synod,Туманный Синод,battleship,gas_combine,gas_combine_battleship,faction_flagship_license,5,1.00,16528254.00,5600000.00,22128254.00,22.128
craft_stone_vault_ore_tug_frigate_r02,stone_vault_ore_tug_frigate_r02,Бадья,2,stone_vault,Каменный Свод,frigate,ore_tug,ore_tug_frigate,raw_resources,0,2.00,9520.00,0.00,9520.00,0.010
craft_stone_vault_ore_tug_frigate_r02,stone_vault_ore_tug_frigate_r02,Бадья,2,stone_vault,Каменный Свод,frigate,ore_tug,ore_tug_frigate,raw_resources,1,1.80,8670.00,0.00,8670.00,0.009
craft_stone_vault_ore_tug_frigate_r02,stone_vault_ore_tug_frigate_r02,Бадья,2,stone_vault,Каменный Свод,frigate,ore_tug,ore_tug_frigate,raw_resources,2,1.60,7750.00,0.00,7750.00,0.008
craft_stone_vault_ore_tug_frigate_r02,stone_vault_ore_tug_frigate_r02,Бадья,2,stone_vault,Каменный Свод,frigate,ore_tug,ore_tug_frigate,raw_resources,3,1.40,6830.00,0.00,6830.00,0.007
craft_stone_vault_ore_tug_frigate_r02,stone_vault_ore_tug_frigate_r02,Бадья,2,stone_vault,Каменный Свод,frigate,ore_tug,ore_tug_frigate,raw_resources,4,1.20,5910.00,0.00,5910.00,0.006
craft_stone_vault_ore_tug_frigate_r02,stone_vault_ore_tug_frigate_r02,Бадья,2,stone_vault,Каменный Свод,frigate,ore_tug,ore_tug_frigate,raw_resources,5,1.00,4760.00,0.00,4760.00,0.005
craft_stone_vault_ore_tug_frigate_r03,stone_vault_ore_tug_frigate_r03,Крюк,3,stone_vault,Каменный Свод,frigate,ore_tug,ore_tug_frigate,raw_resources,0,2.00,23760.00,0.00,23760.00,0.024
craft_stone_vault_ore_tug_frigate_r03,stone_vault_ore_tug_frigate_r03,Крюк,3,stone_vault,Каменный Свод,frigate,ore_tug,ore_tug_frigate,raw_resources,1,1.80,21520.00,0.00,21520.00,0.022
craft_stone_vault_ore_tug_frigate_r03,stone_vault_ore_tug_frigate_r03,Крюк,3,stone_vault,Каменный Свод,frigate,ore_tug,ore_tug_frigate,raw_resources,2,1.60,19100.00,0.00,19100.00,0.019
craft_stone_vault_ore_tug_frigate_r03,stone_vault_ore_tug_frigate_r03,Крюк,3,stone_vault,Каменный Свод,frigate,ore_tug,ore_tug_frigate,raw_resources,3,1.40,16800.00,0.00,16800.00,0.017
craft_stone_vault_ore_tug_frigate_r03,stone_vault_ore_tug_frigate_r03,Крюк,3,stone_vault,Каменный Свод,frigate,ore_tug,ore_tug_frigate,raw_resources,4,1.20,14380.00,0.00,14380.00,0.014
craft_stone_vault_ore_tug_frigate_r03,stone_vault_ore_tug_frigate_r03,Крюк,3,stone_vault,Каменный Свод,frigate,ore_tug,ore_tug_frigate,raw_resources,5,1.00,11880.00,0.00,11880.00,0.012
craft_stone_vault_ore_tug_frigate_r04,stone_vault_ore_tug_frigate_r04,Тягач,4,stone_vault,Каменный Свод,frigate,ore_tug,ore_tug_frigate,prepared_materials,0,2.00,112164.00,0.00,112164.00,0.112
craft_stone_vault_ore_tug_frigate_r04,stone_vault_ore_tug_frigate_r04,Тягач,4,stone_vault,Каменный Свод,frigate,ore_tug,ore_tug_frigate,prepared_materials,1,1.80,96682.00,0.00,96682.00,0.097
craft_stone_vault_ore_tug_frigate_r04,stone_vault_ore_tug_frigate_r04,Тягач,4,stone_vault,Каменный Свод,frigate,ore_tug,ore_tug_frigate,prepared_materials,2,1.60,76934.00,0.00,76934.00,0.077
craft_stone_vault_ore_tug_frigate_r04,stone_vault_ore_tug_frigate_r04,Тягач,4,stone_vault,Каменный Свод,frigate,ore_tug,ore_tug_frigate,prepared_materials,3,1.40,60468.00,0.00,60468.00,0.060
craft_stone_vault_ore_tug_frigate_r04,stone_vault_ore_tug_frigate_r04,Тягач,4,stone_vault,Каменный Свод,frigate,ore_tug,ore_tug_frigate,prepared_materials,4,1.20,45072.00,0.00,45072.00,0.045
craft_stone_vault_ore_tug_frigate_r04,stone_vault_ore_tug_frigate_r04,Тягач,4,stone_vault,Каменный Свод,frigate,ore_tug,ore_tug_frigate,prepared_materials,5,1.00,29061.00,0.00,29061.00,0.029
craft_stone_vault_ore_tug_frigate_r05,stone_vault_ore_tug_frigate_r05,Желоб,5,stone_vault,Каменный Свод,frigate,ore_tug,ore_tug_frigate,prepared_materials,0,2.00,292424.00,0.00,292424.00,0.292
craft_stone_vault_ore_tug_frigate_r05,stone_vault_ore_tug_frigate_r05,Желоб,5,stone_vault,Каменный Свод,frigate,ore_tug,ore_tug_frigate,prepared_materials,1,1.80,250174.00,0.00,250174.00,0.250
craft_stone_vault_ore_tug_frigate_r05,stone_vault_ore_tug_frigate_r05,Желоб,5,stone_vault,Каменный Свод,frigate,ore_tug,ore_tug_frigate,prepared_materials,2,1.60,198666.00,0.00,198666.00,0.199
craft_stone_vault_ore_tug_frigate_r05,stone_vault_ore_tug_frigate_r05,Желоб,5,stone_vault,Каменный Свод,frigate,ore_tug,ore_tug_frigate,prepared_materials,3,1.40,155407.00,0.00,155407.00,0.155
craft_stone_vault_ore_tug_frigate_r05,stone_vault_ore_tug_frigate_r05,Желоб,5,stone_vault,Каменный Свод,frigate,ore_tug,ore_tug_frigate,prepared_materials,4,1.20,115430.00,0.00,115430.00,0.115
craft_stone_vault_ore_tug_frigate_r05,stone_vault_ore_tug_frigate_r05,Желоб,5,stone_vault,Каменный Свод,frigate,ore_tug,ore_tug_frigate,prepared_materials,5,1.00,74896.00,0.00,74896.00,0.075
craft_stone_vault_ore_tug_frigate_r06,stone_vault_ore_tug_frigate_r06,Вагон,6,stone_vault,Каменный Свод,frigate,ore_tug,ore_tug_frigate,hull_and_machine_parts,0,2.00,1224800.00,0.00,1224800.00,1.225
craft_stone_vault_ore_tug_frigate_r06,stone_vault_ore_tug_frigate_r06,Вагон,6,stone_vault,Каменный Свод,frigate,ore_tug,ore_tug_frigate,hull_and_machine_parts,1,1.80,1037872.00,0.00,1037872.00,1.038
craft_stone_vault_ore_tug_frigate_r06,stone_vault_ore_tug_frigate_r06,Вагон,6,stone_vault,Каменный Свод,frigate,ore_tug,ore_tug_frigate,hull_and_machine_parts,2,1.60,762244.00,0.00,762244.00,0.762
craft_stone_vault_ore_tug_frigate_r06,stone_vault_ore_tug_frigate_r06,Вагон,6,stone_vault,Каменный Свод,frigate,ore_tug,ore_tug_frigate,hull_and_machine_parts,3,1.40,550686.00,0.00,550686.00,0.551
craft_stone_vault_ore_tug_frigate_r06,stone_vault_ore_tug_frigate_r06,Вагон,6,stone_vault,Каменный Свод,frigate,ore_tug,ore_tug_frigate,hull_and_machine_parts,4,1.20,374978.00,0.00,374978.00,0.375
craft_stone_vault_ore_tug_frigate_r06,stone_vault_ore_tug_frigate_r06,Вагон,6,stone_vault,Каменный Свод,frigate,ore_tug,ore_tug_frigate,hull_and_machine_parts,5,1.00,191183.00,0.00,191183.00,0.191
craft_stone_vault_ore_tug_frigate_r07,stone_vault_ore_tug_frigate_r07,Рудник,7,stone_vault,Каменный Свод,frigate,ore_tug,ore_tug_frigate,hull_and_machine_parts,0,2.00,2992504.00,0.00,2992504.00,2.993
craft_stone_vault_ore_tug_frigate_r07,stone_vault_ore_tug_frigate_r07,Рудник,7,stone_vault,Каменный Свод,frigate,ore_tug,ore_tug_frigate,hull_and_machine_parts,1,1.80,2487479.00,0.00,2487479.00,2.487
craft_stone_vault_ore_tug_frigate_r07,stone_vault_ore_tug_frigate_r07,Рудник,7,stone_vault,Каменный Свод,frigate,ore_tug,ore_tug_frigate,hull_and_machine_parts,2,1.60,1820855.00,0.00,1820855.00,1.821
craft_stone_vault_ore_tug_frigate_r07,stone_vault_ore_tug_frigate_r07,Рудник,7,stone_vault,Каменный Свод,frigate,ore_tug,ore_tug_frigate,hull_and_machine_parts,3,1.40,1280747.00,0.00,1280747.00,1.281
craft_stone_vault_ore_tug_frigate_r07,stone_vault_ore_tug_frigate_r07,Рудник,7,stone_vault,Каменный Свод,frigate,ore_tug,ore_tug_frigate,hull_and_machine_parts,4,1.20,862838.00,0.00,862838.00,0.863
craft_stone_vault_ore_tug_frigate_r07,stone_vault_ore_tug_frigate_r07,Рудник,7,stone_vault,Каменный Свод,frigate,ore_tug,ore_tug_frigate,hull_and_machine_parts,5,1.00,462634.00,0.00,462634.00,0.463
craft_stone_vault_ore_tug_frigate_r08,stone_vault_ore_tug_frigate_r08,Скрепер,8,stone_vault,Каменный Свод,frigate,ore_tug,ore_tug_frigate,ship_blocks,0,2.00,11508536.00,0.00,11508536.00,11.509
craft_stone_vault_ore_tug_frigate_r08,stone_vault_ore_tug_frigate_r08,Скрепер,8,stone_vault,Каменный Свод,frigate,ore_tug,ore_tug_frigate,ship_blocks,1,1.80,10229070.00,0.00,10229070.00,10.229
craft_stone_vault_ore_tug_frigate_r08,stone_vault_ore_tug_frigate_r08,Скрепер,8,stone_vault,Каменный Свод,frigate,ore_tug,ore_tug_frigate,ship_blocks,2,1.60,7386167.00,0.00,7386167.00,7.386
craft_stone_vault_ore_tug_frigate_r08,stone_vault_ore_tug_frigate_r08,Скрепер,8,stone_vault,Каменный Свод,frigate,ore_tug,ore_tug_frigate,ship_blocks,3,1.40,5295957.00,0.00,5295957.00,5.296
craft_stone_vault_ore_tug_frigate_r08,stone_vault_ore_tug_frigate_r08,Скрепер,8,stone_vault,Каменный Свод,frigate,ore_tug,ore_tug_frigate,ship_blocks,4,1.20,3547388.00,0.00,3547388.00,3.547
craft_stone_vault_ore_tug_frigate_r08,stone_vault_ore_tug_frigate_r08,Скрепер,8,stone_vault,Каменный Свод,frigate,ore_tug,ore_tug_frigate,ship_blocks,5,1.00,1314508.00,0.00,1314508.00,1.315
craft_stone_vault_ore_tug_frigate_r09,stone_vault_ore_tug_frigate_r09,Буксир,9,stone_vault,Каменный Свод,frigate,ore_tug,ore_tug_frigate,ship_blocks,0,2.00,29335200.00,0.00,29335200.00,29.335
craft_stone_vault_ore_tug_frigate_r09,stone_vault_ore_tug_frigate_r09,Буксир,9,stone_vault,Каменный Свод,frigate,ore_tug,ore_tug_frigate,ship_blocks,1,1.80,25365974.00,0.00,25365974.00,25.366
craft_stone_vault_ore_tug_frigate_r09,stone_vault_ore_tug_frigate_r09,Буксир,9,stone_vault,Каменный Свод,frigate,ore_tug,ore_tug_frigate,ship_blocks,2,1.60,17765412.00,0.00,17765412.00,17.765
craft_stone_vault_ore_tug_frigate_r09,stone_vault_ore_tug_frigate_r09,Буксир,9,stone_vault,Каменный Свод,frigate,ore_tug,ore_tug_frigate,ship_blocks,3,1.40,11757227.00,0.00,11757227.00,11.757
craft_stone_vault_ore_tug_frigate_r09,stone_vault_ore_tug_frigate_r09,Буксир,9,stone_vault,Каменный Свод,frigate,ore_tug,ore_tug_frigate,ship_blocks,4,1.20,7533578.00,0.00,7533578.00,7.534
craft_stone_vault_ore_tug_frigate_r09,stone_vault_ore_tug_frigate_r09,Буксир,9,stone_vault,Каменный Свод,frigate,ore_tug,ore_tug_frigate,ship_blocks,5,1.00,3305047.00,0.00,3305047.00,3.305
craft_stone_vault_ore_tug_frigate_r10,stone_vault_ore_tug_frigate_r10,Карьер,10,stone_vault,Каменный Свод,frigate,ore_tug,ore_tug_frigate,faction_flagship_license,0,2.00,69283656.00,5600000.00,74883656.00,74.884
craft_stone_vault_ore_tug_frigate_r10,stone_vault_ore_tug_frigate_r10,Карьер,10,stone_vault,Каменный Свод,frigate,ore_tug,ore_tug_frigate,faction_flagship_license,1,1.80,58284558.00,5600000.00,63884558.00,63.885
craft_stone_vault_ore_tug_frigate_r10,stone_vault_ore_tug_frigate_r10,Карьер,10,stone_vault,Каменный Свод,frigate,ore_tug,ore_tug_frigate,faction_flagship_license,2,1.60,39938816.00,5600000.00,45538816.00,45.539
craft_stone_vault_ore_tug_frigate_r10,stone_vault_ore_tug_frigate_r10,Карьер,10,stone_vault,Каменный Свод,frigate,ore_tug,ore_tug_frigate,faction_flagship_license,3,1.40,27033417.00,5600000.00,32633417.00,32.633
craft_stone_vault_ore_tug_frigate_r10,stone_vault_ore_tug_frigate_r10,Карьер,10,stone_vault,Каменный Свод,frigate,ore_tug,ore_tug_frigate,faction_flagship_license,4,1.20,16812252.00,5600000.00,22412252.00,22.412
craft_stone_vault_ore_tug_frigate_r10,stone_vault_ore_tug_frigate_r10,Карьер,10,stone_vault,Каменный Свод,frigate,ore_tug,ore_tug_frigate,faction_flagship_license,5,1.00,8180203.00,5600000.00,13780203.00,13.780
craft_stone_vault_single_gun_line_frigate_r02,stone_vault_single_gun_line_frigate_r02,Штырь,2,stone_vault,Каменный Свод,frigate,single_gun_line,single_gun_line_frigate,raw_resources,0,2.00,10420.00,0.00,10420.00,0.010
craft_stone_vault_single_gun_line_frigate_r02,stone_vault_single_gun_line_frigate_r02,Штырь,2,stone_vault,Каменный Свод,frigate,single_gun_line,single_gun_line_frigate,raw_resources,1,1.80,9490.00,0.00,9490.00,0.009
craft_stone_vault_single_gun_line_frigate_r02,stone_vault_single_gun_line_frigate_r02,Штырь,2,stone_vault,Каменный Свод,frigate,single_gun_line,single_gun_line_frigate,raw_resources,2,1.60,8440.00,0.00,8440.00,0.008
craft_stone_vault_single_gun_line_frigate_r02,stone_vault_single_gun_line_frigate_r02,Штырь,2,stone_vault,Каменный Свод,frigate,single_gun_line,single_gun_line_frigate,raw_resources,3,1.40,7430.00,0.00,7430.00,0.007
craft_stone_vault_single_gun_line_frigate_r02,stone_vault_single_gun_line_frigate_r02,Штырь,2,stone_vault,Каменный Свод,frigate,single_gun_line,single_gun_line_frigate,raw_resources,4,1.20,6380.00,0.00,6380.00,0.006
craft_stone_vault_single_gun_line_frigate_r02,stone_vault_single_gun_line_frigate_r02,Штырь,2,stone_vault,Каменный Свод,frigate,single_gun_line,single_gun_line_frigate,raw_resources,5,1.00,5210.00,0.00,5210.00,0.005
craft_stone_vault_single_gun_line_frigate_r03,stone_vault_single_gun_line_frigate_r03,Болт,3,stone_vault,Каменный Свод,frigate,single_gun_line,single_gun_line_frigate,raw_resources,0,2.00,26180.00,0.00,26180.00,0.026
craft_stone_vault_single_gun_line_frigate_r03,stone_vault_single_gun_line_frigate_r03,Болт,3,stone_vault,Каменный Свод,frigate,single_gun_line,single_gun_line_frigate,raw_resources,1,1.80,23720.00,0.00,23720.00,0.024
craft_stone_vault_single_gun_line_frigate_r03,stone_vault_single_gun_line_frigate_r03,Болт,3,stone_vault,Каменный Свод,frigate,single_gun_line,single_gun_line_frigate,raw_resources,2,1.60,21100.00,0.00,21100.00,0.021
craft_stone_vault_single_gun_line_frigate_r03,stone_vault_single_gun_line_frigate_r03,Болт,3,stone_vault,Каменный Свод,frigate,single_gun_line,single_gun_line_frigate,raw_resources,3,1.40,18450.00,0.00,18450.00,0.018
craft_stone_vault_single_gun_line_frigate_r03,stone_vault_single_gun_line_frigate_r03,Болт,3,stone_vault,Каменный Свод,frigate,single_gun_line,single_gun_line_frigate,raw_resources,4,1.20,15830.00,0.00,15830.00,0.016
craft_stone_vault_single_gun_line_frigate_r03,stone_vault_single_gun_line_frigate_r03,Болт,3,stone_vault,Каменный Свод,frigate,single_gun_line,single_gun_line_frigate,raw_resources,5,1.00,13090.00,0.00,13090.00,0.013
craft_stone_vault_single_gun_line_frigate_r04,stone_vault_single_gun_line_frigate_r04,Клин,4,stone_vault,Каменный Свод,frigate,single_gun_line,single_gun_line_frigate,prepared_materials,0,2.00,127476.00,0.00,127476.00,0.127
craft_stone_vault_single_gun_line_frigate_r04,stone_vault_single_gun_line_frigate_r04,Клин,4,stone_vault,Каменный Свод,frigate,single_gun_line,single_gun_line_frigate,prepared_materials,1,1.80,109464.00,0.00,109464.00,0.109
craft_stone_vault_single_gun_line_frigate_r04,stone_vault_single_gun_line_frigate_r04,Клин,4,stone_vault,Каменный Свод,frigate,single_gun_line,single_gun_line_frigate,prepared_materials,2,1.60,86943.00,0.00,86943.00,0.087
craft_stone_vault_single_gun_line_frigate_r04,stone_vault_single_gun_line_frigate_r04,Клин,4,stone_vault,Каменный Свод,frigate,single_gun_line,single_gun_line_frigate,prepared_materials,3,1.40,68196.00,0.00,68196.00,0.068
craft_stone_vault_single_gun_line_frigate_r04,stone_vault_single_gun_line_frigate_r04,Клин,4,stone_vault,Каменный Свод,frigate,single_gun_line,single_gun_line_frigate,prepared_materials,4,1.20,50704.00,0.00,50704.00,0.051
craft_stone_vault_single_gun_line_frigate_r04,stone_vault_single_gun_line_frigate_r04,Клин,4,stone_vault,Каменный Свод,frigate,single_gun_line,single_gun_line_frigate,prepared_materials,5,1.00,32879.00,0.00,32879.00,0.033
craft_stone_vault_single_gun_line_frigate_r05,stone_vault_single_gun_line_frigate_r05,Ствол,5,stone_vault,Каменный Свод,frigate,single_gun_line,single_gun_line_frigate,prepared_materials,0,2.00,302156.00,0.00,302156.00,0.302
craft_stone_vault_single_gun_line_frigate_r05,stone_vault_single_gun_line_frigate_r05,Ствол,5,stone_vault,Каменный Свод,frigate,single_gun_line,single_gun_line_frigate,prepared_materials,1,1.80,258411.00,0.00,258411.00,0.258
craft_stone_vault_single_gun_line_frigate_r05,stone_vault_single_gun_line_frigate_r05,Ствол,5,stone_vault,Каменный Свод,frigate,single_gun_line,single_gun_line_frigate,prepared_materials,2,1.60,204830.00,0.00,204830.00,0.205
craft_stone_vault_single_gun_line_frigate_r05,stone_vault_single_gun_line_frigate_r05,Ствол,5,stone_vault,Каменный Свод,frigate,single_gun_line,single_gun_line_frigate,prepared_materials,3,1.40,160698.00,0.00,160698.00,0.161
craft_stone_vault_single_gun_line_frigate_r05,stone_vault_single_gun_line_frigate_r05,Ствол,5,stone_vault,Каменный Свод,frigate,single_gun_line,single_gun_line_frigate,prepared_materials,4,1.20,119090.00,0.00,119090.00,0.119
craft_stone_vault_single_gun_line_frigate_r05,stone_vault_single_gun_line_frigate_r05,Ствол,5,stone_vault,Каменный Свод,frigate,single_gun_line,single_gun_line_frigate,prepared_materials,5,1.00,77139.00,0.00,77139.00,0.077
craft_stone_vault_single_gun_line_frigate_r06,stone_vault_single_gun_line_frigate_r06,Пролом,6,stone_vault,Каменный Свод,frigate,single_gun_line,single_gun_line_frigate,hull_and_machine_parts,0,2.00,1304032.00,0.00,1304032.00,1.304
craft_stone_vault_single_gun_line_frigate_r06,stone_vault_single_gun_line_frigate_r06,Пролом,6,stone_vault,Каменный Свод,frigate,single_gun_line,single_gun_line_frigate,hull_and_machine_parts,1,1.80,1095630.00,0.00,1095630.00,1.096
craft_stone_vault_single_gun_line_frigate_r06,stone_vault_single_gun_line_frigate_r06,Пролом,6,stone_vault,Каменный Свод,frigate,single_gun_line,single_gun_line_frigate,hull_and_machine_parts,2,1.60,797304.00,0.00,797304.00,0.797
craft_stone_vault_single_gun_line_frigate_r06,stone_vault_single_gun_line_frigate_r06,Пролом,6,stone_vault,Каменный Свод,frigate,single_gun_line,single_gun_line_frigate,hull_and_machine_parts,3,1.40,587789.00,0.00,587789.00,0.588
craft_stone_vault_single_gun_line_frigate_r06,stone_vault_single_gun_line_frigate_r06,Пролом,6,stone_vault,Каменный Свод,frigate,single_gun_line,single_gun_line_frigate,hull_and_machine_parts,4,1.20,396150.00,0.00,396150.00,0.396
craft_stone_vault_single_gun_line_frigate_r06,stone_vault_single_gun_line_frigate_r06,Пролом,6,stone_vault,Каменный Свод,frigate,single_gun_line,single_gun_line_frigate,hull_and_machine_parts,5,1.00,206595.00,0.00,206595.00,0.207
craft_stone_vault_single_gun_line_frigate_r07,stone_vault_single_gun_line_frigate_r07,Ударник,7,stone_vault,Каменный Свод,frigate,single_gun_line,single_gun_line_frigate,hull_and_machine_parts,0,2.00,3071472.00,0.00,3071472.00,3.071
craft_stone_vault_single_gun_line_frigate_r07,stone_vault_single_gun_line_frigate_r07,Ударник,7,stone_vault,Каменный Свод,frigate,single_gun_line,single_gun_line_frigate,hull_and_machine_parts,1,1.80,2544603.00,0.00,2544603.00,2.545
craft_stone_vault_single_gun_line_frigate_r07,stone_vault_single_gun_line_frigate_r07,Ударник,7,stone_vault,Каменный Свод,frigate,single_gun_line,single_gun_line_frigate,hull_and_machine_parts,2,1.60,1840011.00,0.00,1840011.00,1.840
craft_stone_vault_single_gun_line_frigate_r07,stone_vault_single_gun_line_frigate_r07,Ударник,7,stone_vault,Каменный Свод,frigate,single_gun_line,single_gun_line_frigate,hull_and_machine_parts,3,1.40,1335420.00,0.00,1335420.00,1.335
craft_stone_vault_single_gun_line_frigate_r07,stone_vault_single_gun_line_frigate_r07,Ударник,7,stone_vault,Каменный Свод,frigate,single_gun_line,single_gun_line_frigate,hull_and_machine_parts,4,1.20,886668.00,0.00,886668.00,0.887
craft_stone_vault_single_gun_line_frigate_r07,stone_vault_single_gun_line_frigate_r07,Ударник,7,stone_vault,Каменный Свод,frigate,single_gun_line,single_gun_line_frigate,hull_and_machine_parts,5,1.00,490963.00,0.00,490963.00,0.491
craft_stone_vault_single_gun_line_frigate_r08,stone_vault_single_gun_line_frigate_r08,Буревест,8,stone_vault,Каменный Свод,frigate,single_gun_line,single_gun_line_frigate,ship_blocks,0,2.00,12094904.00,0.00,12094904.00,12.095
craft_stone_vault_single_gun_line_frigate_r08,stone_vault_single_gun_line_frigate_r08,Буревест,8,stone_vault,Каменный Свод,frigate,single_gun_line,single_gun_line_frigate,ship_blocks,1,1.80,10814703.00,0.00,10814703.00,10.815
craft_stone_vault_single_gun_line_frigate_r08,stone_vault_single_gun_line_frigate_r08,Буревест,8,stone_vault,Каменный Свод,frigate,single_gun_line,single_gun_line_frigate,ship_blocks,2,1.60,7934406.00,0.00,7934406.00,7.934
craft_stone_vault_single_gun_line_frigate_r08,stone_vault_single_gun_line_frigate_r08,Буревест,8,stone_vault,Каменный Свод,frigate,single_gun_line,single_gun_line_frigate,ship_blocks,3,1.40,5630537.00,0.00,5630537.00,5.631
craft_stone_vault_single_gun_line_frigate_r08,stone_vault_single_gun_line_frigate_r08,Буревест,8,stone_vault,Каменный Свод,frigate,single_gun_line,single_gun_line_frigate,ship_blocks,4,1.20,3832510.00,0.00,3832510.00,3.833
craft_stone_vault_single_gun_line_frigate_r08,stone_vault_single_gun_line_frigate_r08,Буревест,8,stone_vault,Каменный Свод,frigate,single_gun_line,single_gun_line_frigate,ship_blocks,5,1.00,1372149.00,0.00,1372149.00,1.372
craft_stone_vault_single_gun_line_frigate_r09,stone_vault_single_gun_line_frigate_r09,Пробой,9,stone_vault,Каменный Свод,frigate,single_gun_line,single_gun_line_frigate,ship_blocks,0,2.00,28341680.00,0.00,28341680.00,28.342
craft_stone_vault_single_gun_line_frigate_r09,stone_vault_single_gun_line_frigate_r09,Пробой,9,stone_vault,Каменный Свод,frigate,single_gun_line,single_gun_line_frigate,ship_blocks,1,1.80,24854947.00,0.00,24854947.00,24.855
craft_stone_vault_single_gun_line_frigate_r09,stone_vault_single_gun_line_frigate_r09,Пробой,9,stone_vault,Каменный Свод,frigate,single_gun_line,single_gun_line_frigate,ship_blocks,2,1.60,17282711.00,0.00,17282711.00,17.283
craft_stone_vault_single_gun_line_frigate_r09,stone_vault_single_gun_line_frigate_r09,Пробой,9,stone_vault,Каменный Свод,frigate,single_gun_line,single_gun_line_frigate,ship_blocks,3,1.40,11485371.00,0.00,11485371.00,11.485
craft_stone_vault_single_gun_line_frigate_r09,stone_vault_single_gun_line_frigate_r09,Пробой,9,stone_vault,Каменный Свод,frigate,single_gun_line,single_gun_line_frigate,ship_blocks,4,1.20,7277086.00,0.00,7277086.00,7.277
craft_stone_vault_single_gun_line_frigate_r09,stone_vault_single_gun_line_frigate_r09,Пробой,9,stone_vault,Каменный Свод,frigate,single_gun_line,single_gun_line_frigate,ship_blocks,5,1.00,3238086.00,0.00,3238086.00,3.238
craft_stone_vault_single_gun_line_frigate_r10,stone_vault_single_gun_line_frigate_r10,Монолит,10,stone_vault,Каменный Свод,frigate,single_gun_line,single_gun_line_frigate,faction_flagship_license,0,2.00,65843620.00,5600000.00,71443620.00,71.444
craft_stone_vault_single_gun_line_frigate_r10,stone_vault_single_gun_line_frigate_r10,Монолит,10,stone_vault,Каменный Свод,frigate,single_gun_line,single_gun_line_frigate,faction_flagship_license,1,1.80,55193730.00,5600000.00,60793730.00,60.794
craft_stone_vault_single_gun_line_frigate_r10,stone_vault_single_gun_line_frigate_r10,Монолит,10,stone_vault,Каменный Свод,frigate,single_gun_line,single_gun_line_frigate,faction_flagship_license,2,1.60,38311628.00,5600000.00,43911628.00,43.912
craft_stone_vault_single_gun_line_frigate_r10,stone_vault_single_gun_line_frigate_r10,Монолит,10,stone_vault,Каменный Свод,frigate,single_gun_line,single_gun_line_frigate,faction_flagship_license,3,1.40,25678542.00,5600000.00,31278542.00,31.279
craft_stone_vault_single_gun_line_frigate_r10,stone_vault_single_gun_line_frigate_r10,Монолит,10,stone_vault,Каменный Свод,frigate,single_gun_line,single_gun_line_frigate,faction_flagship_license,4,1.20,16241006.00,5600000.00,21841006.00,21.841
craft_stone_vault_single_gun_line_frigate_r10,stone_vault_single_gun_line_frigate_r10,Монолит,10,stone_vault,Каменный Свод,frigate,single_gun_line,single_gun_line_frigate,faction_flagship_license,5,1.00,7893640.00,5600000.00,13493640.00,13.494
craft_stone_vault_armored_gun_cruiser_r02,stone_vault_armored_gun_cruiser_r02,Плита,2,stone_vault,Каменный Свод,cruiser,armored_gun,armored_gun_cruiser,raw_resources,0,2.00,13320.00,0.00,13320.00,0.013
craft_stone_vault_armored_gun_cruiser_r02,stone_vault_armored_gun_cruiser_r02,Плита,2,stone_vault,Каменный Свод,cruiser,armored_gun,armored_gun_cruiser,raw_resources,1,1.80,12230.00,0.00,12230.00,0.012
craft_stone_vault_armored_gun_cruiser_r02,stone_vault_armored_gun_cruiser_r02,Плита,2,stone_vault,Каменный Свод,cruiser,armored_gun,armored_gun_cruiser,raw_resources,2,1.60,10990.00,0.00,10990.00,0.011
craft_stone_vault_armored_gun_cruiser_r02,stone_vault_armored_gun_cruiser_r02,Плита,2,stone_vault,Каменный Свод,cruiser,armored_gun,armored_gun_cruiser,raw_resources,3,1.40,9690.00,0.00,9690.00,0.010
craft_stone_vault_armored_gun_cruiser_r02,stone_vault_armored_gun_cruiser_r02,Плита,2,stone_vault,Каменный Свод,cruiser,armored_gun,armored_gun_cruiser,raw_resources,4,1.20,8450.00,0.00,8450.00,0.008
craft_stone_vault_armored_gun_cruiser_r02,stone_vault_armored_gun_cruiser_r02,Плита,2,stone_vault,Каменный Свод,cruiser,armored_gun,armored_gun_cruiser,raw_resources,5,1.00,6660.00,0.00,6660.00,0.007
craft_stone_vault_armored_gun_cruiser_r03,stone_vault_armored_gun_cruiser_r03,Заслон,3,stone_vault,Каменный Свод,cruiser,armored_gun,armored_gun_cruiser,raw_resources,0,2.00,33400.00,0.00,33400.00,0.033
craft_stone_vault_armored_gun_cruiser_r03,stone_vault_armored_gun_cruiser_r03,Заслон,3,stone_vault,Каменный Свод,cruiser,armored_gun,armored_gun_cruiser,raw_resources,1,1.80,30220.00,0.00,30220.00,0.030
craft_stone_vault_armored_gun_cruiser_r03,stone_vault_armored_gun_cruiser_r03,Заслон,3,stone_vault,Каменный Свод,cruiser,armored_gun,armored_gun_cruiser,raw_resources,2,1.60,26940.00,0.00,26940.00,0.027
craft_stone_vault_armored_gun_cruiser_r03,stone_vault_armored_gun_cruiser_r03,Заслон,3,stone_vault,Каменный Свод,cruiser,armored_gun,armored_gun_cruiser,raw_resources,3,1.40,23740.00,0.00,23740.00,0.024
craft_stone_vault_armored_gun_cruiser_r03,stone_vault_armored_gun_cruiser_r03,Заслон,3,stone_vault,Каменный Свод,cruiser,armored_gun,armored_gun_cruiser,raw_resources,4,1.20,20460.00,0.00,20460.00,0.020
craft_stone_vault_armored_gun_cruiser_r03,stone_vault_armored_gun_cruiser_r03,Заслон,3,stone_vault,Каменный Свод,cruiser,armored_gun,armored_gun_cruiser,raw_resources,5,1.00,16700.00,0.00,16700.00,0.017
craft_stone_vault_armored_gun_cruiser_r04,stone_vault_armored_gun_cruiser_r04,Каземат,4,stone_vault,Каменный Свод,cruiser,armored_gun,armored_gun_cruiser,prepared_materials,0,2.00,159476.00,0.00,159476.00,0.159
craft_stone_vault_armored_gun_cruiser_r04,stone_vault_armored_gun_cruiser_r04,Каземат,4,stone_vault,Каменный Свод,cruiser,armored_gun,armored_gun_cruiser,prepared_materials,1,1.80,136640.00,0.00,136640.00,0.137
craft_stone_vault_armored_gun_cruiser_r04,stone_vault_armored_gun_cruiser_r04,Каземат,4,stone_vault,Каменный Свод,cruiser,armored_gun,armored_gun_cruiser,prepared_materials,2,1.60,108932.00,0.00,108932.00,0.109
craft_stone_vault_armored_gun_cruiser_r04,stone_vault_armored_gun_cruiser_r04,Каземат,4,stone_vault,Каменный Свод,cruiser,armored_gun,armored_gun_cruiser,prepared_materials,3,1.40,85080.00,0.00,85080.00,0.085
craft_stone_vault_armored_gun_cruiser_r04,stone_vault_armored_gun_cruiser_r04,Каземат,4,stone_vault,Каменный Свод,cruiser,armored_gun,armored_gun_cruiser,prepared_materials,4,1.20,63552.00,0.00,63552.00,0.064
craft_stone_vault_armored_gun_cruiser_r04,stone_vault_armored_gun_cruiser_r04,Каземат,4,stone_vault,Каменный Свод,cruiser,armored_gun,armored_gun_cruiser,prepared_materials,5,1.00,41189.00,0.00,41189.00,0.041
craft_stone_vault_armored_gun_cruiser_r05,stone_vault_armored_gun_cruiser_r05,Надел,5,stone_vault,Каменный Свод,cruiser,armored_gun,armored_gun_cruiser,prepared_materials,0,2.00,410276.00,0.00,410276.00,0.410
craft_stone_vault_armored_gun_cruiser_r05,stone_vault_armored_gun_cruiser_r05,Надел,5,stone_vault,Каменный Свод,cruiser,armored_gun,armored_gun_cruiser,prepared_materials,1,1.80,350343.00,0.00,350343.00,0.350
craft_stone_vault_armored_gun_cruiser_r05,stone_vault_armored_gun_cruiser_r05,Надел,5,stone_vault,Каменный Свод,cruiser,armored_gun,armored_gun_cruiser,prepared_materials,2,1.60,277805.00,0.00,277805.00,0.278
craft_stone_vault_armored_gun_cruiser_r05,stone_vault_armored_gun_cruiser_r05,Надел,5,stone_vault,Каменный Свод,cruiser,armored_gun,armored_gun_cruiser,prepared_materials,3,1.40,217635.00,0.00,217635.00,0.218
craft_stone_vault_armored_gun_cruiser_r05,stone_vault_armored_gun_cruiser_r05,Надел,5,stone_vault,Каменный Свод,cruiser,armored_gun,armored_gun_cruiser,prepared_materials,4,1.20,161356.00,0.00,161356.00,0.161
craft_stone_vault_armored_gun_cruiser_r05,stone_vault_armored_gun_cruiser_r05,Надел,5,stone_vault,Каменный Свод,cruiser,armored_gun,armored_gun_cruiser,prepared_materials,5,1.00,104839.00,0.00,104839.00,0.105
craft_stone_vault_armored_gun_cruiser_r06,stone_vault_armored_gun_cruiser_r06,Панцирь,6,stone_vault,Каменный Свод,cruiser,armored_gun,armored_gun_cruiser,hull_and_machine_parts,0,2.00,1773668.00,0.00,1773668.00,1.774
craft_stone_vault_armored_gun_cruiser_r06,stone_vault_armored_gun_cruiser_r06,Панцирь,6,stone_vault,Каменный Свод,cruiser,armored_gun,armored_gun_cruiser,hull_and_machine_parts,1,1.80,1481990.00,0.00,1481990.00,1.482
craft_stone_vault_armored_gun_cruiser_r06,stone_vault_armored_gun_cruiser_r06,Панцирь,6,stone_vault,Каменный Свод,cruiser,armored_gun,armored_gun_cruiser,hull_and_machine_parts,2,1.60,1065690.00,0.00,1065690.00,1.066
craft_stone_vault_armored_gun_cruiser_r06,stone_vault_armored_gun_cruiser_r06,Панцирь,6,stone_vault,Каменный Свод,cruiser,armored_gun,armored_gun_cruiser,hull_and_machine_parts,3,1.40,783421.00,0.00,783421.00,0.783
craft_stone_vault_armored_gun_cruiser_r06,stone_vault_armored_gun_cruiser_r06,Панцирь,6,stone_vault,Каменный Свод,cruiser,armored_gun,armored_gun_cruiser,hull_and_machine_parts,4,1.20,517346.00,0.00,517346.00,0.517
craft_stone_vault_armored_gun_cruiser_r06,stone_vault_armored_gun_cruiser_r06,Панцирь,6,stone_vault,Каменный Свод,cruiser,armored_gun,armored_gun_cruiser,hull_and_machine_parts,5,1.00,283327.00,0.00,283327.00,0.283
craft_stone_vault_armored_gun_cruiser_r07,stone_vault_armored_gun_cruiser_r07,Утес,7,stone_vault,Каменный Свод,cruiser,armored_gun,armored_gun_cruiser,hull_and_machine_parts,0,2.00,4513512.00,0.00,4513512.00,4.514
craft_stone_vault_armored_gun_cruiser_r07,stone_vault_armored_gun_cruiser_r07,Утес,7,stone_vault,Каменный Свод,cruiser,armored_gun,armored_gun_cruiser,hull_and_machine_parts,1,1.80,3716173.00,0.00,3716173.00,3.716
craft_stone_vault_armored_gun_cruiser_r07,stone_vault_armored_gun_cruiser_r07,Утес,7,stone_vault,Каменный Свод,cruiser,armored_gun,armored_gun_cruiser,hull_and_machine_parts,2,1.60,2676253.00,0.00,2676253.00,2.676
craft_stone_vault_armored_gun_cruiser_r07,stone_vault_armored_gun_cruiser_r07,Утес,7,stone_vault,Каменный Свод,cruiser,armored_gun,armored_gun_cruiser,hull_and_machine_parts,3,1.40,1920147.00,0.00,1920147.00,1.920
craft_stone_vault_armored_gun_cruiser_r07,stone_vault_armored_gun_cruiser_r07,Утес,7,stone_vault,Каменный Свод,cruiser,armored_gun,armored_gun_cruiser,hull_and_machine_parts,4,1.20,1265930.00,0.00,1265930.00,1.266
craft_stone_vault_armored_gun_cruiser_r07,stone_vault_armored_gun_cruiser_r07,Утес,7,stone_vault,Каменный Свод,cruiser,armored_gun,armored_gun_cruiser,hull_and_machine_parts,5,1.00,704723.00,0.00,704723.00,0.705
craft_stone_vault_armored_gun_cruiser_r08,stone_vault_armored_gun_cruiser_r08,Донжон,8,stone_vault,Каменный Свод,cruiser,armored_gun,armored_gun_cruiser,ship_blocks,0,2.00,16200008.00,0.00,16200008.00,16.200
craft_stone_vault_armored_gun_cruiser_r08,stone_vault_armored_gun_cruiser_r08,Донжон,8,stone_vault,Каменный Свод,cruiser,armored_gun,armored_gun_cruiser,ship_blocks,1,1.80,14399147.00,0.00,14399147.00,14.399
craft_stone_vault_armored_gun_cruiser_r08,stone_vault_armored_gun_cruiser_r08,Донжон,8,stone_vault,Каменный Свод,cruiser,armored_gun,armored_gun_cruiser,ship_blocks,2,1.60,10606479.00,0.00,10606479.00,10.606
craft_stone_vault_armored_gun_cruiser_r08,stone_vault_armored_gun_cruiser_r08,Донжон,8,stone_vault,Каменный Свод,cruiser,armored_gun,armored_gun_cruiser,ship_blocks,3,1.40,6927431.00,0.00,6927431.00,6.927
craft_stone_vault_armored_gun_cruiser_r08,stone_vault_armored_gun_cruiser_r08,Донжон,8,stone_vault,Каменный Свод,cruiser,armored_gun,armored_gun_cruiser,ship_blocks,4,1.20,4718352.00,0.00,4718352.00,4.718
craft_stone_vault_armored_gun_cruiser_r08,stone_vault_armored_gun_cruiser_r08,Донжон,8,stone_vault,Каменный Свод,cruiser,armored_gun,armored_gun_cruiser,ship_blocks,5,1.00,1865714.00,0.00,1865714.00,1.866
craft_stone_vault_armored_gun_cruiser_r09,stone_vault_armored_gun_cruiser_r09,Бронник,9,stone_vault,Каменный Свод,cruiser,armored_gun,armored_gun_cruiser,ship_blocks,0,2.00,39361032.00,0.00,39361032.00,39.361
craft_stone_vault_armored_gun_cruiser_r09,stone_vault_armored_gun_cruiser_r09,Бронник,9,stone_vault,Каменный Свод,cruiser,armored_gun,armored_gun_cruiser,ship_blocks,1,1.80,32922637.00,0.00,32922637.00,32.923
craft_stone_vault_armored_gun_cruiser_r09,stone_vault_armored_gun_cruiser_r09,Бронник,9,stone_vault,Каменный Свод,cruiser,armored_gun,armored_gun_cruiser,ship_blocks,2,1.60,22915496.00,0.00,22915496.00,22.915
craft_stone_vault_armored_gun_cruiser_r09,stone_vault_armored_gun_cruiser_r09,Бронник,9,stone_vault,Каменный Свод,cruiser,armored_gun,armored_gun_cruiser,ship_blocks,3,1.40,15268354.00,0.00,15268354.00,15.268
craft_stone_vault_armored_gun_cruiser_r09,stone_vault_armored_gun_cruiser_r09,Бронник,9,stone_vault,Каменный Свод,cruiser,armored_gun,armored_gun_cruiser,ship_blocks,4,1.20,9696018.00,0.00,9696018.00,9.696
craft_stone_vault_armored_gun_cruiser_r09,stone_vault_armored_gun_cruiser_r09,Бронник,9,stone_vault,Каменный Свод,cruiser,armored_gun,armored_gun_cruiser,ship_blocks,5,1.00,4515448.00,0.00,4515448.00,4.515
craft_stone_vault_armored_gun_cruiser_r10,stone_vault_armored_gun_cruiser_r10,Бастион,10,stone_vault,Каменный Свод,cruiser,armored_gun,armored_gun_cruiser,faction_flagship_license,0,2.00,92243648.00,5600000.00,97843648.00,97.844
craft_stone_vault_armored_gun_cruiser_r10,stone_vault_armored_gun_cruiser_r10,Бастион,10,stone_vault,Каменный Свод,cruiser,armored_gun,armored_gun_cruiser,faction_flagship_license,1,1.80,75743410.00,5600000.00,81343410.00,81.343
craft_stone_vault_armored_gun_cruiser_r10,stone_vault_armored_gun_cruiser_r10,Бастион,10,stone_vault,Каменный Свод,cruiser,armored_gun,armored_gun_cruiser,faction_flagship_license,2,1.60,52876806.00,5600000.00,58476806.00,58.477
craft_stone_vault_armored_gun_cruiser_r10,stone_vault_armored_gun_cruiser_r10,Бастион,10,stone_vault,Каменный Свод,cruiser,armored_gun,armored_gun_cruiser,faction_flagship_license,3,1.40,35444416.00,5600000.00,41044416.00,41.044
craft_stone_vault_armored_gun_cruiser_r10,stone_vault_armored_gun_cruiser_r10,Бастион,10,stone_vault,Каменный Свод,cruiser,armored_gun,armored_gun_cruiser,faction_flagship_license,4,1.20,22580726.00,5600000.00,28180726.00,28.181
craft_stone_vault_armored_gun_cruiser_r10,stone_vault_armored_gun_cruiser_r10,Бастион,10,stone_vault,Каменный Свод,cruiser,armored_gun,armored_gun_cruiser,faction_flagship_license,5,1.00,11122679.00,5600000.00,16722679.00,16.723
craft_stone_vault_magnet_hauler_cruiser_r02,stone_vault_magnet_hauler_cruiser_r02,Захват,2,stone_vault,Каменный Свод,cruiser,magnet_hauler,magnet_hauler_cruiser,raw_resources,0,2.00,13040.00,0.00,13040.00,0.013
craft_stone_vault_magnet_hauler_cruiser_r02,stone_vault_magnet_hauler_cruiser_r02,Захват,2,stone_vault,Каменный Свод,cruiser,magnet_hauler,magnet_hauler_cruiser,raw_resources,1,1.80,11840.00,0.00,11840.00,0.012
craft_stone_vault_magnet_hauler_cruiser_r02,stone_vault_magnet_hauler_cruiser_r02,Захват,2,stone_vault,Каменный Свод,cruiser,magnet_hauler,magnet_hauler_cruiser,raw_resources,2,1.60,10500.00,0.00,10500.00,0.011
craft_stone_vault_magnet_hauler_cruiser_r02,stone_vault_magnet_hauler_cruiser_r02,Захват,2,stone_vault,Каменный Свод,cruiser,magnet_hauler,magnet_hauler_cruiser,raw_resources,3,1.40,9270.00,0.00,9270.00,0.009
craft_stone_vault_magnet_hauler_cruiser_r02,stone_vault_magnet_hauler_cruiser_r02,Захват,2,stone_vault,Каменный Свод,cruiser,magnet_hauler,magnet_hauler_cruiser,raw_resources,4,1.20,7930.00,0.00,7930.00,0.008
craft_stone_vault_magnet_hauler_cruiser_r02,stone_vault_magnet_hauler_cruiser_r02,Захват,2,stone_vault,Каменный Свод,cruiser,magnet_hauler,magnet_hauler_cruiser,raw_resources,5,1.00,6520.00,0.00,6520.00,0.007
craft_stone_vault_magnet_hauler_cruiser_r03,stone_vault_magnet_hauler_cruiser_r03,Трос,3,stone_vault,Каменный Свод,cruiser,magnet_hauler,magnet_hauler_cruiser,raw_resources,0,2.00,32560.00,0.00,32560.00,0.033
craft_stone_vault_magnet_hauler_cruiser_r03,stone_vault_magnet_hauler_cruiser_r03,Трос,3,stone_vault,Каменный Свод,cruiser,magnet_hauler,magnet_hauler_cruiser,raw_resources,1,1.80,29420.00,0.00,29420.00,0.029
craft_stone_vault_magnet_hauler_cruiser_r03,stone_vault_magnet_hauler_cruiser_r03,Трос,3,stone_vault,Каменный Свод,cruiser,magnet_hauler,magnet_hauler_cruiser,raw_resources,2,1.60,26190.00,0.00,26190.00,0.026
craft_stone_vault_magnet_hauler_cruiser_r03,stone_vault_magnet_hauler_cruiser_r03,Трос,3,stone_vault,Каменный Свод,cruiser,magnet_hauler,magnet_hauler_cruiser,raw_resources,3,1.40,22860.00,0.00,22860.00,0.023
craft_stone_vault_magnet_hauler_cruiser_r03,stone_vault_magnet_hauler_cruiser_r03,Трос,3,stone_vault,Каменный Свод,cruiser,magnet_hauler,magnet_hauler_cruiser,raw_resources,4,1.20,19630.00,0.00,19630.00,0.020
craft_stone_vault_magnet_hauler_cruiser_r03,stone_vault_magnet_hauler_cruiser_r03,Трос,3,stone_vault,Каменный Свод,cruiser,magnet_hauler,magnet_hauler_cruiser,raw_resources,5,1.00,16280.00,0.00,16280.00,0.016
craft_stone_vault_magnet_hauler_cruiser_r04,stone_vault_magnet_hauler_cruiser_r04,Ковш,4,stone_vault,Каменный Свод,cruiser,magnet_hauler,magnet_hauler_cruiser,prepared_materials,0,2.00,157812.00,0.00,157812.00,0.158
craft_stone_vault_magnet_hauler_cruiser_r04,stone_vault_magnet_hauler_cruiser_r04,Ковш,4,stone_vault,Каменный Свод,cruiser,magnet_hauler,magnet_hauler_cruiser,prepared_materials,1,1.80,135038.00,0.00,135038.00,0.135
craft_stone_vault_magnet_hauler_cruiser_r04,stone_vault_magnet_hauler_cruiser_r04,Ковш,4,stone_vault,Каменный Свод,cruiser,magnet_hauler,magnet_hauler_cruiser,prepared_materials,2,1.60,108298.00,0.00,108298.00,0.108
craft_stone_vault_magnet_hauler_cruiser_r04,stone_vault_magnet_hauler_cruiser_r04,Ковш,4,stone_vault,Каменный Свод,cruiser,magnet_hauler,magnet_hauler_cruiser,prepared_materials,3,1.40,84621.00,0.00,84621.00,0.085
craft_stone_vault_magnet_hauler_cruiser_r04,stone_vault_magnet_hauler_cruiser_r04,Ковш,4,stone_vault,Каменный Свод,cruiser,magnet_hauler,magnet_hauler_cruiser,prepared_materials,4,1.20,63754.00,0.00,63754.00,0.064
craft_stone_vault_magnet_hauler_cruiser_r04,stone_vault_magnet_hauler_cruiser_r04,Ковш,4,stone_vault,Каменный Свод,cruiser,magnet_hauler,magnet_hauler_cruiser,prepared_materials,5,1.00,41703.00,0.00,41703.00,0.042
craft_stone_vault_magnet_hauler_cruiser_r05,stone_vault_magnet_hauler_cruiser_r05,Грузарь,5,stone_vault,Каменный Свод,cruiser,magnet_hauler,magnet_hauler_cruiser,prepared_materials,0,2.00,407044.00,0.00,407044.00,0.407
craft_stone_vault_magnet_hauler_cruiser_r05,stone_vault_magnet_hauler_cruiser_r05,Грузарь,5,stone_vault,Каменный Свод,cruiser,magnet_hauler,magnet_hauler_cruiser,prepared_materials,1,1.80,346609.00,0.00,346609.00,0.347
craft_stone_vault_magnet_hauler_cruiser_r05,stone_vault_magnet_hauler_cruiser_r05,Грузарь,5,stone_vault,Каменный Свод,cruiser,magnet_hauler,magnet_hauler_cruiser,prepared_materials,2,1.60,276534.00,0.00,276534.00,0.277
craft_stone_vault_magnet_hauler_cruiser_r05,stone_vault_magnet_hauler_cruiser_r05,Грузарь,5,stone_vault,Каменный Свод,cruiser,magnet_hauler,magnet_hauler_cruiser,prepared_materials,3,1.40,214753.00,0.00,214753.00,0.215
craft_stone_vault_magnet_hauler_cruiser_r05,stone_vault_magnet_hauler_cruiser_r05,Грузарь,5,stone_vault,Каменный Свод,cruiser,magnet_hauler,magnet_hauler_cruiser,prepared_materials,4,1.20,160404.00,0.00,160404.00,0.160
craft_stone_vault_magnet_hauler_cruiser_r05,stone_vault_magnet_hauler_cruiser_r05,Грузарь,5,stone_vault,Каменный Свод,cruiser,magnet_hauler,magnet_hauler_cruiser,prepared_materials,5,1.00,104381.00,0.00,104381.00,0.104
craft_stone_vault_magnet_hauler_cruiser_r06,stone_vault_magnet_hauler_cruiser_r06,Магнетит,6,stone_vault,Каменный Свод,cruiser,magnet_hauler,magnet_hauler_cruiser,hull_and_machine_parts,0,2.00,1783976.00,0.00,1783976.00,1.784
craft_stone_vault_magnet_hauler_cruiser_r06,stone_vault_magnet_hauler_cruiser_r06,Магнетит,6,stone_vault,Каменный Свод,cruiser,magnet_hauler,magnet_hauler_cruiser,hull_and_machine_parts,1,1.80,1508026.00,0.00,1508026.00,1.508
craft_stone_vault_magnet_hauler_cruiser_r06,stone_vault_magnet_hauler_cruiser_r06,Магнетит,6,stone_vault,Каменный Свод,cruiser,magnet_hauler,magnet_hauler_cruiser,hull_and_machine_parts,2,1.60,1095847.00,0.00,1095847.00,1.096
craft_stone_vault_magnet_hauler_cruiser_r06,stone_vault_magnet_hauler_cruiser_r06,Магнетит,6,stone_vault,Каменный Свод,cruiser,magnet_hauler,magnet_hauler_cruiser,hull_and_machine_parts,3,1.40,788005.00,0.00,788005.00,0.788
craft_stone_vault_magnet_hauler_cruiser_r06,stone_vault_magnet_hauler_cruiser_r06,Магнетит,6,stone_vault,Каменный Свод,cruiser,magnet_hauler,magnet_hauler_cruiser,hull_and_machine_parts,4,1.20,526136.00,0.00,526136.00,0.526
craft_stone_vault_magnet_hauler_cruiser_r06,stone_vault_magnet_hauler_cruiser_r06,Магнетит,6,stone_vault,Каменный Свод,cruiser,magnet_hauler,magnet_hauler_cruiser,hull_and_machine_parts,5,1.00,281133.00,0.00,281133.00,0.281
craft_stone_vault_magnet_hauler_cruiser_r07,stone_vault_magnet_hauler_cruiser_r07,Лебедка,7,stone_vault,Каменный Свод,cruiser,magnet_hauler,magnet_hauler_cruiser,hull_and_machine_parts,0,2.00,3972728.00,0.00,3972728.00,3.973
craft_stone_vault_magnet_hauler_cruiser_r07,stone_vault_magnet_hauler_cruiser_r07,Лебедка,7,stone_vault,Каменный Свод,cruiser,magnet_hauler,magnet_hauler_cruiser,hull_and_machine_parts,1,1.80,3307791.00,0.00,3307791.00,3.308
craft_stone_vault_magnet_hauler_cruiser_r07,stone_vault_magnet_hauler_cruiser_r07,Лебедка,7,stone_vault,Каменный Свод,cruiser,magnet_hauler,magnet_hauler_cruiser,hull_and_machine_parts,2,1.60,2387967.00,0.00,2387967.00,2.388
craft_stone_vault_magnet_hauler_cruiser_r07,stone_vault_magnet_hauler_cruiser_r07,Лебедка,7,stone_vault,Каменный Свод,cruiser,magnet_hauler,magnet_hauler_cruiser,hull_and_machine_parts,3,1.40,1707678.00,0.00,1707678.00,1.708
craft_stone_vault_magnet_hauler_cruiser_r07,stone_vault_magnet_hauler_cruiser_r07,Лебедка,7,stone_vault,Каменный Свод,cruiser,magnet_hauler,magnet_hauler_cruiser,hull_and_machine_parts,4,1.20,1127404.00,0.00,1127404.00,1.127
craft_stone_vault_magnet_hauler_cruiser_r07,stone_vault_magnet_hauler_cruiser_r07,Лебедка,7,stone_vault,Каменный Свод,cruiser,magnet_hauler,magnet_hauler_cruiser,hull_and_machine_parts,5,1.00,615538.00,0.00,615538.00,0.616
craft_stone_vault_magnet_hauler_cruiser_r08,stone_vault_magnet_hauler_cruiser_r08,Подъемник,8,stone_vault,Каменный Свод,cruiser,magnet_hauler,magnet_hauler_cruiser,ship_blocks,0,2.00,14481000.00,0.00,14481000.00,14.481
craft_stone_vault_magnet_hauler_cruiser_r08,stone_vault_magnet_hauler_cruiser_r08,Подъемник,8,stone_vault,Каменный Свод,cruiser,magnet_hauler,magnet_hauler_cruiser,ship_blocks,1,1.80,12806366.00,0.00,12806366.00,12.806
craft_stone_vault_magnet_hauler_cruiser_r08,stone_vault_magnet_hauler_cruiser_r08,Подъемник,8,stone_vault,Каменный Свод,cruiser,magnet_hauler,magnet_hauler_cruiser,ship_blocks,2,1.60,9071722.00,0.00,9071722.00,9.072
craft_stone_vault_magnet_hauler_cruiser_r08,stone_vault_magnet_hauler_cruiser_r08,Подъемник,8,stone_vault,Каменный Свод,cruiser,magnet_hauler,magnet_hauler_cruiser,ship_blocks,3,1.40,6445787.00,0.00,6445787.00,6.446
craft_stone_vault_magnet_hauler_cruiser_r08,stone_vault_magnet_hauler_cruiser_r08,Подъемник,8,stone_vault,Каменный Свод,cruiser,magnet_hauler,magnet_hauler_cruiser,ship_blocks,4,1.20,4207336.00,0.00,4207336.00,4.207
craft_stone_vault_magnet_hauler_cruiser_r08,stone_vault_magnet_hauler_cruiser_r08,Подъемник,8,stone_vault,Каменный Свод,cruiser,magnet_hauler,magnet_hauler_cruiser,ship_blocks,5,1.00,1688875.00,0.00,1688875.00,1.689
craft_stone_vault_magnet_hauler_cruiser_r09,stone_vault_magnet_hauler_cruiser_r09,Рельс,9,stone_vault,Каменный Свод,cruiser,magnet_hauler,magnet_hauler_cruiser,ship_blocks,0,2.00,33763112.00,0.00,33763112.00,33.763
craft_stone_vault_magnet_hauler_cruiser_r09,stone_vault_magnet_hauler_cruiser_r09,Рельс,9,stone_vault,Каменный Свод,cruiser,magnet_hauler,magnet_hauler_cruiser,ship_blocks,1,1.80,29176162.00,0.00,29176162.00,29.176
craft_stone_vault_magnet_hauler_cruiser_r09,stone_vault_magnet_hauler_cruiser_r09,Рельс,9,stone_vault,Каменный Свод,cruiser,magnet_hauler,magnet_hauler_cruiser,ship_blocks,2,1.60,20036423.00,0.00,20036423.00,20.036
craft_stone_vault_magnet_hauler_cruiser_r09,stone_vault_magnet_hauler_cruiser_r09,Рельс,9,stone_vault,Каменный Свод,cruiser,magnet_hauler,magnet_hauler_cruiser,ship_blocks,3,1.40,13358835.00,0.00,13358835.00,13.359
craft_stone_vault_magnet_hauler_cruiser_r09,stone_vault_magnet_hauler_cruiser_r09,Рельс,9,stone_vault,Каменный Свод,cruiser,magnet_hauler,magnet_hauler_cruiser,ship_blocks,4,1.20,8336802.00,0.00,8336802.00,8.337
craft_stone_vault_magnet_hauler_cruiser_r09,stone_vault_magnet_hauler_cruiser_r09,Рельс,9,stone_vault,Каменный Свод,cruiser,magnet_hauler,magnet_hauler_cruiser,ship_blocks,5,1.00,3872361.00,0.00,3872361.00,3.872
craft_stone_vault_magnet_hauler_cruiser_r10,stone_vault_magnet_hauler_cruiser_r10,Титанит,10,stone_vault,Каменный Свод,cruiser,magnet_hauler,magnet_hauler_cruiser,faction_flagship_license,0,2.00,88898824.00,5600000.00,94498824.00,94.499
craft_stone_vault_magnet_hauler_cruiser_r10,stone_vault_magnet_hauler_cruiser_r10,Титанит,10,stone_vault,Каменный Свод,cruiser,magnet_hauler,magnet_hauler_cruiser,faction_flagship_license,1,1.80,73790204.00,5600000.00,79390204.00,79.390
craft_stone_vault_magnet_hauler_cruiser_r10,stone_vault_magnet_hauler_cruiser_r10,Титанит,10,stone_vault,Каменный Свод,cruiser,magnet_hauler,magnet_hauler_cruiser,faction_flagship_license,2,1.60,50878859.00,5600000.00,56478859.00,56.479
craft_stone_vault_magnet_hauler_cruiser_r10,stone_vault_magnet_hauler_cruiser_r10,Титанит,10,stone_vault,Каменный Свод,cruiser,magnet_hauler,magnet_hauler_cruiser,faction_flagship_license,3,1.40,34476782.00,5600000.00,40076782.00,40.077
craft_stone_vault_magnet_hauler_cruiser_r10,stone_vault_magnet_hauler_cruiser_r10,Титанит,10,stone_vault,Каменный Свод,cruiser,magnet_hauler,magnet_hauler_cruiser,faction_flagship_license,4,1.20,21613834.00,5600000.00,27213834.00,27.214
craft_stone_vault_magnet_hauler_cruiser_r10,stone_vault_magnet_hauler_cruiser_r10,Титанит,10,stone_vault,Каменный Свод,cruiser,magnet_hauler,magnet_hauler_cruiser,faction_flagship_license,5,1.00,10507367.00,5600000.00,16107367.00,16.107
craft_stone_vault_refinery_cruiser_r02,stone_vault_refinery_cruiser_r02,Дробь,2,stone_vault,Каменный Свод,cruiser,refinery,refinery_cruiser,raw_resources,0,2.00,14560.00,0.00,14560.00,0.015
craft_stone_vault_refinery_cruiser_r02,stone_vault_refinery_cruiser_r02,Дробь,2,stone_vault,Каменный Свод,cruiser,refinery,refinery_cruiser,raw_resources,1,1.80,13170.00,0.00,13170.00,0.013
craft_stone_vault_refinery_cruiser_r02,stone_vault_refinery_cruiser_r02,Дробь,2,stone_vault,Каменный Свод,cruiser,refinery,refinery_cruiser,raw_resources,2,1.60,11690.00,0.00,11690.00,0.012
craft_stone_vault_refinery_cruiser_r02,stone_vault_refinery_cruiser_r02,Дробь,2,stone_vault,Каменный Свод,cruiser,refinery,refinery_cruiser,raw_resources,3,1.40,10290.00,0.00,10290.00,0.010
craft_stone_vault_refinery_cruiser_r02,stone_vault_refinery_cruiser_r02,Дробь,2,stone_vault,Каменный Свод,cruiser,refinery,refinery_cruiser,raw_resources,4,1.20,8810.00,0.00,8810.00,0.009
craft_stone_vault_refinery_cruiser_r02,stone_vault_refinery_cruiser_r02,Дробь,2,stone_vault,Каменный Свод,cruiser,refinery,refinery_cruiser,raw_resources,5,1.00,7280.00,0.00,7280.00,0.007
craft_stone_vault_refinery_cruiser_r03,stone_vault_refinery_cruiser_r03,Сито,3,stone_vault,Каменный Свод,cruiser,refinery,refinery_cruiser,raw_resources,0,2.00,35320.00,0.00,35320.00,0.035
craft_stone_vault_refinery_cruiser_r03,stone_vault_refinery_cruiser_r03,Сито,3,stone_vault,Каменный Свод,cruiser,refinery,refinery_cruiser,raw_resources,1,1.80,31920.00,0.00,31920.00,0.032
craft_stone_vault_refinery_cruiser_r03,stone_vault_refinery_cruiser_r03,Сито,3,stone_vault,Каменный Свод,cruiser,refinery,refinery_cruiser,raw_resources,2,1.60,28350.00,0.00,28350.00,0.028
craft_stone_vault_refinery_cruiser_r03,stone_vault_refinery_cruiser_r03,Сито,3,stone_vault,Каменный Свод,cruiser,refinery,refinery_cruiser,raw_resources,3,1.40,24850.00,0.00,24850.00,0.025
craft_stone_vault_refinery_cruiser_r03,stone_vault_refinery_cruiser_r03,Сито,3,stone_vault,Каменный Свод,cruiser,refinery,refinery_cruiser,raw_resources,4,1.20,21280.00,0.00,21280.00,0.021
craft_stone_vault_refinery_cruiser_r03,stone_vault_refinery_cruiser_r03,Сито,3,stone_vault,Каменный Свод,cruiser,refinery,refinery_cruiser,raw_resources,5,1.00,17660.00,0.00,17660.00,0.018
craft_stone_vault_refinery_cruiser_r04,stone_vault_refinery_cruiser_r04,Толчея,4,stone_vault,Каменный Свод,cruiser,refinery,refinery_cruiser,prepared_materials,0,2.00,170472.00,0.00,170472.00,0.170
craft_stone_vault_refinery_cruiser_r04,stone_vault_refinery_cruiser_r04,Толчея,4,stone_vault,Каменный Свод,cruiser,refinery,refinery_cruiser,prepared_materials,1,1.80,146378.00,0.00,146378.00,0.146
craft_stone_vault_refinery_cruiser_r04,stone_vault_refinery_cruiser_r04,Толчея,4,stone_vault,Каменный Свод,cruiser,refinery,refinery_cruiser,prepared_materials,2,1.60,117647.00,0.00,117647.00,0.118
craft_stone_vault_refinery_cruiser_r04,stone_vault_refinery_cruiser_r04,Толчея,4,stone_vault,Каменный Свод,cruiser,refinery,refinery_cruiser,prepared_materials,3,1.40,91482.00,0.00,91482.00,0.091
craft_stone_vault_refinery_cruiser_r04,stone_vault_refinery_cruiser_r04,Толчея,4,stone_vault,Каменный Свод,cruiser,refinery,refinery_cruiser,prepared_materials,4,1.20,69064.00,0.00,69064.00,0.069
craft_stone_vault_refinery_cruiser_r04,stone_vault_refinery_cruiser_r04,Толчея,4,stone_vault,Каменный Свод,cruiser,refinery,refinery_cruiser,prepared_materials,5,1.00,45038.00,0.00,45038.00,0.045
craft_stone_vault_refinery_cruiser_r05,stone_vault_refinery_cruiser_r05,Мельница,5,stone_vault,Каменный Свод,cruiser,refinery,refinery_cruiser,prepared_materials,0,2.00,443268.00,0.00,443268.00,0.443
craft_stone_vault_refinery_cruiser_r05,stone_vault_refinery_cruiser_r05,Мельница,5,stone_vault,Каменный Свод,cruiser,refinery,refinery_cruiser,prepared_materials,1,1.80,378301.00,0.00,378301.00,0.378
craft_stone_vault_refinery_cruiser_r05,stone_vault_refinery_cruiser_r05,Мельница,5,stone_vault,Каменный Свод,cruiser,refinery,refinery_cruiser,prepared_materials,2,1.60,302436.00,0.00,302436.00,0.302
craft_stone_vault_refinery_cruiser_r05,stone_vault_refinery_cruiser_r05,Мельница,5,stone_vault,Каменный Свод,cruiser,refinery,refinery_cruiser,prepared_materials,3,1.40,234361.00,0.00,234361.00,0.234
craft_stone_vault_refinery_cruiser_r05,stone_vault_refinery_cruiser_r05,Мельница,5,stone_vault,Каменный Свод,cruiser,refinery,refinery_cruiser,prepared_materials,4,1.20,175500.00,0.00,175500.00,0.175
craft_stone_vault_refinery_cruiser_r05,stone_vault_refinery_cruiser_r05,Мельница,5,stone_vault,Каменный Свод,cruiser,refinery,refinery_cruiser,prepared_materials,5,1.00,113627.00,0.00,113627.00,0.114
craft_stone_vault_refinery_cruiser_r06,stone_vault_refinery_cruiser_r06,Фракция,6,stone_vault,Каменный Свод,cruiser,refinery,refinery_cruiser,hull_and_machine_parts,0,2.00,1773484.00,0.00,1773484.00,1.773
craft_stone_vault_refinery_cruiser_r06,stone_vault_refinery_cruiser_r06,Фракция,6,stone_vault,Каменный Свод,cruiser,refinery,refinery_cruiser,hull_and_machine_parts,1,1.80,1476555.00,0.00,1476555.00,1.477
craft_stone_vault_refinery_cruiser_r06,stone_vault_refinery_cruiser_r06,Фракция,6,stone_vault,Каменный Свод,cruiser,refinery,refinery_cruiser,hull_and_machine_parts,2,1.60,1072958.00,0.00,1072958.00,1.073
craft_stone_vault_refinery_cruiser_r06,stone_vault_refinery_cruiser_r06,Фракция,6,stone_vault,Каменный Свод,cruiser,refinery,refinery_cruiser,hull_and_machine_parts,3,1.40,763968.00,0.00,763968.00,0.764
craft_stone_vault_refinery_cruiser_r06,stone_vault_refinery_cruiser_r06,Фракция,6,stone_vault,Каменный Свод,cruiser,refinery,refinery_cruiser,hull_and_machine_parts,4,1.20,508554.00,0.00,508554.00,0.509
craft_stone_vault_refinery_cruiser_r06,stone_vault_refinery_cruiser_r06,Фракция,6,stone_vault,Каменный Свод,cruiser,refinery,refinery_cruiser,hull_and_machine_parts,5,1.00,280605.00,0.00,280605.00,0.281
craft_stone_vault_refinery_cruiser_r07,stone_vault_refinery_cruiser_r07,Концентрат,7,stone_vault,Каменный Свод,cruiser,refinery,refinery_cruiser,hull_and_machine_parts,0,2.00,4740848.00,0.00,4740848.00,4.741
craft_stone_vault_refinery_cruiser_r07,stone_vault_refinery_cruiser_r07,Концентрат,7,stone_vault,Каменный Свод,cruiser,refinery,refinery_cruiser,hull_and_machine_parts,1,1.80,3920588.00,0.00,3920588.00,3.921
craft_stone_vault_refinery_cruiser_r07,stone_vault_refinery_cruiser_r07,Концентрат,7,stone_vault,Каменный Свод,cruiser,refinery,refinery_cruiser,hull_and_machine_parts,2,1.60,2822408.00,0.00,2822408.00,2.822
craft_stone_vault_refinery_cruiser_r07,stone_vault_refinery_cruiser_r07,Концентрат,7,stone_vault,Каменный Свод,cruiser,refinery,refinery_cruiser,hull_and_machine_parts,3,1.40,2013346.00,0.00,2013346.00,2.013
craft_stone_vault_refinery_cruiser_r07,stone_vault_refinery_cruiser_r07,Концентрат,7,stone_vault,Каменный Свод,cruiser,refinery,refinery_cruiser,hull_and_machine_parts,4,1.20,1322930.00,0.00,1322930.00,1.323
craft_stone_vault_refinery_cruiser_r07,stone_vault_refinery_cruiser_r07,Концентрат,7,stone_vault,Каменный Свод,cruiser,refinery,refinery_cruiser,hull_and_machine_parts,5,1.00,730148.00,0.00,730148.00,0.730
craft_stone_vault_refinery_cruiser_r08,stone_vault_refinery_cruiser_r08,Плавень,8,stone_vault,Каменный Свод,cruiser,refinery,refinery_cruiser,ship_blocks,0,2.00,15774816.00,0.00,15774816.00,15.775
craft_stone_vault_refinery_cruiser_r08,stone_vault_refinery_cruiser_r08,Плавень,8,stone_vault,Каменный Свод,cruiser,refinery,refinery_cruiser,ship_blocks,1,1.80,13935177.00,0.00,13935177.00,13.935
craft_stone_vault_refinery_cruiser_r08,stone_vault_refinery_cruiser_r08,Плавень,8,stone_vault,Каменный Свод,cruiser,refinery,refinery_cruiser,ship_blocks,2,1.60,9900922.00,0.00,9900922.00,9.901
craft_stone_vault_refinery_cruiser_r08,stone_vault_refinery_cruiser_r08,Плавень,8,stone_vault,Каменный Свод,cruiser,refinery,refinery_cruiser,ship_blocks,3,1.40,6811543.00,0.00,6811543.00,6.812
craft_stone_vault_refinery_cruiser_r08,stone_vault_refinery_cruiser_r08,Плавень,8,stone_vault,Каменный Свод,cruiser,refinery,refinery_cruiser,ship_blocks,4,1.20,4451550.00,0.00,4451550.00,4.452
craft_stone_vault_refinery_cruiser_r08,stone_vault_refinery_cruiser_r08,Плавень,8,stone_vault,Каменный Свод,cruiser,refinery,refinery_cruiser,ship_blocks,5,1.00,1809017.00,0.00,1809017.00,1.809
craft_stone_vault_refinery_cruiser_r09,stone_vault_refinery_cruiser_r09,Агрегат,9,stone_vault,Каменный Свод,cruiser,refinery,refinery_cruiser,ship_blocks,0,2.00,37726520.00,0.00,37726520.00,37.727
craft_stone_vault_refinery_cruiser_r09,stone_vault_refinery_cruiser_r09,Агрегат,9,stone_vault,Каменный Свод,cruiser,refinery,refinery_cruiser,ship_blocks,1,1.80,31832216.00,0.00,31832216.00,31.832
craft_stone_vault_refinery_cruiser_r09,stone_vault_refinery_cruiser_r09,Агрегат,9,stone_vault,Каменный Свод,cruiser,refinery,refinery_cruiser,ship_blocks,2,1.60,21837171.00,0.00,21837171.00,21.837
craft_stone_vault_refinery_cruiser_r09,stone_vault_refinery_cruiser_r09,Агрегат,9,stone_vault,Каменный Свод,cruiser,refinery,refinery_cruiser,ship_blocks,3,1.40,14659487.00,0.00,14659487.00,14.659
craft_stone_vault_refinery_cruiser_r09,stone_vault_refinery_cruiser_r09,Агрегат,9,stone_vault,Каменный Свод,cruiser,refinery,refinery_cruiser,ship_blocks,4,1.20,9130624.00,0.00,9130624.00,9.131
craft_stone_vault_refinery_cruiser_r09,stone_vault_refinery_cruiser_r09,Агрегат,9,stone_vault,Каменный Свод,cruiser,refinery,refinery_cruiser,ship_blocks,5,1.00,4334405.00,0.00,4334405.00,4.334
craft_stone_vault_refinery_cruiser_r10,stone_vault_refinery_cruiser_r10,Рафинад,10,stone_vault,Каменный Свод,cruiser,refinery,refinery_cruiser,faction_flagship_license,0,2.00,100726428.00,5600000.00,106326428.00,106.326
craft_stone_vault_refinery_cruiser_r10,stone_vault_refinery_cruiser_r10,Рафинад,10,stone_vault,Каменный Свод,cruiser,refinery,refinery_cruiser,faction_flagship_license,1,1.80,82921855.00,5600000.00,88521855.00,88.522
craft_stone_vault_refinery_cruiser_r10,stone_vault_refinery_cruiser_r10,Рафинад,10,stone_vault,Каменный Свод,cruiser,refinery,refinery_cruiser,faction_flagship_license,2,1.60,56787526.00,5600000.00,62387526.00,62.388
craft_stone_vault_refinery_cruiser_r10,stone_vault_refinery_cruiser_r10,Рафинад,10,stone_vault,Каменный Свод,cruiser,refinery,refinery_cruiser,faction_flagship_license,3,1.40,38702686.00,5600000.00,44302686.00,44.303
craft_stone_vault_refinery_cruiser_r10,stone_vault_refinery_cruiser_r10,Рафинад,10,stone_vault,Каменный Свод,cruiser,refinery,refinery_cruiser,faction_flagship_license,4,1.20,24065468.00,5600000.00,29665468.00,29.665
craft_stone_vault_refinery_cruiser_r10,stone_vault_refinery_cruiser_r10,Рафинад,10,stone_vault,Каменный Свод,cruiser,refinery,refinery_cruiser,faction_flagship_license,5,1.00,12066321.00,5600000.00,17666321.00,17.666
craft_stone_vault_heavy_gun_battleship_r02,stone_vault_heavy_gun_battleship_r02,Скала,2,stone_vault,Каменный Свод,battleship,heavy_gun,heavy_gun_battleship,raw_resources,0,2.00,19260.00,0.00,19260.00,0.019
craft_stone_vault_heavy_gun_battleship_r02,stone_vault_heavy_gun_battleship_r02,Скала,2,stone_vault,Каменный Свод,battleship,heavy_gun,heavy_gun_battleship,raw_resources,1,1.80,17400.00,0.00,17400.00,0.017
craft_stone_vault_heavy_gun_battleship_r02,stone_vault_heavy_gun_battleship_r02,Скала,2,stone_vault,Каменный Свод,battleship,heavy_gun,heavy_gun_battleship,raw_resources,2,1.60,15510.00,0.00,15510.00,0.016
craft_stone_vault_heavy_gun_battleship_r02,stone_vault_heavy_gun_battleship_r02,Скала,2,stone_vault,Каменный Свод,battleship,heavy_gun,heavy_gun_battleship,raw_resources,3,1.40,13550.00,0.00,13550.00,0.014
craft_stone_vault_heavy_gun_battleship_r02,stone_vault_heavy_gun_battleship_r02,Скала,2,stone_vault,Каменный Свод,battleship,heavy_gun,heavy_gun_battleship,raw_resources,4,1.20,11660.00,0.00,11660.00,0.012
craft_stone_vault_heavy_gun_battleship_r02,stone_vault_heavy_gun_battleship_r02,Скала,2,stone_vault,Каменный Свод,battleship,heavy_gun,heavy_gun_battleship,raw_resources,5,1.00,9630.00,0.00,9630.00,0.010
craft_stone_vault_heavy_gun_battleship_r03,stone_vault_heavy_gun_battleship_r03,Обелиск,3,stone_vault,Каменный Свод,battleship,heavy_gun,heavy_gun_battleship,raw_resources,0,2.00,53820.00,0.00,53820.00,0.054
craft_stone_vault_heavy_gun_battleship_r03,stone_vault_heavy_gun_battleship_r03,Обелиск,3,stone_vault,Каменный Свод,battleship,heavy_gun,heavy_gun_battleship,raw_resources,1,1.80,48620.00,0.00,48620.00,0.049
craft_stone_vault_heavy_gun_battleship_r03,stone_vault_heavy_gun_battleship_r03,Обелиск,3,stone_vault,Каменный Свод,battleship,heavy_gun,heavy_gun_battleship,raw_resources,2,1.60,43150.00,0.00,43150.00,0.043
craft_stone_vault_heavy_gun_battleship_r03,stone_vault_heavy_gun_battleship_r03,Обелиск,3,stone_vault,Каменный Свод,battleship,heavy_gun,heavy_gun_battleship,raw_resources,3,1.40,37870.00,0.00,37870.00,0.038
craft_stone_vault_heavy_gun_battleship_r03,stone_vault_heavy_gun_battleship_r03,Обелиск,3,stone_vault,Каменный Свод,battleship,heavy_gun,heavy_gun_battleship,raw_resources,4,1.20,32400.00,0.00,32400.00,0.032
craft_stone_vault_heavy_gun_battleship_r03,stone_vault_heavy_gun_battleship_r03,Обелиск,3,stone_vault,Каменный Свод,battleship,heavy_gun,heavy_gun_battleship,raw_resources,5,1.00,26910.00,0.00,26910.00,0.027
craft_stone_vault_heavy_gun_battleship_r04,stone_vault_heavy_gun_battleship_r04,Крепь,4,stone_vault,Каменный Свод,battleship,heavy_gun,heavy_gun_battleship,prepared_materials,0,2.00,259984.00,0.00,259984.00,0.260
craft_stone_vault_heavy_gun_battleship_r04,stone_vault_heavy_gun_battleship_r04,Крепь,4,stone_vault,Каменный Свод,battleship,heavy_gun,heavy_gun_battleship,prepared_materials,1,1.80,222320.00,0.00,222320.00,0.222
craft_stone_vault_heavy_gun_battleship_r04,stone_vault_heavy_gun_battleship_r04,Крепь,4,stone_vault,Каменный Свод,battleship,heavy_gun,heavy_gun_battleship,prepared_materials,2,1.60,177315.00,0.00,177315.00,0.177
craft_stone_vault_heavy_gun_battleship_r04,stone_vault_heavy_gun_battleship_r04,Крепь,4,stone_vault,Каменный Свод,battleship,heavy_gun,heavy_gun_battleship,prepared_materials,3,1.40,138231.00,0.00,138231.00,0.138
craft_stone_vault_heavy_gun_battleship_r04,stone_vault_heavy_gun_battleship_r04,Крепь,4,stone_vault,Каменный Свод,battleship,heavy_gun,heavy_gun_battleship,prepared_materials,4,1.20,103256.00,0.00,103256.00,0.103
craft_stone_vault_heavy_gun_battleship_r04,stone_vault_heavy_gun_battleship_r04,Крепь,4,stone_vault,Каменный Свод,battleship,heavy_gun,heavy_gun_battleship,prepared_materials,5,1.00,67136.00,0.00,67136.00,0.067
craft_stone_vault_heavy_gun_battleship_r05,stone_vault_heavy_gun_battleship_r05,Глыба,5,stone_vault,Каменный Свод,battleship,heavy_gun,heavy_gun_battleship,prepared_materials,0,2.00,629296.00,0.00,629296.00,0.629
craft_stone_vault_heavy_gun_battleship_r05,stone_vault_heavy_gun_battleship_r05,Глыба,5,stone_vault,Каменный Свод,battleship,heavy_gun,heavy_gun_battleship,prepared_materials,1,1.80,536985.00,0.00,536985.00,0.537
craft_stone_vault_heavy_gun_battleship_r05,stone_vault_heavy_gun_battleship_r05,Глыба,5,stone_vault,Каменный Свод,battleship,heavy_gun,heavy_gun_battleship,prepared_materials,2,1.60,427660.00,0.00,427660.00,0.428
craft_stone_vault_heavy_gun_battleship_r05,stone_vault_heavy_gun_battleship_r05,Глыба,5,stone_vault,Каменный Свод,battleship,heavy_gun,heavy_gun_battleship,prepared_materials,3,1.40,332590.00,0.00,332590.00,0.333
craft_stone_vault_heavy_gun_battleship_r05,stone_vault_heavy_gun_battleship_r05,Глыба,5,stone_vault,Каменный Свод,battleship,heavy_gun,heavy_gun_battleship,prepared_materials,4,1.20,247836.00,0.00,247836.00,0.248
craft_stone_vault_heavy_gun_battleship_r05,stone_vault_heavy_gun_battleship_r05,Глыба,5,stone_vault,Каменный Свод,battleship,heavy_gun,heavy_gun_battleship,prepared_materials,5,1.00,160784.00,0.00,160784.00,0.161
craft_stone_vault_heavy_gun_battleship_r06,stone_vault_heavy_gun_battleship_r06,Основа,6,stone_vault,Каменный Свод,battleship,heavy_gun,heavy_gun_battleship,hull_and_machine_parts,0,2.00,2603168.00,0.00,2603168.00,2.603
craft_stone_vault_heavy_gun_battleship_r06,stone_vault_heavy_gun_battleship_r06,Основа,6,stone_vault,Каменный Свод,battleship,heavy_gun,heavy_gun_battleship,hull_and_machine_parts,1,1.80,2153834.00,0.00,2153834.00,2.154
craft_stone_vault_heavy_gun_battleship_r06,stone_vault_heavy_gun_battleship_r06,Основа,6,stone_vault,Каменный Свод,battleship,heavy_gun,heavy_gun_battleship,hull_and_machine_parts,2,1.60,1557971.00,0.00,1557971.00,1.558
craft_stone_vault_heavy_gun_battleship_r06,stone_vault_heavy_gun_battleship_r06,Основа,6,stone_vault,Каменный Свод,battleship,heavy_gun,heavy_gun_battleship,hull_and_machine_parts,3,1.40,1115972.00,0.00,1115972.00,1.116
craft_stone_vault_heavy_gun_battleship_r06,stone_vault_heavy_gun_battleship_r06,Основа,6,stone_vault,Каменный Свод,battleship,heavy_gun,heavy_gun_battleship,hull_and_machine_parts,4,1.20,741348.00,0.00,741348.00,0.741
craft_stone_vault_heavy_gun_battleship_r06,stone_vault_heavy_gun_battleship_r06,Основа,6,stone_vault,Каменный Свод,battleship,heavy_gun,heavy_gun_battleship,hull_and_machine_parts,5,1.00,398581.00,0.00,398581.00,0.399
craft_stone_vault_heavy_gun_battleship_r07,stone_vault_heavy_gun_battleship_r07,Циклоп,7,stone_vault,Каменный Свод,battleship,heavy_gun,heavy_gun_battleship,hull_and_machine_parts,0,2.00,6474080.00,0.00,6474080.00,6.474
craft_stone_vault_heavy_gun_battleship_r07,stone_vault_heavy_gun_battleship_r07,Циклоп,7,stone_vault,Каменный Свод,battleship,heavy_gun,heavy_gun_battleship,hull_and_machine_parts,1,1.80,5338990.00,0.00,5338990.00,5.339
craft_stone_vault_heavy_gun_battleship_r07,stone_vault_heavy_gun_battleship_r07,Циклоп,7,stone_vault,Каменный Свод,battleship,heavy_gun,heavy_gun_battleship,hull_and_machine_parts,2,1.60,3841789.00,0.00,3841789.00,3.842
craft_stone_vault_heavy_gun_battleship_r07,stone_vault_heavy_gun_battleship_r07,Циклоп,7,stone_vault,Каменный Свод,battleship,heavy_gun,heavy_gun_battleship,hull_and_machine_parts,3,1.40,2736349.00,0.00,2736349.00,2.736
craft_stone_vault_heavy_gun_battleship_r07,stone_vault_heavy_gun_battleship_r07,Циклоп,7,stone_vault,Каменный Свод,battleship,heavy_gun,heavy_gun_battleship,hull_and_machine_parts,4,1.20,1800156.00,0.00,1800156.00,1.800
craft_stone_vault_heavy_gun_battleship_r07,stone_vault_heavy_gun_battleship_r07,Циклоп,7,stone_vault,Каменный Свод,battleship,heavy_gun,heavy_gun_battleship,hull_and_machine_parts,5,1.00,989424.00,0.00,989424.00,0.989
craft_stone_vault_heavy_gun_battleship_r08,stone_vault_heavy_gun_battleship_r08,Сатурн,8,stone_vault,Каменный Свод,battleship,heavy_gun,heavy_gun_battleship,ship_blocks,0,2.00,23757368.00,0.00,23757368.00,23.757
craft_stone_vault_heavy_gun_battleship_r08,stone_vault_heavy_gun_battleship_r08,Сатурн,8,stone_vault,Каменный Свод,battleship,heavy_gun,heavy_gun_battleship,ship_blocks,1,1.80,20238073.00,0.00,20238073.00,20.238
craft_stone_vault_heavy_gun_battleship_r08,stone_vault_heavy_gun_battleship_r08,Сатурн,8,stone_vault,Каменный Свод,battleship,heavy_gun,heavy_gun_battleship,ship_blocks,2,1.60,14634957.00,0.00,14634957.00,14.635
craft_stone_vault_heavy_gun_battleship_r08,stone_vault_heavy_gun_battleship_r08,Сатурн,8,stone_vault,Каменный Свод,battleship,heavy_gun,heavy_gun_battleship,ship_blocks,3,1.40,9812313.00,0.00,9812313.00,9.812
craft_stone_vault_heavy_gun_battleship_r08,stone_vault_heavy_gun_battleship_r08,Сатурн,8,stone_vault,Каменный Свод,battleship,heavy_gun,heavy_gun_battleship,ship_blocks,4,1.20,6546188.00,0.00,6546188.00,6.546
craft_stone_vault_heavy_gun_battleship_r08,stone_vault_heavy_gun_battleship_r08,Сатурн,8,stone_vault,Каменный Свод,battleship,heavy_gun,heavy_gun_battleship,ship_blocks,5,1.00,2695058.00,0.00,2695058.00,2.695
craft_stone_vault_heavy_gun_battleship_r09,stone_vault_heavy_gun_battleship_r09,Колокол,9,stone_vault,Каменный Свод,battleship,heavy_gun,heavy_gun_battleship,ship_blocks,0,2.00,59489040.00,0.00,59489040.00,59.489
craft_stone_vault_heavy_gun_battleship_r09,stone_vault_heavy_gun_battleship_r09,Колокол,9,stone_vault,Каменный Свод,battleship,heavy_gun,heavy_gun_battleship,ship_blocks,1,1.80,49486372.00,0.00,49486372.00,49.486
craft_stone_vault_heavy_gun_battleship_r09,stone_vault_heavy_gun_battleship_r09,Колокол,9,stone_vault,Каменный Свод,battleship,heavy_gun,heavy_gun_battleship,ship_blocks,2,1.60,34362708.00,0.00,34362708.00,34.363
craft_stone_vault_heavy_gun_battleship_r09,stone_vault_heavy_gun_battleship_r09,Колокол,9,stone_vault,Каменный Свод,battleship,heavy_gun,heavy_gun_battleship,ship_blocks,3,1.40,22513709.00,0.00,22513709.00,22.514
craft_stone_vault_heavy_gun_battleship_r09,stone_vault_heavy_gun_battleship_r09,Колокол,9,stone_vault,Каменный Свод,battleship,heavy_gun,heavy_gun_battleship,ship_blocks,4,1.20,14215284.00,0.00,14215284.00,14.215
craft_stone_vault_heavy_gun_battleship_r09,stone_vault_heavy_gun_battleship_r09,Колокол,9,stone_vault,Каменный Свод,battleship,heavy_gun,heavy_gun_battleship,ship_blocks,5,1.00,6682004.00,0.00,6682004.00,6.682
craft_stone_vault_heavy_gun_battleship_r10,stone_vault_heavy_gun_battleship_r10,Громада,10,stone_vault,Каменный Свод,battleship,heavy_gun,heavy_gun_battleship,faction_flagship_license,0,2.00,132052848.00,5600000.00,137652848.00,137.653
craft_stone_vault_heavy_gun_battleship_r10,stone_vault_heavy_gun_battleship_r10,Громада,10,stone_vault,Каменный Свод,battleship,heavy_gun,heavy_gun_battleship,faction_flagship_license,1,1.80,108378725.00,5600000.00,113978725.00,113.979
craft_stone_vault_heavy_gun_battleship_r10,stone_vault_heavy_gun_battleship_r10,Громада,10,stone_vault,Каменный Свод,battleship,heavy_gun,heavy_gun_battleship,faction_flagship_license,2,1.60,74596391.00,5600000.00,80196391.00,80.196
craft_stone_vault_heavy_gun_battleship_r10,stone_vault_heavy_gun_battleship_r10,Громада,10,stone_vault,Каменный Свод,battleship,heavy_gun,heavy_gun_battleship,faction_flagship_license,3,1.40,49915963.00,5600000.00,55515963.00,55.516
craft_stone_vault_heavy_gun_battleship_r10,stone_vault_heavy_gun_battleship_r10,Громада,10,stone_vault,Каменный Свод,battleship,heavy_gun,heavy_gun_battleship,faction_flagship_license,4,1.20,31197684.00,5600000.00,36797684.00,36.798
craft_stone_vault_heavy_gun_battleship_r10,stone_vault_heavy_gun_battleship_r10,Громада,10,stone_vault,Каменный Свод,battleship,heavy_gun,heavy_gun_battleship,faction_flagship_license,5,1.00,15549649.00,5600000.00,21149649.00,21.150
craft_stone_vault_ore_foundry_battleship_r02,stone_vault_ore_foundry_battleship_r02,Ванна,2,stone_vault,Каменный Свод,battleship,ore_foundry,ore_foundry_battleship,raw_resources,0,2.00,18420.00,0.00,18420.00,0.018
craft_stone_vault_ore_foundry_battleship_r02,stone_vault_ore_foundry_battleship_r02,Ванна,2,stone_vault,Каменный Свод,battleship,ore_foundry,ore_foundry_battleship,raw_resources,1,1.80,16690.00,0.00,16690.00,0.017
craft_stone_vault_ore_foundry_battleship_r02,stone_vault_ore_foundry_battleship_r02,Ванна,2,stone_vault,Каменный Свод,battleship,ore_foundry,ore_foundry_battleship,raw_resources,2,1.60,14810.00,0.00,14810.00,0.015
craft_stone_vault_ore_foundry_battleship_r02,stone_vault_ore_foundry_battleship_r02,Ванна,2,stone_vault,Каменный Свод,battleship,ore_foundry,ore_foundry_battleship,raw_resources,3,1.40,13030.00,0.00,13030.00,0.013
craft_stone_vault_ore_foundry_battleship_r02,stone_vault_ore_foundry_battleship_r02,Ванна,2,stone_vault,Каменный Свод,battleship,ore_foundry,ore_foundry_battleship,raw_resources,4,1.20,11150.00,0.00,11150.00,0.011
craft_stone_vault_ore_foundry_battleship_r02,stone_vault_ore_foundry_battleship_r02,Ванна,2,stone_vault,Каменный Свод,battleship,ore_foundry,ore_foundry_battleship,raw_resources,5,1.00,9210.00,0.00,9210.00,0.009
craft_stone_vault_ore_foundry_battleship_r03,stone_vault_ore_foundry_battleship_r03,Печь,3,stone_vault,Каменный Свод,battleship,ore_foundry,ore_foundry_battleship,raw_resources,0,2.00,51120.00,0.00,51120.00,0.051
craft_stone_vault_ore_foundry_battleship_r03,stone_vault_ore_foundry_battleship_r03,Печь,3,stone_vault,Каменный Свод,battleship,ore_foundry,ore_foundry_battleship,raw_resources,1,1.80,46130.00,0.00,46130.00,0.046
craft_stone_vault_ore_foundry_battleship_r03,stone_vault_ore_foundry_battleship_r03,Печь,3,stone_vault,Каменный Свод,battleship,ore_foundry,ore_foundry_battleship,raw_resources,2,1.60,40990.00,0.00,40990.00,0.041
craft_stone_vault_ore_foundry_battleship_r03,stone_vault_ore_foundry_battleship_r03,Печь,3,stone_vault,Каменный Свод,battleship,ore_foundry,ore_foundry_battleship,raw_resources,3,1.40,35890.00,0.00,35890.00,0.036
craft_stone_vault_ore_foundry_battleship_r03,stone_vault_ore_foundry_battleship_r03,Печь,3,stone_vault,Каменный Свод,battleship,ore_foundry,ore_foundry_battleship,raw_resources,4,1.20,30750.00,0.00,30750.00,0.031
craft_stone_vault_ore_foundry_battleship_r03,stone_vault_ore_foundry_battleship_r03,Печь,3,stone_vault,Каменный Свод,battleship,ore_foundry,ore_foundry_battleship,raw_resources,5,1.00,25560.00,0.00,25560.00,0.026
craft_stone_vault_ore_foundry_battleship_r04,stone_vault_ore_foundry_battleship_r04,Горн,4,stone_vault,Каменный Свод,battleship,ore_foundry,ore_foundry_battleship,prepared_materials,0,2.00,238740.00,0.00,238740.00,0.239
craft_stone_vault_ore_foundry_battleship_r04,stone_vault_ore_foundry_battleship_r04,Горн,4,stone_vault,Каменный Свод,battleship,ore_foundry,ore_foundry_battleship,prepared_materials,1,1.80,204156.00,0.00,204156.00,0.204
craft_stone_vault_ore_foundry_battleship_r04,stone_vault_ore_foundry_battleship_r04,Горн,4,stone_vault,Каменный Свод,battleship,ore_foundry,ore_foundry_battleship,prepared_materials,2,1.60,163943.00,0.00,163943.00,0.164
craft_stone_vault_ore_foundry_battleship_r04,stone_vault_ore_foundry_battleship_r04,Горн,4,stone_vault,Каменный Свод,battleship,ore_foundry,ore_foundry_battleship,prepared_materials,3,1.40,128029.00,0.00,128029.00,0.128
craft_stone_vault_ore_foundry_battleship_r04,stone_vault_ore_foundry_battleship_r04,Горн,4,stone_vault,Каменный Свод,battleship,ore_foundry,ore_foundry_battleship,prepared_materials,4,1.20,96600.00,0.00,96600.00,0.097
craft_stone_vault_ore_foundry_battleship_r04,stone_vault_ore_foundry_battleship_r04,Горн,4,stone_vault,Каменный Свод,battleship,ore_foundry,ore_foundry_battleship,prepared_materials,5,1.00,63735.00,0.00,63735.00,0.064
craft_stone_vault_ore_foundry_battleship_r05,stone_vault_ore_foundry_battleship_r05,Домна,5,stone_vault,Каменный Свод,battleship,ore_foundry,ore_foundry_battleship,prepared_materials,0,2.00,618908.00,0.00,618908.00,0.619
craft_stone_vault_ore_foundry_battleship_r05,stone_vault_ore_foundry_battleship_r05,Домна,5,stone_vault,Каменный Свод,battleship,ore_foundry,ore_foundry_battleship,prepared_materials,1,1.80,527831.00,0.00,527831.00,0.528
craft_stone_vault_ore_foundry_battleship_r05,stone_vault_ore_foundry_battleship_r05,Домна,5,stone_vault,Каменный Свод,battleship,ore_foundry,ore_foundry_battleship,prepared_materials,2,1.60,423416.00,0.00,423416.00,0.423
craft_stone_vault_ore_foundry_battleship_r05,stone_vault_ore_foundry_battleship_r05,Домна,5,stone_vault,Каменный Свод,battleship,ore_foundry,ore_foundry_battleship,prepared_materials,3,1.40,327682.00,0.00,327682.00,0.328
craft_stone_vault_ore_foundry_battleship_r05,stone_vault_ore_foundry_battleship_r05,Домна,5,stone_vault,Каменный Свод,battleship,ore_foundry,ore_foundry_battleship,prepared_materials,4,1.20,246546.00,0.00,246546.00,0.247
craft_stone_vault_ore_foundry_battleship_r05,stone_vault_ore_foundry_battleship_r05,Домна,5,stone_vault,Каменный Свод,battleship,ore_foundry,ore_foundry_battleship,prepared_materials,5,1.00,160287.00,0.00,160287.00,0.160
craft_stone_vault_ore_foundry_battleship_r06,stone_vault_ore_foundry_battleship_r06,Литейня,6,stone_vault,Каменный Свод,battleship,ore_foundry,ore_foundry_battleship,hull_and_machine_parts,0,2.00,2560384.00,0.00,2560384.00,2.560
craft_stone_vault_ore_foundry_battleship_r06,stone_vault_ore_foundry_battleship_r06,Литейня,6,stone_vault,Каменный Свод,battleship,ore_foundry,ore_foundry_battleship,hull_and_machine_parts,1,1.80,2122564.00,0.00,2122564.00,2.123
craft_stone_vault_ore_foundry_battleship_r06,stone_vault_ore_foundry_battleship_r06,Литейня,6,stone_vault,Каменный Свод,battleship,ore_foundry,ore_foundry_battleship,hull_and_machine_parts,2,1.60,1538890.00,0.00,1538890.00,1.539
craft_stone_vault_ore_foundry_battleship_r06,stone_vault_ore_foundry_battleship_r06,Литейня,6,stone_vault,Каменный Свод,battleship,ore_foundry,ore_foundry_battleship,hull_and_machine_parts,3,1.40,1094373.00,0.00,1094373.00,1.094
craft_stone_vault_ore_foundry_battleship_r06,stone_vault_ore_foundry_battleship_r06,Литейня,6,stone_vault,Каменный Свод,battleship,ore_foundry,ore_foundry_battleship,hull_and_machine_parts,4,1.20,727898.00,0.00,727898.00,0.728
craft_stone_vault_ore_foundry_battleship_r06,stone_vault_ore_foundry_battleship_r06,Литейня,6,stone_vault,Каменный Свод,battleship,ore_foundry,ore_foundry_battleship,hull_and_machine_parts,5,1.00,392976.00,0.00,392976.00,0.393
craft_stone_vault_ore_foundry_battleship_r07,stone_vault_ore_foundry_battleship_r07,Ковшарь,7,stone_vault,Каменный Свод,battleship,ore_foundry,ore_foundry_battleship,hull_and_machine_parts,0,2.00,6399132.00,0.00,6399132.00,6.399
craft_stone_vault_ore_foundry_battleship_r07,stone_vault_ore_foundry_battleship_r07,Ковшарь,7,stone_vault,Каменный Свод,battleship,ore_foundry,ore_foundry_battleship,hull_and_machine_parts,1,1.80,5291305.00,0.00,5291305.00,5.291
craft_stone_vault_ore_foundry_battleship_r07,stone_vault_ore_foundry_battleship_r07,Ковшарь,7,stone_vault,Каменный Свод,battleship,ore_foundry,ore_foundry_battleship,hull_and_machine_parts,2,1.60,3814611.00,0.00,3814611.00,3.815
craft_stone_vault_ore_foundry_battleship_r07,stone_vault_ore_foundry_battleship_r07,Ковшарь,7,stone_vault,Каменный Свод,battleship,ore_foundry,ore_foundry_battleship,hull_and_machine_parts,3,1.40,2702677.00,0.00,2702677.00,2.703
craft_stone_vault_ore_foundry_battleship_r07,stone_vault_ore_foundry_battleship_r07,Ковшарь,7,stone_vault,Каменный Свод,battleship,ore_foundry,ore_foundry_battleship,hull_and_machine_parts,4,1.20,1779344.00,0.00,1779344.00,1.779
craft_stone_vault_ore_foundry_battleship_r07,stone_vault_ore_foundry_battleship_r07,Ковшарь,7,stone_vault,Каменный Свод,battleship,ore_foundry,ore_foundry_battleship,hull_and_machine_parts,5,1.00,973289.00,0.00,973289.00,0.973
craft_stone_vault_ore_foundry_battleship_r08,stone_vault_ore_foundry_battleship_r08,Металлург,8,stone_vault,Каменный Свод,battleship,ore_foundry,ore_foundry_battleship,ship_blocks,0,2.00,24286696.00,0.00,24286696.00,24.287
craft_stone_vault_ore_foundry_battleship_r08,stone_vault_ore_foundry_battleship_r08,Металлург,8,stone_vault,Каменный Свод,battleship,ore_foundry,ore_foundry_battleship,ship_blocks,1,1.80,21052574.00,0.00,21052574.00,21.053
craft_stone_vault_ore_foundry_battleship_r08,stone_vault_ore_foundry_battleship_r08,Металлург,8,stone_vault,Каменный Свод,battleship,ore_foundry,ore_foundry_battleship,ship_blocks,2,1.60,14888203.00,0.00,14888203.00,14.888
craft_stone_vault_ore_foundry_battleship_r08,stone_vault_ore_foundry_battleship_r08,Металлург,8,stone_vault,Каменный Свод,battleship,ore_foundry,ore_foundry_battleship,ship_blocks,3,1.40,9810972.00,0.00,9810972.00,9.811
craft_stone_vault_ore_foundry_battleship_r08,stone_vault_ore_foundry_battleship_r08,Металлург,8,stone_vault,Каменный Свод,battleship,ore_foundry,ore_foundry_battleship,ship_blocks,4,1.20,6360868.00,0.00,6360868.00,6.361
craft_stone_vault_ore_foundry_battleship_r08,stone_vault_ore_foundry_battleship_r08,Металлург,8,stone_vault,Каменный Свод,battleship,ore_foundry,ore_foundry_battleship,ship_blocks,5,1.00,2795093.00,0.00,2795093.00,2.795
craft_stone_vault_ore_foundry_battleship_r09,stone_vault_ore_foundry_battleship_r09,Гранулит,9,stone_vault,Каменный Свод,battleship,ore_foundry,ore_foundry_battleship,ship_blocks,0,2.00,57446992.00,0.00,57446992.00,57.447
craft_stone_vault_ore_foundry_battleship_r09,stone_vault_ore_foundry_battleship_r09,Гранулит,9,stone_vault,Каменный Свод,battleship,ore_foundry,ore_foundry_battleship,ship_blocks,1,1.80,47724308.00,0.00,47724308.00,47.724
craft_stone_vault_ore_foundry_battleship_r09,stone_vault_ore_foundry_battleship_r09,Гранулит,9,stone_vault,Каменный Свод,battleship,ore_foundry,ore_foundry_battleship,ship_blocks,2,1.60,32997313.00,0.00,32997313.00,32.997
craft_stone_vault_ore_foundry_battleship_r09,stone_vault_ore_foundry_battleship_r09,Гранулит,9,stone_vault,Каменный Свод,battleship,ore_foundry,ore_foundry_battleship,ship_blocks,3,1.40,21693986.00,0.00,21693986.00,21.694
craft_stone_vault_ore_foundry_battleship_r09,stone_vault_ore_foundry_battleship_r09,Гранулит,9,stone_vault,Каменный Свод,battleship,ore_foundry,ore_foundry_battleship,ship_blocks,4,1.20,13629946.00,0.00,13629946.00,13.630
craft_stone_vault_ore_foundry_battleship_r09,stone_vault_ore_foundry_battleship_r09,Гранулит,9,stone_vault,Каменный Свод,battleship,ore_foundry,ore_foundry_battleship,ship_blocks,5,1.00,6495112.00,0.00,6495112.00,6.495
craft_stone_vault_ore_foundry_battleship_r10,stone_vault_ore_foundry_battleship_r10,Завод,10,stone_vault,Каменный Свод,battleship,ore_foundry,ore_foundry_battleship,faction_flagship_license,0,2.00,132335508.00,5600000.00,137935508.00,137.936
craft_stone_vault_ore_foundry_battleship_r10,stone_vault_ore_foundry_battleship_r10,Завод,10,stone_vault,Каменный Свод,battleship,ore_foundry,ore_foundry_battleship,faction_flagship_license,1,1.80,109033308.00,5600000.00,114633308.00,114.633
craft_stone_vault_ore_foundry_battleship_r10,stone_vault_ore_foundry_battleship_r10,Завод,10,stone_vault,Каменный Свод,battleship,ore_foundry,ore_foundry_battleship,faction_flagship_license,2,1.60,74723659.00,5600000.00,80323659.00,80.324
craft_stone_vault_ore_foundry_battleship_r10,stone_vault_ore_foundry_battleship_r10,Завод,10,stone_vault,Каменный Свод,battleship,ore_foundry,ore_foundry_battleship,faction_flagship_license,3,1.40,50494994.00,5600000.00,56094994.00,56.095
craft_stone_vault_ore_foundry_battleship_r10,stone_vault_ore_foundry_battleship_r10,Завод,10,stone_vault,Каменный Свод,battleship,ore_foundry,ore_foundry_battleship,faction_flagship_license,4,1.20,31414918.00,5600000.00,37014918.00,37.015
craft_stone_vault_ore_foundry_battleship_r10,stone_vault_ore_foundry_battleship_r10,Завод,10,stone_vault,Каменный Свод,battleship,ore_foundry,ore_foundry_battleship,faction_flagship_license,5,1.00,15692123.00,5600000.00,21292123.00,21.292
craft_factory_ark_x_ray_scout_frigate_r02,factory_ark_x_ray_scout_frigate_r02,Шестерня,2,factory_ark,Заводные Ковчеги,frigate,x_ray_scout,x_ray_scout_frigate,raw_resources,0,2.00,9780.00,0.00,9780.00,0.010
craft_factory_ark_x_ray_scout_frigate_r02,factory_ark_x_ray_scout_frigate_r02,Шестерня,2,factory_ark,Заводные Ковчеги,frigate,x_ray_scout,x_ray_scout_frigate,raw_resources,1,1.80,9020.00,0.00,9020.00,0.009
craft_factory_ark_x_ray_scout_frigate_r02,factory_ark_x_ray_scout_frigate_r02,Шестерня,2,factory_ark,Заводные Ковчеги,frigate,x_ray_scout,x_ray_scout_frigate,raw_resources,2,1.60,8100.00,0.00,8100.00,0.008
craft_factory_ark_x_ray_scout_frigate_r02,factory_ark_x_ray_scout_frigate_r02,Шестерня,2,factory_ark,Заводные Ковчеги,frigate,x_ray_scout,x_ray_scout_frigate,raw_resources,3,1.40,7030.00,0.00,7030.00,0.007
craft_factory_ark_x_ray_scout_frigate_r02,factory_ark_x_ray_scout_frigate_r02,Шестерня,2,factory_ark,Заводные Ковчеги,frigate,x_ray_scout,x_ray_scout_frigate,raw_resources,4,1.20,6110.00,0.00,6110.00,0.006
craft_factory_ark_x_ray_scout_frigate_r02,factory_ark_x_ray_scout_frigate_r02,Шестерня,2,factory_ark,Заводные Ковчеги,frigate,x_ray_scout,x_ray_scout_frigate,raw_resources,5,1.00,4890.00,0.00,4890.00,0.005
craft_factory_ark_x_ray_scout_frigate_r03,factory_ark_x_ray_scout_frigate_r03,Искатель,3,factory_ark,Заводные Ковчеги,frigate,x_ray_scout,x_ray_scout_frigate,raw_resources,0,2.00,25760.00,0.00,25760.00,0.026
craft_factory_ark_x_ray_scout_frigate_r03,factory_ark_x_ray_scout_frigate_r03,Искатель,3,factory_ark,Заводные Ковчеги,frigate,x_ray_scout,x_ray_scout_frigate,raw_resources,1,1.80,23300.00,0.00,23300.00,0.023
craft_factory_ark_x_ray_scout_frigate_r03,factory_ark_x_ray_scout_frigate_r03,Искатель,3,factory_ark,Заводные Ковчеги,frigate,x_ray_scout,x_ray_scout_frigate,raw_resources,2,1.60,20750.00,0.00,20750.00,0.021
craft_factory_ark_x_ray_scout_frigate_r03,factory_ark_x_ray_scout_frigate_r03,Искатель,3,factory_ark,Заводные Ковчеги,frigate,x_ray_scout,x_ray_scout_frigate,raw_resources,3,1.40,18120.00,0.00,18120.00,0.018
craft_factory_ark_x_ray_scout_frigate_r03,factory_ark_x_ray_scout_frigate_r03,Искатель,3,factory_ark,Заводные Ковчеги,frigate,x_ray_scout,x_ray_scout_frigate,raw_resources,4,1.20,15570.00,0.00,15570.00,0.016
craft_factory_ark_x_ray_scout_frigate_r03,factory_ark_x_ray_scout_frigate_r03,Искатель,3,factory_ark,Заводные Ковчеги,frigate,x_ray_scout,x_ray_scout_frigate,raw_resources,5,1.00,12880.00,0.00,12880.00,0.013
craft_factory_ark_x_ray_scout_frigate_r04,factory_ark_x_ray_scout_frigate_r04,Резонанс,4,factory_ark,Заводные Ковчеги,frigate,x_ray_scout,x_ray_scout_frigate,prepared_materials,0,2.00,129580.00,0.00,129580.00,0.130
craft_factory_ark_x_ray_scout_frigate_r04,factory_ark_x_ray_scout_frigate_r04,Резонанс,4,factory_ark,Заводные Ковчеги,frigate,x_ray_scout,x_ray_scout_frigate,prepared_materials,1,1.80,112609.00,0.00,112609.00,0.113
craft_factory_ark_x_ray_scout_frigate_r04,factory_ark_x_ray_scout_frigate_r04,Резонанс,4,factory_ark,Заводные Ковчеги,frigate,x_ray_scout,x_ray_scout_frigate,prepared_materials,2,1.60,89640.00,0.00,89640.00,0.090
craft_factory_ark_x_ray_scout_frigate_r04,factory_ark_x_ray_scout_frigate_r04,Резонанс,4,factory_ark,Заводные Ковчеги,frigate,x_ray_scout,x_ray_scout_frigate,prepared_materials,3,1.40,69722.00,0.00,69722.00,0.070
craft_factory_ark_x_ray_scout_frigate_r04,factory_ark_x_ray_scout_frigate_r04,Резонанс,4,factory_ark,Заводные Ковчеги,frigate,x_ray_scout,x_ray_scout_frigate,prepared_materials,4,1.20,51925.00,0.00,51925.00,0.052
craft_factory_ark_x_ray_scout_frigate_r04,factory_ark_x_ray_scout_frigate_r04,Резонанс,4,factory_ark,Заводные Ковчеги,frigate,x_ray_scout,x_ray_scout_frigate,prepared_materials,5,1.00,32395.00,0.00,32395.00,0.032
craft_factory_ark_x_ray_scout_frigate_r05,factory_ark_x_ray_scout_frigate_r05,Линза,5,factory_ark,Заводные Ковчеги,frigate,x_ray_scout,x_ray_scout_frigate,prepared_materials,0,2.00,299932.00,0.00,299932.00,0.300
craft_factory_ark_x_ray_scout_frigate_r05,factory_ark_x_ray_scout_frigate_r05,Линза,5,factory_ark,Заводные Ковчеги,frigate,x_ray_scout,x_ray_scout_frigate,prepared_materials,1,1.80,259667.00,0.00,259667.00,0.260
craft_factory_ark_x_ray_scout_frigate_r05,factory_ark_x_ray_scout_frigate_r05,Линза,5,factory_ark,Заводные Ковчеги,frigate,x_ray_scout,x_ray_scout_frigate,prepared_materials,2,1.60,206655.00,0.00,206655.00,0.207
craft_factory_ark_x_ray_scout_frigate_r05,factory_ark_x_ray_scout_frigate_r05,Линза,5,factory_ark,Заводные Ковчеги,frigate,x_ray_scout,x_ray_scout_frigate,prepared_materials,3,1.40,160131.00,0.00,160131.00,0.160
craft_factory_ark_x_ray_scout_frigate_r05,factory_ark_x_ray_scout_frigate_r05,Линза,5,factory_ark,Заводные Ковчеги,frigate,x_ray_scout,x_ray_scout_frigate,prepared_materials,4,1.20,119135.00,0.00,119135.00,0.119
craft_factory_ark_x_ray_scout_frigate_r05,factory_ark_x_ray_scout_frigate_r05,Линза,5,factory_ark,Заводные Ковчеги,frigate,x_ray_scout,x_ray_scout_frigate,prepared_materials,5,1.00,74983.00,0.00,74983.00,0.075
craft_factory_ark_x_ray_scout_frigate_r06,factory_ark_x_ray_scout_frigate_r06,Зонд,6,factory_ark,Заводные Ковчеги,frigate,x_ray_scout,x_ray_scout_frigate,hull_and_machine_parts,0,2.00,1074176.00,0.00,1074176.00,1.074
craft_factory_ark_x_ray_scout_frigate_r06,factory_ark_x_ray_scout_frigate_r06,Зонд,6,factory_ark,Заводные Ковчеги,frigate,x_ray_scout,x_ray_scout_frigate,hull_and_machine_parts,1,1.80,938615.00,0.00,938615.00,0.939
craft_factory_ark_x_ray_scout_frigate_r06,factory_ark_x_ray_scout_frigate_r06,Зонд,6,factory_ark,Заводные Ковчеги,frigate,x_ray_scout,x_ray_scout_frigate,hull_and_machine_parts,2,1.60,712744.00,0.00,712744.00,0.713
craft_factory_ark_x_ray_scout_frigate_r06,factory_ark_x_ray_scout_frigate_r06,Зонд,6,factory_ark,Заводные Ковчеги,frigate,x_ray_scout,x_ray_scout_frigate,hull_and_machine_parts,3,1.40,521056.00,0.00,521056.00,0.521
craft_factory_ark_x_ray_scout_frigate_r06,factory_ark_x_ray_scout_frigate_r06,Зонд,6,factory_ark,Заводные Ковчеги,frigate,x_ray_scout,x_ray_scout_frigate,hull_and_machine_parts,4,1.20,371602.00,0.00,371602.00,0.372
craft_factory_ark_x_ray_scout_frigate_r06,factory_ark_x_ray_scout_frigate_r06,Зонд,6,factory_ark,Заводные Ковчеги,frigate,x_ray_scout,x_ray_scout_frigate,hull_and_machine_parts,5,1.00,190177.00,0.00,190177.00,0.190
craft_factory_ark_x_ray_scout_frigate_r07,factory_ark_x_ray_scout_frigate_r07,Ведун,7,factory_ark,Заводные Ковчеги,frigate,x_ray_scout,x_ray_scout_frigate,hull_and_machine_parts,0,2.00,2976008.00,0.00,2976008.00,2.976
craft_factory_ark_x_ray_scout_frigate_r07,factory_ark_x_ray_scout_frigate_r07,Ведун,7,factory_ark,Заводные Ковчеги,frigate,x_ray_scout,x_ray_scout_frigate,hull_and_machine_parts,1,1.80,2551176.00,0.00,2551176.00,2.551
craft_factory_ark_x_ray_scout_frigate_r07,factory_ark_x_ray_scout_frigate_r07,Ведун,7,factory_ark,Заводные Ковчеги,frigate,x_ray_scout,x_ray_scout_frigate,hull_and_machine_parts,2,1.60,1875390.00,0.00,1875390.00,1.875
craft_factory_ark_x_ray_scout_frigate_r07,factory_ark_x_ray_scout_frigate_r07,Ведун,7,factory_ark,Заводные Ковчеги,frigate,x_ray_scout,x_ray_scout_frigate,hull_and_machine_parts,3,1.40,1389046.00,0.00,1389046.00,1.389
craft_factory_ark_x_ray_scout_frigate_r07,factory_ark_x_ray_scout_frigate_r07,Ведун,7,factory_ark,Заводные Ковчеги,frigate,x_ray_scout,x_ray_scout_frigate,hull_and_machine_parts,4,1.20,941538.00,0.00,941538.00,0.942
craft_factory_ark_x_ray_scout_frigate_r07,factory_ark_x_ray_scout_frigate_r07,Ведун,7,factory_ark,Заводные Ковчеги,frigate,x_ray_scout,x_ray_scout_frigate,hull_and_machine_parts,5,1.00,528776.00,0.00,528776.00,0.529
craft_factory_ark_x_ray_scout_frigate_r08,factory_ark_x_ray_scout_frigate_r08,Оптик,8,factory_ark,Заводные Ковчеги,frigate,x_ray_scout,x_ray_scout_frigate,ship_blocks,0,2.00,11584912.00,0.00,11584912.00,11.585
craft_factory_ark_x_ray_scout_frigate_r08,factory_ark_x_ray_scout_frigate_r08,Оптик,8,factory_ark,Заводные Ковчеги,frigate,x_ray_scout,x_ray_scout_frigate,ship_blocks,1,1.80,10568512.00,0.00,10568512.00,10.569
craft_factory_ark_x_ray_scout_frigate_r08,factory_ark_x_ray_scout_frigate_r08,Оптик,8,factory_ark,Заводные Ковчеги,frigate,x_ray_scout,x_ray_scout_frigate,ship_blocks,2,1.60,7998400.00,0.00,7998400.00,7.998
craft_factory_ark_x_ray_scout_frigate_r08,factory_ark_x_ray_scout_frigate_r08,Оптик,8,factory_ark,Заводные Ковчеги,frigate,x_ray_scout,x_ray_scout_frigate,ship_blocks,3,1.40,5766583.00,0.00,5766583.00,5.767
craft_factory_ark_x_ray_scout_frigate_r08,factory_ark_x_ray_scout_frigate_r08,Оптик,8,factory_ark,Заводные Ковчеги,frigate,x_ray_scout,x_ray_scout_frigate,ship_blocks,4,1.20,4066026.00,0.00,4066026.00,4.066
craft_factory_ark_x_ray_scout_frigate_r08,factory_ark_x_ray_scout_frigate_r08,Оптик,8,factory_ark,Заводные Ковчеги,frigate,x_ray_scout,x_ray_scout_frigate,ship_blocks,5,1.00,1348831.00,0.00,1348831.00,1.349
craft_factory_ark_x_ray_scout_frigate_r09,factory_ark_x_ray_scout_frigate_r09,Смотритель,9,factory_ark,Заводные Ковчеги,frigate,x_ray_scout,x_ray_scout_frigate,ship_blocks,0,2.00,26706984.00,0.00,26706984.00,26.707
craft_factory_ark_x_ray_scout_frigate_r09,factory_ark_x_ray_scout_frigate_r09,Смотритель,9,factory_ark,Заводные Ковчеги,frigate,x_ray_scout,x_ray_scout_frigate,ship_blocks,1,1.80,23720034.00,0.00,23720034.00,23.720
craft_factory_ark_x_ray_scout_frigate_r09,factory_ark_x_ray_scout_frigate_r09,Смотритель,9,factory_ark,Заводные Ковчеги,frigate,x_ray_scout,x_ray_scout_frigate,ship_blocks,2,1.60,17143864.00,0.00,17143864.00,17.144
craft_factory_ark_x_ray_scout_frigate_r09,factory_ark_x_ray_scout_frigate_r09,Смотритель,9,factory_ark,Заводные Ковчеги,frigate,x_ray_scout,x_ray_scout_frigate,ship_blocks,3,1.40,11208646.00,0.00,11208646.00,11.209
craft_factory_ark_x_ray_scout_frigate_r09,factory_ark_x_ray_scout_frigate_r09,Смотритель,9,factory_ark,Заводные Ковчеги,frigate,x_ray_scout,x_ray_scout_frigate,ship_blocks,4,1.20,7452702.00,0.00,7452702.00,7.453
craft_factory_ark_x_ray_scout_frigate_r09,factory_ark_x_ray_scout_frigate_r09,Смотритель,9,factory_ark,Заводные Ковчеги,frigate,x_ray_scout,x_ray_scout_frigate,ship_blocks,5,1.00,3224189.00,0.00,3224189.00,3.224
craft_factory_ark_x_ray_scout_frigate_r10,factory_ark_x_ray_scout_frigate_r10,Спектр,10,factory_ark,Заводные Ковчеги,frigate,x_ray_scout,x_ray_scout_frigate,faction_flagship_license,0,2.00,61747816.00,5600000.00,67347816.00,67.348
craft_factory_ark_x_ray_scout_frigate_r10,factory_ark_x_ray_scout_frigate_r10,Спектр,10,factory_ark,Заводные Ковчеги,frigate,x_ray_scout,x_ray_scout_frigate,faction_flagship_license,1,1.80,53011768.00,5600000.00,58611768.00,58.612
craft_factory_ark_x_ray_scout_frigate_r10,factory_ark_x_ray_scout_frigate_r10,Спектр,10,factory_ark,Заводные Ковчеги,frigate,x_ray_scout,x_ray_scout_frigate,faction_flagship_license,2,1.60,36998612.00,5600000.00,42598612.00,42.599
craft_factory_ark_x_ray_scout_frigate_r10,factory_ark_x_ray_scout_frigate_r10,Спектр,10,factory_ark,Заводные Ковчеги,frigate,x_ray_scout,x_ray_scout_frigate,faction_flagship_license,3,1.40,24499743.00,5600000.00,30099743.00,30.100
craft_factory_ark_x_ray_scout_frigate_r10,factory_ark_x_ray_scout_frigate_r10,Спектр,10,factory_ark,Заводные Ковчеги,frigate,x_ray_scout,x_ray_scout_frigate,faction_flagship_license,4,1.20,15576414.00,5600000.00,21176414.00,21.176
craft_factory_ark_x_ray_scout_frigate_r10,factory_ark_x_ray_scout_frigate_r10,Спектр,10,factory_ark,Заводные Ковчеги,frigate,x_ray_scout,x_ray_scout_frigate,faction_flagship_license,5,1.00,7784194.00,5600000.00,13384194.00,13.384
craft_factory_ark_escort_frigate_r02,factory_ark_escort_frigate_r02,Стражок,2,factory_ark,Заводные Ковчеги,frigate,escort,escort_frigate,raw_resources,0,2.00,9500.00,0.00,9500.00,0.009
craft_factory_ark_escort_frigate_r02,factory_ark_escort_frigate_r02,Стражок,2,factory_ark,Заводные Ковчеги,frigate,escort,escort_frigate,raw_resources,1,1.80,8710.00,0.00,8710.00,0.009
craft_factory_ark_escort_frigate_r02,factory_ark_escort_frigate_r02,Стражок,2,factory_ark,Заводные Ковчеги,frigate,escort,escort_frigate,raw_resources,2,1.60,7710.00,0.00,7710.00,0.008
craft_factory_ark_escort_frigate_r02,factory_ark_escort_frigate_r02,Стражок,2,factory_ark,Заводные Ковчеги,frigate,escort,escort_frigate,raw_resources,3,1.40,6820.00,0.00,6820.00,0.007
craft_factory_ark_escort_frigate_r02,factory_ark_escort_frigate_r02,Стражок,2,factory_ark,Заводные Ковчеги,frigate,escort,escort_frigate,raw_resources,4,1.20,5820.00,0.00,5820.00,0.006
craft_factory_ark_escort_frigate_r02,factory_ark_escort_frigate_r02,Стражок,2,factory_ark,Заводные Ковчеги,frigate,escort,escort_frigate,raw_resources,5,1.00,4750.00,0.00,4750.00,0.005
craft_factory_ark_escort_frigate_r03,factory_ark_escort_frigate_r03,Скоба,3,factory_ark,Заводные Ковчеги,frigate,escort,escort_frigate,raw_resources,0,2.00,26660.00,0.00,26660.00,0.027
craft_factory_ark_escort_frigate_r03,factory_ark_escort_frigate_r03,Скоба,3,factory_ark,Заводные Ковчеги,frigate,escort,escort_frigate,raw_resources,1,1.80,24110.00,0.00,24110.00,0.024
craft_factory_ark_escort_frigate_r03,factory_ark_escort_frigate_r03,Скоба,3,factory_ark,Заводные Ковчеги,frigate,escort,escort_frigate,raw_resources,2,1.60,21490.00,0.00,21490.00,0.021
craft_factory_ark_escort_frigate_r03,factory_ark_escort_frigate_r03,Скоба,3,factory_ark,Заводные Ковчеги,frigate,escort,escort_frigate,raw_resources,3,1.40,18780.00,0.00,18780.00,0.019
craft_factory_ark_escort_frigate_r03,factory_ark_escort_frigate_r03,Скоба,3,factory_ark,Заводные Ковчеги,frigate,escort,escort_frigate,raw_resources,4,1.20,16160.00,0.00,16160.00,0.016
craft_factory_ark_escort_frigate_r03,factory_ark_escort_frigate_r03,Скоба,3,factory_ark,Заводные Ковчеги,frigate,escort,escort_frigate,raw_resources,5,1.00,13330.00,0.00,13330.00,0.013
craft_factory_ark_escort_frigate_r04,factory_ark_escort_frigate_r04,Заступ,4,factory_ark,Заводные Ковчеги,frigate,escort,escort_frigate,prepared_materials,0,2.00,129496.00,0.00,129496.00,0.129
craft_factory_ark_escort_frigate_r04,factory_ark_escort_frigate_r04,Заступ,4,factory_ark,Заводные Ковчеги,frigate,escort,escort_frigate,prepared_materials,1,1.80,112609.00,0.00,112609.00,0.113
craft_factory_ark_escort_frigate_r04,factory_ark_escort_frigate_r04,Заступ,4,factory_ark,Заводные Ковчеги,frigate,escort,escort_frigate,prepared_materials,2,1.60,89446.00,0.00,89446.00,0.089
craft_factory_ark_escort_frigate_r04,factory_ark_escort_frigate_r04,Заступ,4,factory_ark,Заводные Ковчеги,frigate,escort,escort_frigate,prepared_materials,3,1.40,69655.00,0.00,69655.00,0.070
craft_factory_ark_escort_frigate_r04,factory_ark_escort_frigate_r04,Заступ,4,factory_ark,Заводные Ковчеги,frigate,escort,escort_frigate,prepared_materials,4,1.20,51704.00,0.00,51704.00,0.052
craft_factory_ark_escort_frigate_r04,factory_ark_escort_frigate_r04,Заступ,4,factory_ark,Заводные Ковчеги,frigate,escort,escort_frigate,prepared_materials,5,1.00,32374.00,0.00,32374.00,0.032
craft_factory_ark_escort_frigate_r05,factory_ark_escort_frigate_r05,Проводник,5,factory_ark,Заводные Ковчеги,frigate,escort,escort_frigate,prepared_materials,0,2.00,321532.00,0.00,321532.00,0.322
craft_factory_ark_escort_frigate_r05,factory_ark_escort_frigate_r05,Проводник,5,factory_ark,Заводные Ковчеги,frigate,escort,escort_frigate,prepared_materials,1,1.80,278269.00,0.00,278269.00,0.278
craft_factory_ark_escort_frigate_r05,factory_ark_escort_frigate_r05,Проводник,5,factory_ark,Заводные Ковчеги,frigate,escort,escort_frigate,prepared_materials,2,1.60,221316.00,0.00,221316.00,0.221
craft_factory_ark_escort_frigate_r05,factory_ark_escort_frigate_r05,Проводник,5,factory_ark,Заводные Ковчеги,frigate,escort,escort_frigate,prepared_materials,3,1.40,171604.00,0.00,171604.00,0.172
craft_factory_ark_escort_frigate_r05,factory_ark_escort_frigate_r05,Проводник,5,factory_ark,Заводные Ковчеги,frigate,escort,escort_frigate,prepared_materials,4,1.20,127553.00,0.00,127553.00,0.128
craft_factory_ark_escort_frigate_r05,factory_ark_escort_frigate_r05,Проводник,5,factory_ark,Заводные Ковчеги,frigate,escort,escort_frigate,prepared_materials,5,1.00,80383.00,0.00,80383.00,0.080
craft_factory_ark_escort_frigate_r06,factory_ark_escort_frigate_r06,Фиксатор,6,factory_ark,Заводные Ковчеги,frigate,escort,escort_frigate,hull_and_machine_parts,0,2.00,1333040.00,0.00,1333040.00,1.333
craft_factory_ark_escort_frigate_r06,factory_ark_escort_frigate_r06,Фиксатор,6,factory_ark,Заводные Ковчеги,frigate,escort,escort_frigate,hull_and_machine_parts,1,1.80,1168002.00,0.00,1168002.00,1.168
craft_factory_ark_escort_frigate_r06,factory_ark_escort_frigate_r06,Фиксатор,6,factory_ark,Заводные Ковчеги,frigate,escort,escort_frigate,hull_and_machine_parts,2,1.60,859971.00,0.00,859971.00,0.860
craft_factory_ark_escort_frigate_r06,factory_ark_escort_frigate_r06,Фиксатор,6,factory_ark,Заводные Ковчеги,frigate,escort,escort_frigate,hull_and_machine_parts,3,1.40,613453.00,0.00,613453.00,0.613
craft_factory_ark_escort_frigate_r06,factory_ark_escort_frigate_r06,Фиксатор,6,factory_ark,Заводные Ковчеги,frigate,escort,escort_frigate,hull_and_machine_parts,4,1.20,416110.00,0.00,416110.00,0.416
craft_factory_ark_escort_frigate_r06,factory_ark_escort_frigate_r06,Фиксатор,6,factory_ark,Заводные Ковчеги,frigate,escort,escort_frigate,hull_and_machine_parts,5,1.00,222620.00,0.00,222620.00,0.223
craft_factory_ark_escort_frigate_r07,factory_ark_escort_frigate_r07,Караул,7,factory_ark,Заводные Ковчеги,frigate,escort,escort_frigate,hull_and_machine_parts,0,2.00,3202816.00,0.00,3202816.00,3.203
craft_factory_ark_escort_frigate_r07,factory_ark_escort_frigate_r07,Караул,7,factory_ark,Заводные Ковчеги,frigate,escort,escort_frigate,hull_and_machine_parts,1,1.80,2715833.00,0.00,2715833.00,2.716
craft_factory_ark_escort_frigate_r07,factory_ark_escort_frigate_r07,Караул,7,factory_ark,Заводные Ковчеги,frigate,escort,escort_frigate,hull_and_machine_parts,2,1.60,1984152.00,0.00,1984152.00,1.984
craft_factory_ark_escort_frigate_r07,factory_ark_escort_frigate_r07,Караул,7,factory_ark,Заводные Ковчеги,frigate,escort,escort_frigate,hull_and_machine_parts,3,1.40,1431236.00,0.00,1431236.00,1.431
craft_factory_ark_escort_frigate_r07,factory_ark_escort_frigate_r07,Караул,7,factory_ark,Заводные Ковчеги,frigate,escort,escort_frigate,hull_and_machine_parts,4,1.20,959700.00,0.00,959700.00,0.960
craft_factory_ark_escort_frigate_r07,factory_ark_escort_frigate_r07,Караул,7,factory_ark,Заводные Ковчеги,frigate,escort,escort_frigate,hull_and_machine_parts,5,1.00,534937.00,0.00,534937.00,0.535
craft_factory_ark_escort_frigate_r08,factory_ark_escort_frigate_r08,Патрон,8,factory_ark,Заводные Ковчеги,frigate,escort,escort_frigate,ship_blocks,0,2.00,12062280.00,0.00,12062280.00,12.062
craft_factory_ark_escort_frigate_r08,factory_ark_escort_frigate_r08,Патрон,8,factory_ark,Заводные Ковчеги,frigate,escort,escort_frigate,ship_blocks,1,1.80,10892054.00,0.00,10892054.00,10.892
craft_factory_ark_escort_frigate_r08,factory_ark_escort_frigate_r08,Патрон,8,factory_ark,Заводные Ковчеги,frigate,escort,escort_frigate,ship_blocks,2,1.60,8197130.00,0.00,8197130.00,8.197
craft_factory_ark_escort_frigate_r08,factory_ark_escort_frigate_r08,Патрон,8,factory_ark,Заводные Ковчеги,frigate,escort,escort_frigate,ship_blocks,3,1.40,5697826.00,0.00,5697826.00,5.698
craft_factory_ark_escort_frigate_r08,factory_ark_escort_frigate_r08,Патрон,8,factory_ark,Заводные Ковчеги,frigate,escort,escort_frigate,ship_blocks,4,1.20,3984916.00,0.00,3984916.00,3.985
craft_factory_ark_escort_frigate_r08,factory_ark_escort_frigate_r08,Патрон,8,factory_ark,Заводные Ковчеги,frigate,escort,escort_frigate,ship_blocks,5,1.00,1403849.00,0.00,1403849.00,1.404
craft_factory_ark_escort_frigate_r09,factory_ark_escort_frigate_r09,Оберег,9,factory_ark,Заводные Ковчеги,frigate,escort,escort_frigate,ship_blocks,0,2.00,28971272.00,0.00,28971272.00,28.971
craft_factory_ark_escort_frigate_r09,factory_ark_escort_frigate_r09,Оберег,9,factory_ark,Заводные Ковчеги,frigate,escort,escort_frigate,ship_blocks,1,1.80,25685121.00,0.00,25685121.00,25.685
craft_factory_ark_escort_frigate_r09,factory_ark_escort_frigate_r09,Оберег,9,factory_ark,Заводные Ковчеги,frigate,escort,escort_frigate,ship_blocks,2,1.60,17740018.00,0.00,17740018.00,17.740
craft_factory_ark_escort_frigate_r09,factory_ark_escort_frigate_r09,Оберег,9,factory_ark,Заводные Ковчеги,frigate,escort,escort_frigate,ship_blocks,3,1.40,11999065.00,0.00,11999065.00,11.999
craft_factory_ark_escort_frigate_r09,factory_ark_escort_frigate_r09,Оберег,9,factory_ark,Заводные Ковчеги,frigate,escort,escort_frigate,ship_blocks,4,1.20,7548006.00,0.00,7548006.00,7.548
craft_factory_ark_escort_frigate_r09,factory_ark_escort_frigate_r09,Оберег,9,factory_ark,Заводные Ковчеги,frigate,escort,escort_frigate,ship_blocks,5,1.00,3379860.00,0.00,3379860.00,3.380
craft_factory_ark_escort_frigate_r10,factory_ark_escort_frigate_r10,Эскорт,10,factory_ark,Заводные Ковчеги,frigate,escort,escort_frigate,faction_flagship_license,0,2.00,65830456.00,5600000.00,71430456.00,71.430
craft_factory_ark_escort_frigate_r10,factory_ark_escort_frigate_r10,Эскорт,10,factory_ark,Заводные Ковчеги,frigate,escort,escort_frigate,faction_flagship_license,1,1.80,56438802.00,5600000.00,62038802.00,62.039
craft_factory_ark_escort_frigate_r10,factory_ark_escort_frigate_r10,Эскорт,10,factory_ark,Заводные Ковчеги,frigate,escort,escort_frigate,faction_flagship_license,2,1.60,38693347.00,5600000.00,44293347.00,44.293
craft_factory_ark_escort_frigate_r10,factory_ark_escort_frigate_r10,Эскорт,10,factory_ark,Заводные Ковчеги,frigate,escort,escort_frigate,faction_flagship_license,3,1.40,26235344.00,5600000.00,31835344.00,31.835
craft_factory_ark_escort_frigate_r10,factory_ark_escort_frigate_r10,Эскорт,10,factory_ark,Заводные Ковчеги,frigate,escort,escort_frigate,faction_flagship_license,4,1.20,16307640.00,5600000.00,21907640.00,21.908
craft_factory_ark_escort_frigate_r10,factory_ark_escort_frigate_r10,Эскорт,10,factory_ark,Заводные Ковчеги,frigate,escort,escort_frigate,faction_flagship_license,5,1.00,8012649.00,5600000.00,13612649.00,13.613
craft_factory_ark_automaton_tender_frigate_r02,factory_ark_automaton_tender_frigate_r02,Капсула,2,factory_ark,Заводные Ковчеги,frigate,automaton_tender,automaton_tender_frigate,raw_resources,0,2.00,9040.00,0.00,9040.00,0.009
craft_factory_ark_automaton_tender_frigate_r02,factory_ark_automaton_tender_frigate_r02,Капсула,2,factory_ark,Заводные Ковчеги,frigate,automaton_tender,automaton_tender_frigate,raw_resources,1,1.80,8310.00,0.00,8310.00,0.008
craft_factory_ark_automaton_tender_frigate_r02,factory_ark_automaton_tender_frigate_r02,Капсула,2,factory_ark,Заводные Ковчеги,frigate,automaton_tender,automaton_tender_frigate,raw_resources,2,1.60,7500.00,0.00,7500.00,0.007
craft_factory_ark_automaton_tender_frigate_r02,factory_ark_automaton_tender_frigate_r02,Капсула,2,factory_ark,Заводные Ковчеги,frigate,automaton_tender,automaton_tender_frigate,raw_resources,3,1.40,6710.00,0.00,6710.00,0.007
craft_factory_ark_automaton_tender_frigate_r02,factory_ark_automaton_tender_frigate_r02,Капсула,2,factory_ark,Заводные Ковчеги,frigate,automaton_tender,automaton_tender_frigate,raw_resources,4,1.20,5900.00,0.00,5900.00,0.006
craft_factory_ark_automaton_tender_frigate_r02,factory_ark_automaton_tender_frigate_r02,Капсула,2,factory_ark,Заводные Ковчеги,frigate,automaton_tender,automaton_tender_frigate,raw_resources,5,1.00,4520.00,0.00,4520.00,0.005
craft_factory_ark_automaton_tender_frigate_r03,factory_ark_automaton_tender_frigate_r03,Захватчик,3,factory_ark,Заводные Ковчеги,frigate,automaton_tender,automaton_tender_frigate,raw_resources,0,2.00,26740.00,0.00,26740.00,0.027
craft_factory_ark_automaton_tender_frigate_r03,factory_ark_automaton_tender_frigate_r03,Захватчик,3,factory_ark,Заводные Ковчеги,frigate,automaton_tender,automaton_tender_frigate,raw_resources,1,1.80,24500.00,0.00,24500.00,0.025
craft_factory_ark_automaton_tender_frigate_r03,factory_ark_automaton_tender_frigate_r03,Захватчик,3,factory_ark,Заводные Ковчеги,frigate,automaton_tender,automaton_tender_frigate,raw_resources,2,1.60,21950.00,0.00,21950.00,0.022
craft_factory_ark_automaton_tender_frigate_r03,factory_ark_automaton_tender_frigate_r03,Захватчик,3,factory_ark,Заводные Ковчеги,frigate,automaton_tender,automaton_tender_frigate,raw_resources,3,1.40,18940.00,0.00,18940.00,0.019
craft_factory_ark_automaton_tender_frigate_r03,factory_ark_automaton_tender_frigate_r03,Захватчик,3,factory_ark,Заводные Ковчеги,frigate,automaton_tender,automaton_tender_frigate,raw_resources,4,1.20,16390.00,0.00,16390.00,0.016
craft_factory_ark_automaton_tender_frigate_r03,factory_ark_automaton_tender_frigate_r03,Захватчик,3,factory_ark,Заводные Ковчеги,frigate,automaton_tender,automaton_tender_frigate,raw_resources,5,1.00,13370.00,0.00,13370.00,0.013
craft_factory_ark_automaton_tender_frigate_r04,factory_ark_automaton_tender_frigate_r04,Сборщик,4,factory_ark,Заводные Ковчеги,frigate,automaton_tender,automaton_tender_frigate,prepared_materials,0,2.00,125332.00,0.00,125332.00,0.125
craft_factory_ark_automaton_tender_frigate_r04,factory_ark_automaton_tender_frigate_r04,Сборщик,4,factory_ark,Заводные Ковчеги,frigate,automaton_tender,automaton_tender_frigate,prepared_materials,1,1.80,109112.00,0.00,109112.00,0.109
craft_factory_ark_automaton_tender_frigate_r04,factory_ark_automaton_tender_frigate_r04,Сборщик,4,factory_ark,Заводные Ковчеги,frigate,automaton_tender,automaton_tender_frigate,prepared_materials,2,1.60,86960.00,0.00,86960.00,0.087
craft_factory_ark_automaton_tender_frigate_r04,factory_ark_automaton_tender_frigate_r04,Сборщик,4,factory_ark,Заводные Ковчеги,frigate,automaton_tender,automaton_tender_frigate,prepared_materials,3,1.40,67811.00,0.00,67811.00,0.068
craft_factory_ark_automaton_tender_frigate_r04,factory_ark_automaton_tender_frigate_r04,Сборщик,4,factory_ark,Заводные Ковчеги,frigate,automaton_tender,automaton_tender_frigate,prepared_materials,4,1.20,50615.00,0.00,50615.00,0.051
craft_factory_ark_automaton_tender_frigate_r04,factory_ark_automaton_tender_frigate_r04,Сборщик,4,factory_ark,Заводные Ковчеги,frigate,automaton_tender,automaton_tender_frigate,prepared_materials,5,1.00,31333.00,0.00,31333.00,0.031
craft_factory_ark_automaton_tender_frigate_r05,factory_ark_automaton_tender_frigate_r05,Таль,5,factory_ark,Заводные Ковчеги,frigate,automaton_tender,automaton_tender_frigate,prepared_materials,0,2.00,304660.00,0.00,304660.00,0.305
craft_factory_ark_automaton_tender_frigate_r05,factory_ark_automaton_tender_frigate_r05,Таль,5,factory_ark,Заводные Ковчеги,frigate,automaton_tender,automaton_tender_frigate,prepared_materials,1,1.80,263475.00,0.00,263475.00,0.263
craft_factory_ark_automaton_tender_frigate_r05,factory_ark_automaton_tender_frigate_r05,Таль,5,factory_ark,Заводные Ковчеги,frigate,automaton_tender,automaton_tender_frigate,prepared_materials,2,1.60,210370.00,0.00,210370.00,0.210
craft_factory_ark_automaton_tender_frigate_r05,factory_ark_automaton_tender_frigate_r05,Таль,5,factory_ark,Заводные Ковчеги,frigate,automaton_tender,automaton_tender_frigate,prepared_materials,3,1.40,162489.00,0.00,162489.00,0.162
craft_factory_ark_automaton_tender_frigate_r05,factory_ark_automaton_tender_frigate_r05,Таль,5,factory_ark,Заводные Ковчеги,frigate,automaton_tender,automaton_tender_frigate,prepared_materials,4,1.20,121403.00,0.00,121403.00,0.121
craft_factory_ark_automaton_tender_frigate_r05,factory_ark_automaton_tender_frigate_r05,Таль,5,factory_ark,Заводные Ковчеги,frigate,automaton_tender,automaton_tender_frigate,prepared_materials,5,1.00,76165.00,0.00,76165.00,0.076
craft_factory_ark_automaton_tender_frigate_r06,factory_ark_automaton_tender_frigate_r06,Манипул,6,factory_ark,Заводные Ковчеги,frigate,automaton_tender,automaton_tender_frigate,hull_and_machine_parts,0,2.00,1144704.00,0.00,1144704.00,1.145
craft_factory_ark_automaton_tender_frigate_r06,factory_ark_automaton_tender_frigate_r06,Манипул,6,factory_ark,Заводные Ковчеги,frigate,automaton_tender,automaton_tender_frigate,hull_and_machine_parts,1,1.80,1006600.00,0.00,1006600.00,1.007
craft_factory_ark_automaton_tender_frigate_r06,factory_ark_automaton_tender_frigate_r06,Манипул,6,factory_ark,Заводные Ковчеги,frigate,automaton_tender,automaton_tender_frigate,hull_and_machine_parts,2,1.60,750206.00,0.00,750206.00,0.750
craft_factory_ark_automaton_tender_frigate_r06,factory_ark_automaton_tender_frigate_r06,Манипул,6,factory_ark,Заводные Ковчеги,frigate,automaton_tender,automaton_tender_frigate,hull_and_machine_parts,3,1.40,533238.00,0.00,533238.00,0.533
craft_factory_ark_automaton_tender_frigate_r06,factory_ark_automaton_tender_frigate_r06,Манипул,6,factory_ark,Заводные Ковчеги,frigate,automaton_tender,automaton_tender_frigate,hull_and_machine_parts,4,1.20,368258.00,0.00,368258.00,0.368
craft_factory_ark_automaton_tender_frigate_r06,factory_ark_automaton_tender_frigate_r06,Манипул,6,factory_ark,Заводные Ковчеги,frigate,automaton_tender,automaton_tender_frigate,hull_and_machine_parts,5,1.00,191088.00,0.00,191088.00,0.191
craft_factory_ark_automaton_tender_frigate_r07,factory_ark_automaton_tender_frigate_r07,Носильщик,7,factory_ark,Заводные Ковчеги,frigate,automaton_tender,automaton_tender_frigate,hull_and_machine_parts,0,2.00,2870816.00,0.00,2870816.00,2.871
craft_factory_ark_automaton_tender_frigate_r07,factory_ark_automaton_tender_frigate_r07,Носильщик,7,factory_ark,Заводные Ковчеги,frigate,automaton_tender,automaton_tender_frigate,hull_and_machine_parts,1,1.80,2454012.00,0.00,2454012.00,2.454
craft_factory_ark_automaton_tender_frigate_r07,factory_ark_automaton_tender_frigate_r07,Носильщик,7,factory_ark,Заводные Ковчеги,frigate,automaton_tender,automaton_tender_frigate,hull_and_machine_parts,2,1.60,1785393.00,0.00,1785393.00,1.785
craft_factory_ark_automaton_tender_frigate_r07,factory_ark_automaton_tender_frigate_r07,Носильщик,7,factory_ark,Заводные Ковчеги,frigate,automaton_tender,automaton_tender_frigate,hull_and_machine_parts,3,1.40,1300218.00,0.00,1300218.00,1.300
craft_factory_ark_automaton_tender_frigate_r07,factory_ark_automaton_tender_frigate_r07,Носильщик,7,factory_ark,Заводные Ковчеги,frigate,automaton_tender,automaton_tender_frigate,hull_and_machine_parts,4,1.20,867282.00,0.00,867282.00,0.867
craft_factory_ark_automaton_tender_frigate_r07,factory_ark_automaton_tender_frigate_r07,Носильщик,7,factory_ark,Заводные Ковчеги,frigate,automaton_tender,automaton_tender_frigate,hull_and_machine_parts,5,1.00,477352.00,0.00,477352.00,0.477
craft_factory_ark_automaton_tender_frigate_r08,factory_ark_automaton_tender_frigate_r08,Ловец,8,factory_ark,Заводные Ковчеги,frigate,automaton_tender,automaton_tender_frigate,ship_blocks,0,2.00,11667096.00,0.00,11667096.00,11.667
craft_factory_ark_automaton_tender_frigate_r08,factory_ark_automaton_tender_frigate_r08,Ловец,8,factory_ark,Заводные Ковчеги,frigate,automaton_tender,automaton_tender_frigate,ship_blocks,1,1.80,10537495.00,0.00,10537495.00,10.537
craft_factory_ark_automaton_tender_frigate_r08,factory_ark_automaton_tender_frigate_r08,Ловец,8,factory_ark,Заводные Ковчеги,frigate,automaton_tender,automaton_tender_frigate,ship_blocks,2,1.60,7928817.00,0.00,7928817.00,7.929
craft_factory_ark_automaton_tender_frigate_r08,factory_ark_automaton_tender_frigate_r08,Ловец,8,factory_ark,Заводные Ковчеги,frigate,automaton_tender,automaton_tender_frigate,ship_blocks,3,1.40,5665598.00,0.00,5665598.00,5.666
craft_factory_ark_automaton_tender_frigate_r08,factory_ark_automaton_tender_frigate_r08,Ловец,8,factory_ark,Заводные Ковчеги,frigate,automaton_tender,automaton_tender_frigate,ship_blocks,4,1.20,3959512.00,0.00,3959512.00,3.960
craft_factory_ark_automaton_tender_frigate_r08,factory_ark_automaton_tender_frigate_r08,Ловец,8,factory_ark,Заводные Ковчеги,frigate,automaton_tender,automaton_tender_frigate,ship_blocks,5,1.00,1391312.00,0.00,1391312.00,1.391
craft_factory_ark_automaton_tender_frigate_r09,factory_ark_automaton_tender_frigate_r09,Сальважер,9,factory_ark,Заводные Ковчеги,frigate,automaton_tender,automaton_tender_frigate,ship_blocks,0,2.00,27492648.00,0.00,27492648.00,27.493
craft_factory_ark_automaton_tender_frigate_r09,factory_ark_automaton_tender_frigate_r09,Сальважер,9,factory_ark,Заводные Ковчеги,frigate,automaton_tender,automaton_tender_frigate,ship_blocks,1,1.80,24812402.00,0.00,24812402.00,24.812
craft_factory_ark_automaton_tender_frigate_r09,factory_ark_automaton_tender_frigate_r09,Сальважер,9,factory_ark,Заводные Ковчеги,frigate,automaton_tender,automaton_tender_frigate,ship_blocks,2,1.60,17224260.00,0.00,17224260.00,17.224
craft_factory_ark_automaton_tender_frigate_r09,factory_ark_automaton_tender_frigate_r09,Сальважер,9,factory_ark,Заводные Ковчеги,frigate,automaton_tender,automaton_tender_frigate,ship_blocks,3,1.40,11262050.00,0.00,11262050.00,11.262
craft_factory_ark_automaton_tender_frigate_r09,factory_ark_automaton_tender_frigate_r09,Сальважер,9,factory_ark,Заводные Ковчеги,frigate,automaton_tender,automaton_tender_frigate,ship_blocks,4,1.20,7100302.00,0.00,7100302.00,7.100
craft_factory_ark_automaton_tender_frigate_r09,factory_ark_automaton_tender_frigate_r09,Сальважер,9,factory_ark,Заводные Ковчеги,frigate,automaton_tender,automaton_tender_frigate,ship_blocks,5,1.00,3222229.00,0.00,3222229.00,3.222
craft_factory_ark_automaton_tender_frigate_r10,factory_ark_automaton_tender_frigate_r10,Тендер,10,factory_ark,Заводные Ковчеги,frigate,automaton_tender,automaton_tender_frigate,faction_flagship_license,0,2.00,71773184.00,5600000.00,77373184.00,77.373
craft_factory_ark_automaton_tender_frigate_r10,factory_ark_automaton_tender_frigate_r10,Тендер,10,factory_ark,Заводные Ковчеги,frigate,automaton_tender,automaton_tender_frigate,faction_flagship_license,1,1.80,59874461.00,5600000.00,65474461.00,65.474
craft_factory_ark_automaton_tender_frigate_r10,factory_ark_automaton_tender_frigate_r10,Тендер,10,factory_ark,Заводные Ковчеги,frigate,automaton_tender,automaton_tender_frigate,faction_flagship_license,2,1.60,41346917.00,5600000.00,46946917.00,46.947
craft_factory_ark_automaton_tender_frigate_r10,factory_ark_automaton_tender_frigate_r10,Тендер,10,factory_ark,Заводные Ковчеги,frigate,automaton_tender,automaton_tender_frigate,faction_flagship_license,3,1.40,28241329.00,5600000.00,33841329.00,33.841
craft_factory_ark_automaton_tender_frigate_r10,factory_ark_automaton_tender_frigate_r10,Тендер,10,factory_ark,Заводные Ковчеги,frigate,automaton_tender,automaton_tender_frigate,faction_flagship_license,4,1.20,17734748.00,5600000.00,23334748.00,23.335
craft_factory_ark_automaton_tender_frigate_r10,factory_ark_automaton_tender_frigate_r10,Тендер,10,factory_ark,Заводные Ковчеги,frigate,automaton_tender,automaton_tender_frigate,faction_flagship_license,5,1.00,8708241.00,5600000.00,14308241.00,14.308
craft_factory_ark_modular_survey_cruiser_r02,factory_ark_modular_survey_cruiser_r02,Модуль,2,factory_ark,Заводные Ковчеги,cruiser,modular_survey,modular_survey_cruiser,raw_resources,0,2.00,13260.00,0.00,13260.00,0.013
craft_factory_ark_modular_survey_cruiser_r02,factory_ark_modular_survey_cruiser_r02,Модуль,2,factory_ark,Заводные Ковчеги,cruiser,modular_survey,modular_survey_cruiser,raw_resources,1,1.80,12190.00,0.00,12190.00,0.012
craft_factory_ark_modular_survey_cruiser_r02,factory_ark_modular_survey_cruiser_r02,Модуль,2,factory_ark,Заводные Ковчеги,cruiser,modular_survey,modular_survey_cruiser,raw_resources,2,1.60,10760.00,0.00,10760.00,0.011
craft_factory_ark_modular_survey_cruiser_r02,factory_ark_modular_survey_cruiser_r02,Модуль,2,factory_ark,Заводные Ковчеги,cruiser,modular_survey,modular_survey_cruiser,raw_resources,3,1.40,9580.00,0.00,9580.00,0.010
craft_factory_ark_modular_survey_cruiser_r02,factory_ark_modular_survey_cruiser_r02,Модуль,2,factory_ark,Заводные Ковчеги,cruiser,modular_survey,modular_survey_cruiser,raw_resources,4,1.20,8150.00,0.00,8150.00,0.008
craft_factory_ark_modular_survey_cruiser_r02,factory_ark_modular_survey_cruiser_r02,Модуль,2,factory_ark,Заводные Ковчеги,cruiser,modular_survey,modular_survey_cruiser,raw_resources,5,1.00,6630.00,0.00,6630.00,0.007
craft_factory_ark_modular_survey_cruiser_r03,factory_ark_modular_survey_cruiser_r03,Архив,3,factory_ark,Заводные Ковчеги,cruiser,modular_survey,modular_survey_cruiser,raw_resources,0,2.00,34900.00,0.00,34900.00,0.035
craft_factory_ark_modular_survey_cruiser_r03,factory_ark_modular_survey_cruiser_r03,Архив,3,factory_ark,Заводные Ковчеги,cruiser,modular_survey,modular_survey_cruiser,raw_resources,1,1.80,31640.00,0.00,31640.00,0.032
craft_factory_ark_modular_survey_cruiser_r03,factory_ark_modular_survey_cruiser_r03,Архив,3,factory_ark,Заводные Ковчеги,cruiser,modular_survey,modular_survey_cruiser,raw_resources,2,1.60,28050.00,0.00,28050.00,0.028
craft_factory_ark_modular_survey_cruiser_r03,factory_ark_modular_survey_cruiser_r03,Архив,3,factory_ark,Заводные Ковчеги,cruiser,modular_survey,modular_survey_cruiser,raw_resources,3,1.40,24760.00,0.00,24760.00,0.025
craft_factory_ark_modular_survey_cruiser_r03,factory_ark_modular_survey_cruiser_r03,Архив,3,factory_ark,Заводные Ковчеги,cruiser,modular_survey,modular_survey_cruiser,raw_resources,4,1.20,21170.00,0.00,21170.00,0.021
craft_factory_ark_modular_survey_cruiser_r03,factory_ark_modular_survey_cruiser_r03,Архив,3,factory_ark,Заводные Ковчеги,cruiser,modular_survey,modular_survey_cruiser,raw_resources,5,1.00,17450.00,0.00,17450.00,0.017
craft_factory_ark_modular_survey_cruiser_r04,factory_ark_modular_survey_cruiser_r04,Контур,4,factory_ark,Заводные Ковчеги,cruiser,modular_survey,modular_survey_cruiser,prepared_materials,0,2.00,179212.00,0.00,179212.00,0.179
craft_factory_ark_modular_survey_cruiser_r04,factory_ark_modular_survey_cruiser_r04,Контур,4,factory_ark,Заводные Ковчеги,cruiser,modular_survey,modular_survey_cruiser,prepared_materials,1,1.80,155659.00,0.00,155659.00,0.156
craft_factory_ark_modular_survey_cruiser_r04,factory_ark_modular_survey_cruiser_r04,Контур,4,factory_ark,Заводные Ковчеги,cruiser,modular_survey,modular_survey_cruiser,prepared_materials,2,1.60,124286.00,0.00,124286.00,0.124
craft_factory_ark_modular_survey_cruiser_r04,factory_ark_modular_survey_cruiser_r04,Контур,4,factory_ark,Заводные Ковчеги,cruiser,modular_survey,modular_survey_cruiser,prepared_materials,3,1.40,96042.00,0.00,96042.00,0.096
craft_factory_ark_modular_survey_cruiser_r04,factory_ark_modular_survey_cruiser_r04,Контур,4,factory_ark,Заводные Ковчеги,cruiser,modular_survey,modular_survey_cruiser,prepared_materials,4,1.20,71762.00,0.00,71762.00,0.072
craft_factory_ark_modular_survey_cruiser_r04,factory_ark_modular_survey_cruiser_r04,Контур,4,factory_ark,Заводные Ковчеги,cruiser,modular_survey,modular_survey_cruiser,prepared_materials,5,1.00,44803.00,0.00,44803.00,0.045
craft_factory_ark_modular_survey_cruiser_r05,factory_ark_modular_survey_cruiser_r05,Дешифр,5,factory_ark,Заводные Ковчеги,cruiser,modular_survey,modular_survey_cruiser,prepared_materials,0,2.00,448832.00,0.00,448832.00,0.449
craft_factory_ark_modular_survey_cruiser_r05,factory_ark_modular_survey_cruiser_r05,Дешифр,5,factory_ark,Заводные Ковчеги,cruiser,modular_survey,modular_survey_cruiser,prepared_materials,1,1.80,388217.00,0.00,388217.00,0.388
craft_factory_ark_modular_survey_cruiser_r05,factory_ark_modular_survey_cruiser_r05,Дешифр,5,factory_ark,Заводные Ковчеги,cruiser,modular_survey,modular_survey_cruiser,prepared_materials,2,1.60,310777.00,0.00,310777.00,0.311
craft_factory_ark_modular_survey_cruiser_r05,factory_ark_modular_survey_cruiser_r05,Дешифр,5,factory_ark,Заводные Ковчеги,cruiser,modular_survey,modular_survey_cruiser,prepared_materials,3,1.40,239212.00,0.00,239212.00,0.239
craft_factory_ark_modular_survey_cruiser_r05,factory_ark_modular_survey_cruiser_r05,Дешифр,5,factory_ark,Заводные Ковчеги,cruiser,modular_survey,modular_survey_cruiser,prepared_materials,4,1.20,179308.00,0.00,179308.00,0.179
craft_factory_ark_modular_survey_cruiser_r05,factory_ark_modular_survey_cruiser_r05,Дешифр,5,factory_ark,Заводные Ковчеги,cruiser,modular_survey,modular_survey_cruiser,prepared_materials,5,1.00,112208.00,0.00,112208.00,0.112
craft_factory_ark_modular_survey_cruiser_r06,factory_ark_modular_survey_cruiser_r06,Матрица,6,factory_ark,Заводные Ковчеги,cruiser,modular_survey,modular_survey_cruiser,hull_and_machine_parts,0,2.00,1586224.00,0.00,1586224.00,1.586
craft_factory_ark_modular_survey_cruiser_r06,factory_ark_modular_survey_cruiser_r06,Матрица,6,factory_ark,Заводные Ковчеги,cruiser,modular_survey,modular_survey_cruiser,hull_and_machine_parts,1,1.80,1389063.00,0.00,1389063.00,1.389
craft_factory_ark_modular_survey_cruiser_r06,factory_ark_modular_survey_cruiser_r06,Матрица,6,factory_ark,Заводные Ковчеги,cruiser,modular_survey,modular_survey_cruiser,hull_and_machine_parts,2,1.60,1005255.00,0.00,1005255.00,1.005
craft_factory_ark_modular_survey_cruiser_r06,factory_ark_modular_survey_cruiser_r06,Матрица,6,factory_ark,Заводные Ковчеги,cruiser,modular_survey,modular_survey_cruiser,hull_and_machine_parts,3,1.40,752494.00,0.00,752494.00,0.752
craft_factory_ark_modular_survey_cruiser_r06,factory_ark_modular_survey_cruiser_r06,Матрица,6,factory_ark,Заводные Ковчеги,cruiser,modular_survey,modular_survey_cruiser,hull_and_machine_parts,4,1.20,498794.00,0.00,498794.00,0.499
craft_factory_ark_modular_survey_cruiser_r06,factory_ark_modular_survey_cruiser_r06,Матрица,6,factory_ark,Заводные Ковчеги,cruiser,modular_survey,modular_survey_cruiser,hull_and_machine_parts,5,1.00,273518.00,0.00,273518.00,0.274
craft_factory_ark_modular_survey_cruiser_r07,factory_ark_modular_survey_cruiser_r07,Лабиринт,7,factory_ark,Заводные Ковчеги,cruiser,modular_survey,modular_survey_cruiser,hull_and_machine_parts,0,2.00,4068280.00,0.00,4068280.00,4.068
craft_factory_ark_modular_survey_cruiser_r07,factory_ark_modular_survey_cruiser_r07,Лабиринт,7,factory_ark,Заводные Ковчеги,cruiser,modular_survey,modular_survey_cruiser,hull_and_machine_parts,1,1.80,3448310.00,0.00,3448310.00,3.448
craft_factory_ark_modular_survey_cruiser_r07,factory_ark_modular_survey_cruiser_r07,Лабиринт,7,factory_ark,Заводные Ковчеги,cruiser,modular_survey,modular_survey_cruiser,hull_and_machine_parts,2,1.60,2527065.00,0.00,2527065.00,2.527
craft_factory_ark_modular_survey_cruiser_r07,factory_ark_modular_survey_cruiser_r07,Лабиринт,7,factory_ark,Заводные Ковчеги,cruiser,modular_survey,modular_survey_cruiser,hull_and_machine_parts,3,1.40,1840573.00,0.00,1840573.00,1.841
craft_factory_ark_modular_survey_cruiser_r07,factory_ark_modular_survey_cruiser_r07,Лабиринт,7,factory_ark,Заводные Ковчеги,cruiser,modular_survey,modular_survey_cruiser,hull_and_machine_parts,4,1.20,1239816.00,0.00,1239816.00,1.240
craft_factory_ark_modular_survey_cruiser_r07,factory_ark_modular_survey_cruiser_r07,Лабиринт,7,factory_ark,Заводные Ковчеги,cruiser,modular_survey,modular_survey_cruiser,hull_and_machine_parts,5,1.00,705210.00,0.00,705210.00,0.705
craft_factory_ark_modular_survey_cruiser_r08,factory_ark_modular_survey_cruiser_r08,Оракул,8,factory_ark,Заводные Ковчеги,cruiser,modular_survey,modular_survey_cruiser,ship_blocks,0,2.00,15449864.00,0.00,15449864.00,15.450
craft_factory_ark_modular_survey_cruiser_r08,factory_ark_modular_survey_cruiser_r08,Оракул,8,factory_ark,Заводные Ковчеги,cruiser,modular_survey,modular_survey_cruiser,ship_blocks,1,1.80,13951917.00,0.00,13951917.00,13.952
craft_factory_ark_modular_survey_cruiser_r08,factory_ark_modular_survey_cruiser_r08,Оракул,8,factory_ark,Заводные Ковчеги,cruiser,modular_survey,modular_survey_cruiser,ship_blocks,2,1.60,10124848.00,0.00,10124848.00,10.125
craft_factory_ark_modular_survey_cruiser_r08,factory_ark_modular_survey_cruiser_r08,Оракул,8,factory_ark,Заводные Ковчеги,cruiser,modular_survey,modular_survey_cruiser,ship_blocks,3,1.40,7148248.00,0.00,7148248.00,7.148
craft_factory_ark_modular_survey_cruiser_r08,factory_ark_modular_survey_cruiser_r08,Оракул,8,factory_ark,Заводные Ковчеги,cruiser,modular_survey,modular_survey_cruiser,ship_blocks,4,1.20,4780308.00,0.00,4780308.00,4.780
craft_factory_ark_modular_survey_cruiser_r08,factory_ark_modular_survey_cruiser_r08,Оракул,8,factory_ark,Заводные Ковчеги,cruiser,modular_survey,modular_survey_cruiser,ship_blocks,5,1.00,1889969.00,0.00,1889969.00,1.890
craft_factory_ark_modular_survey_cruiser_r09,factory_ark_modular_survey_cruiser_r09,Хронист,9,factory_ark,Заводные Ковчеги,cruiser,modular_survey,modular_survey_cruiser,ship_blocks,0,2.00,35255760.00,0.00,35255760.00,35.256
craft_factory_ark_modular_survey_cruiser_r09,factory_ark_modular_survey_cruiser_r09,Хронист,9,factory_ark,Заводные Ковчеги,cruiser,modular_survey,modular_survey_cruiser,ship_blocks,1,1.80,31325193.00,0.00,31325193.00,31.325
craft_factory_ark_modular_survey_cruiser_r09,factory_ark_modular_survey_cruiser_r09,Хронист,9,factory_ark,Заводные Ковчеги,cruiser,modular_survey,modular_survey_cruiser,ship_blocks,2,1.60,20913357.00,0.00,20913357.00,20.913
craft_factory_ark_modular_survey_cruiser_r09,factory_ark_modular_survey_cruiser_r09,Хронист,9,factory_ark,Заводные Ковчеги,cruiser,modular_survey,modular_survey_cruiser,ship_blocks,3,1.40,14997038.00,0.00,14997038.00,14.997
craft_factory_ark_modular_survey_cruiser_r09,factory_ark_modular_survey_cruiser_r09,Хронист,9,factory_ark,Заводные Ковчеги,cruiser,modular_survey,modular_survey_cruiser,ship_blocks,4,1.20,9047958.00,0.00,9047958.00,9.048
craft_factory_ark_modular_survey_cruiser_r09,factory_ark_modular_survey_cruiser_r09,Хронист,9,factory_ark,Заводные Ковчеги,cruiser,modular_survey,modular_survey_cruiser,ship_blocks,5,1.00,4289543.00,0.00,4289543.00,4.290
craft_factory_ark_modular_survey_cruiser_r10,factory_ark_modular_survey_cruiser_r10,Синтакс,10,factory_ark,Заводные Ковчеги,cruiser,modular_survey,modular_survey_cruiser,faction_flagship_license,0,2.00,88620848.00,5600000.00,94220848.00,94.221
craft_factory_ark_modular_survey_cruiser_r10,factory_ark_modular_survey_cruiser_r10,Синтакс,10,factory_ark,Заводные Ковчеги,cruiser,modular_survey,modular_survey_cruiser,faction_flagship_license,1,1.80,74684613.00,5600000.00,80284613.00,80.285
craft_factory_ark_modular_survey_cruiser_r10,factory_ark_modular_survey_cruiser_r10,Синтакс,10,factory_ark,Заводные Ковчеги,cruiser,modular_survey,modular_survey_cruiser,faction_flagship_license,2,1.60,51341644.00,5600000.00,56941644.00,56.942
craft_factory_ark_modular_survey_cruiser_r10,factory_ark_modular_survey_cruiser_r10,Синтакс,10,factory_ark,Заводные Ковчеги,cruiser,modular_survey,modular_survey_cruiser,faction_flagship_license,3,1.40,35632199.00,5600000.00,41232199.00,41.232
craft_factory_ark_modular_survey_cruiser_r10,factory_ark_modular_survey_cruiser_r10,Синтакс,10,factory_ark,Заводные Ковчеги,cruiser,modular_survey,modular_survey_cruiser,faction_flagship_license,4,1.20,22283918.00,5600000.00,27883918.00,27.884
craft_factory_ark_modular_survey_cruiser_r10,factory_ark_modular_survey_cruiser_r10,Синтакс,10,factory_ark,Заводные Ковчеги,cruiser,modular_survey,modular_survey_cruiser,faction_flagship_license,5,1.00,11251352.00,5600000.00,16851352.00,16.851
craft_factory_ark_combat_ark_cruiser_r02,factory_ark_combat_ark_cruiser_r02,Блок,2,factory_ark,Заводные Ковчеги,cruiser,combat_ark,combat_ark_cruiser,raw_resources,0,2.00,13380.00,0.00,13380.00,0.013
craft_factory_ark_combat_ark_cruiser_r02,factory_ark_combat_ark_cruiser_r02,Блок,2,factory_ark,Заводные Ковчеги,cruiser,combat_ark,combat_ark_cruiser,raw_resources,1,1.80,12250.00,0.00,12250.00,0.012
craft_factory_ark_combat_ark_cruiser_r02,factory_ark_combat_ark_cruiser_r02,Блок,2,factory_ark,Заводные Ковчеги,cruiser,combat_ark,combat_ark_cruiser,raw_resources,2,1.60,11040.00,0.00,11040.00,0.011
craft_factory_ark_combat_ark_cruiser_r02,factory_ark_combat_ark_cruiser_r02,Блок,2,factory_ark,Заводные Ковчеги,cruiser,combat_ark,combat_ark_cruiser,raw_resources,3,1.40,9640.00,0.00,9640.00,0.010
craft_factory_ark_combat_ark_cruiser_r02,factory_ark_combat_ark_cruiser_r02,Блок,2,factory_ark,Заводные Ковчеги,cruiser,combat_ark,combat_ark_cruiser,raw_resources,4,1.20,8430.00,0.00,8430.00,0.008
craft_factory_ark_combat_ark_cruiser_r02,factory_ark_combat_ark_cruiser_r02,Блок,2,factory_ark,Заводные Ковчеги,cruiser,combat_ark,combat_ark_cruiser,raw_resources,5,1.00,6690.00,0.00,6690.00,0.007
craft_factory_ark_combat_ark_cruiser_r03,factory_ark_combat_ark_cruiser_r03,Секстант,3,factory_ark,Заводные Ковчеги,cruiser,combat_ark,combat_ark_cruiser,raw_resources,0,2.00,34220.00,0.00,34220.00,0.034
craft_factory_ark_combat_ark_cruiser_r03,factory_ark_combat_ark_cruiser_r03,Секстант,3,factory_ark,Заводные Ковчеги,cruiser,combat_ark,combat_ark_cruiser,raw_resources,1,1.80,31250.00,0.00,31250.00,0.031
craft_factory_ark_combat_ark_cruiser_r03,factory_ark_combat_ark_cruiser_r03,Секстант,3,factory_ark,Заводные Ковчеги,cruiser,combat_ark,combat_ark_cruiser,raw_resources,2,1.60,27700.00,0.00,27700.00,0.028
craft_factory_ark_combat_ark_cruiser_r03,factory_ark_combat_ark_cruiser_r03,Секстант,3,factory_ark,Заводные Ковчеги,cruiser,combat_ark,combat_ark_cruiser,raw_resources,3,1.40,24240.00,0.00,24240.00,0.024
craft_factory_ark_combat_ark_cruiser_r03,factory_ark_combat_ark_cruiser_r03,Секстант,3,factory_ark,Заводные Ковчеги,cruiser,combat_ark,combat_ark_cruiser,raw_resources,4,1.20,20690.00,0.00,20690.00,0.021
craft_factory_ark_combat_ark_cruiser_r03,factory_ark_combat_ark_cruiser_r03,Секстант,3,factory_ark,Заводные Ковчеги,cruiser,combat_ark,combat_ark_cruiser,raw_resources,5,1.00,17110.00,0.00,17110.00,0.017
craft_factory_ark_combat_ark_cruiser_r04,factory_ark_combat_ark_cruiser_r04,Реле,4,factory_ark,Заводные Ковчеги,cruiser,combat_ark,combat_ark_cruiser,prepared_materials,0,2.00,172624.00,0.00,172624.00,0.173
craft_factory_ark_combat_ark_cruiser_r04,factory_ark_combat_ark_cruiser_r04,Реле,4,factory_ark,Заводные Ковчеги,cruiser,combat_ark,combat_ark_cruiser,prepared_materials,1,1.80,148877.00,0.00,148877.00,0.149
craft_factory_ark_combat_ark_cruiser_r04,factory_ark_combat_ark_cruiser_r04,Реле,4,factory_ark,Заводные Ковчеги,cruiser,combat_ark,combat_ark_cruiser,prepared_materials,2,1.60,118577.00,0.00,118577.00,0.119
craft_factory_ark_combat_ark_cruiser_r04,factory_ark_combat_ark_cruiser_r04,Реле,4,factory_ark,Заводные Ковчеги,cruiser,combat_ark,combat_ark_cruiser,prepared_materials,3,1.40,91889.00,0.00,91889.00,0.092
craft_factory_ark_combat_ark_cruiser_r04,factory_ark_combat_ark_cruiser_r04,Реле,4,factory_ark,Заводные Ковчеги,cruiser,combat_ark,combat_ark_cruiser,prepared_materials,4,1.20,68460.00,0.00,68460.00,0.068
craft_factory_ark_combat_ark_cruiser_r04,factory_ark_combat_ark_cruiser_r04,Реле,4,factory_ark,Заводные Ковчеги,cruiser,combat_ark,combat_ark_cruiser,prepared_materials,5,1.00,43156.00,0.00,43156.00,0.043
craft_factory_ark_combat_ark_cruiser_r05,factory_ark_combat_ark_cruiser_r05,Каретка,5,factory_ark,Заводные Ковчеги,cruiser,combat_ark,combat_ark_cruiser,prepared_materials,0,2.00,430440.00,0.00,430440.00,0.430
craft_factory_ark_combat_ark_cruiser_r05,factory_ark_combat_ark_cruiser_r05,Каретка,5,factory_ark,Заводные Ковчеги,cruiser,combat_ark,combat_ark_cruiser,prepared_materials,1,1.80,370550.00,0.00,370550.00,0.371
craft_factory_ark_combat_ark_cruiser_r05,factory_ark_combat_ark_cruiser_r05,Каретка,5,factory_ark,Заводные Ковчеги,cruiser,combat_ark,combat_ark_cruiser,prepared_materials,2,1.60,293781.00,0.00,293781.00,0.294
craft_factory_ark_combat_ark_cruiser_r05,factory_ark_combat_ark_cruiser_r05,Каретка,5,factory_ark,Заводные Ковчеги,cruiser,combat_ark,combat_ark_cruiser,prepared_materials,3,1.40,229090.00,0.00,229090.00,0.229
craft_factory_ark_combat_ark_cruiser_r05,factory_ark_combat_ark_cruiser_r05,Каретка,5,factory_ark,Заводные Ковчеги,cruiser,combat_ark,combat_ark_cruiser,prepared_materials,4,1.20,169665.00,0.00,169665.00,0.170
craft_factory_ark_combat_ark_cruiser_r05,factory_ark_combat_ark_cruiser_r05,Каретка,5,factory_ark,Заводные Ковчеги,cruiser,combat_ark,combat_ark_cruiser,prepared_materials,5,1.00,107610.00,0.00,107610.00,0.108
craft_factory_ark_combat_ark_cruiser_r06,factory_ark_combat_ark_cruiser_r06,Ковчег,6,factory_ark,Заводные Ковчеги,cruiser,combat_ark,combat_ark_cruiser,hull_and_machine_parts,0,2.00,1688544.00,0.00,1688544.00,1.689
craft_factory_ark_combat_ark_cruiser_r06,factory_ark_combat_ark_cruiser_r06,Ковчег,6,factory_ark,Заводные Ковчеги,cruiser,combat_ark,combat_ark_cruiser,hull_and_machine_parts,1,1.80,1438320.00,0.00,1438320.00,1.438
craft_factory_ark_combat_ark_cruiser_r06,factory_ark_combat_ark_cruiser_r06,Ковчег,6,factory_ark,Заводные Ковчеги,cruiser,combat_ark,combat_ark_cruiser,hull_and_machine_parts,2,1.60,1055675.00,0.00,1055675.00,1.056
craft_factory_ark_combat_ark_cruiser_r06,factory_ark_combat_ark_cruiser_r06,Ковчег,6,factory_ark,Заводные Ковчеги,cruiser,combat_ark,combat_ark_cruiser,hull_and_machine_parts,3,1.40,768413.00,0.00,768413.00,0.768
craft_factory_ark_combat_ark_cruiser_r06,factory_ark_combat_ark_cruiser_r06,Ковчег,6,factory_ark,Заводные Ковчеги,cruiser,combat_ark,combat_ark_cruiser,hull_and_machine_parts,4,1.20,519604.00,0.00,519604.00,0.520
craft_factory_ark_combat_ark_cruiser_r06,factory_ark_combat_ark_cruiser_r06,Ковчег,6,factory_ark,Заводные Ковчеги,cruiser,combat_ark,combat_ark_cruiser,hull_and_machine_parts,5,1.00,280428.00,0.00,280428.00,0.280
craft_factory_ark_combat_ark_cruiser_r07,factory_ark_combat_ark_cruiser_r07,Батарея,7,factory_ark,Заводные Ковчеги,cruiser,combat_ark,combat_ark_cruiser,hull_and_machine_parts,0,2.00,4328248.00,0.00,4328248.00,4.328
craft_factory_ark_combat_ark_cruiser_r07,factory_ark_combat_ark_cruiser_r07,Батарея,7,factory_ark,Заводные Ковчеги,cruiser,combat_ark,combat_ark_cruiser,hull_and_machine_parts,1,1.80,3621109.00,0.00,3621109.00,3.621
craft_factory_ark_combat_ark_cruiser_r07,factory_ark_combat_ark_cruiser_r07,Батарея,7,factory_ark,Заводные Ковчеги,cruiser,combat_ark,combat_ark_cruiser,hull_and_machine_parts,2,1.60,2651221.00,0.00,2651221.00,2.651
craft_factory_ark_combat_ark_cruiser_r07,factory_ark_combat_ark_cruiser_r07,Батарея,7,factory_ark,Заводные Ковчеги,cruiser,combat_ark,combat_ark_cruiser,hull_and_machine_parts,3,1.40,1926695.00,0.00,1926695.00,1.927
craft_factory_ark_combat_ark_cruiser_r07,factory_ark_combat_ark_cruiser_r07,Батарея,7,factory_ark,Заводные Ковчеги,cruiser,combat_ark,combat_ark_cruiser,hull_and_machine_parts,4,1.20,1298814.00,0.00,1298814.00,1.299
craft_factory_ark_combat_ark_cruiser_r07,factory_ark_combat_ark_cruiser_r07,Батарея,7,factory_ark,Заводные Ковчеги,cruiser,combat_ark,combat_ark_cruiser,hull_and_machine_parts,5,1.00,719696.00,0.00,719696.00,0.720
craft_factory_ark_combat_ark_cruiser_r08,factory_ark_combat_ark_cruiser_r08,Механик,8,factory_ark,Заводные Ковчеги,cruiser,combat_ark,combat_ark_cruiser,ship_blocks,0,2.00,14862536.00,0.00,14862536.00,14.863
craft_factory_ark_combat_ark_cruiser_r08,factory_ark_combat_ark_cruiser_r08,Механик,8,factory_ark,Заводные Ковчеги,cruiser,combat_ark,combat_ark_cruiser,ship_blocks,1,1.80,13342969.00,0.00,13342969.00,13.343
craft_factory_ark_combat_ark_cruiser_r08,factory_ark_combat_ark_cruiser_r08,Механик,8,factory_ark,Заводные Ковчеги,cruiser,combat_ark,combat_ark_cruiser,ship_blocks,2,1.60,9812695.00,0.00,9812695.00,9.813
craft_factory_ark_combat_ark_cruiser_r08,factory_ark_combat_ark_cruiser_r08,Механик,8,factory_ark,Заводные Ковчеги,cruiser,combat_ark,combat_ark_cruiser,ship_blocks,3,1.40,7070482.00,0.00,7070482.00,7.070
craft_factory_ark_combat_ark_cruiser_r08,factory_ark_combat_ark_cruiser_r08,Механик,8,factory_ark,Заводные Ковчеги,cruiser,combat_ark,combat_ark_cruiser,ship_blocks,4,1.20,4833872.00,0.00,4833872.00,4.834
craft_factory_ark_combat_ark_cruiser_r08,factory_ark_combat_ark_cruiser_r08,Механик,8,factory_ark,Заводные Ковчеги,cruiser,combat_ark,combat_ark_cruiser,ship_blocks,5,1.00,1776022.00,0.00,1776022.00,1.776
craft_factory_ark_combat_ark_cruiser_r09,factory_ark_combat_ark_cruiser_r09,Рота,9,factory_ark,Заводные Ковчеги,cruiser,combat_ark,combat_ark_cruiser,ship_blocks,0,2.00,41865920.00,0.00,41865920.00,41.866
craft_factory_ark_combat_ark_cruiser_r09,factory_ark_combat_ark_cruiser_r09,Рота,9,factory_ark,Заводные Ковчеги,cruiser,combat_ark,combat_ark_cruiser,ship_blocks,1,1.80,36881513.00,0.00,36881513.00,36.882
craft_factory_ark_combat_ark_cruiser_r09,factory_ark_combat_ark_cruiser_r09,Рота,9,factory_ark,Заводные Ковчеги,cruiser,combat_ark,combat_ark_cruiser,ship_blocks,2,1.60,25223037.00,0.00,25223037.00,25.223
craft_factory_ark_combat_ark_cruiser_r09,factory_ark_combat_ark_cruiser_r09,Рота,9,factory_ark,Заводные Ковчеги,cruiser,combat_ark,combat_ark_cruiser,ship_blocks,3,1.40,17048949.00,0.00,17048949.00,17.049
craft_factory_ark_combat_ark_cruiser_r09,factory_ark_combat_ark_cruiser_r09,Рота,9,factory_ark,Заводные Ковчеги,cruiser,combat_ark,combat_ark_cruiser,ship_blocks,4,1.20,10568586.00,0.00,10568586.00,10.569
craft_factory_ark_combat_ark_cruiser_r09,factory_ark_combat_ark_cruiser_r09,Рота,9,factory_ark,Заводные Ковчеги,cruiser,combat_ark,combat_ark_cruiser,ship_blocks,5,1.00,4911848.00,0.00,4911848.00,4.912
craft_factory_ark_combat_ark_cruiser_r10,factory_ark_combat_ark_cruiser_r10,Армада,10,factory_ark,Заводные Ковчеги,cruiser,combat_ark,combat_ark_cruiser,faction_flagship_license,0,2.00,97060688.00,5600000.00,102660688.00,102.661
craft_factory_ark_combat_ark_cruiser_r10,factory_ark_combat_ark_cruiser_r10,Армада,10,factory_ark,Заводные Ковчеги,cruiser,combat_ark,combat_ark_cruiser,faction_flagship_license,1,1.80,82049650.00,5600000.00,87649650.00,87.650
craft_factory_ark_combat_ark_cruiser_r10,factory_ark_combat_ark_cruiser_r10,Армада,10,factory_ark,Заводные Ковчеги,cruiser,combat_ark,combat_ark_cruiser,faction_flagship_license,2,1.60,56280847.00,5600000.00,61880847.00,61.881
craft_factory_ark_combat_ark_cruiser_r10,factory_ark_combat_ark_cruiser_r10,Армада,10,factory_ark,Заводные Ковчеги,cruiser,combat_ark,combat_ark_cruiser,faction_flagship_license,3,1.40,38450092.00,5600000.00,44050092.00,44.050
craft_factory_ark_combat_ark_cruiser_r10,factory_ark_combat_ark_cruiser_r10,Армада,10,factory_ark,Заводные Ковчеги,cruiser,combat_ark,combat_ark_cruiser,faction_flagship_license,4,1.20,23937372.00,5600000.00,29537372.00,29.537
craft_factory_ark_combat_ark_cruiser_r10,factory_ark_combat_ark_cruiser_r10,Армада,10,factory_ark,Заводные Ковчеги,cruiser,combat_ark,combat_ark_cruiser,faction_flagship_license,5,1.00,11877642.00,5600000.00,17477642.00,17.478
craft_factory_ark_assault_cruiser_r02,factory_ark_assault_cruiser_r02,Штурм,2,factory_ark,Заводные Ковчеги,cruiser,assault,assault_cruiser,raw_resources,0,2.00,13220.00,0.00,13220.00,0.013
craft_factory_ark_assault_cruiser_r02,factory_ark_assault_cruiser_r02,Штурм,2,factory_ark,Заводные Ковчеги,cruiser,assault,assault_cruiser,raw_resources,1,1.80,12050.00,0.00,12050.00,0.012
craft_factory_ark_assault_cruiser_r02,factory_ark_assault_cruiser_r02,Штурм,2,factory_ark,Заводные Ковчеги,cruiser,assault,assault_cruiser,raw_resources,2,1.60,10810.00,0.00,10810.00,0.011
craft_factory_ark_assault_cruiser_r02,factory_ark_assault_cruiser_r02,Штурм,2,factory_ark,Заводные Ковчеги,cruiser,assault,assault_cruiser,raw_resources,3,1.40,9390.00,0.00,9390.00,0.009
craft_factory_ark_assault_cruiser_r02,factory_ark_assault_cruiser_r02,Штурм,2,factory_ark,Заводные Ковчеги,cruiser,assault,assault_cruiser,raw_resources,4,1.20,8150.00,0.00,8150.00,0.008
craft_factory_ark_assault_cruiser_r02,factory_ark_assault_cruiser_r02,Штурм,2,factory_ark,Заводные Ковчеги,cruiser,assault,assault_cruiser,raw_resources,5,1.00,6610.00,0.00,6610.00,0.007
craft_factory_ark_assault_cruiser_r03,factory_ark_assault_cruiser_r03,Клещи,3,factory_ark,Заводные Ковчеги,cruiser,assault,assault_cruiser,raw_resources,0,2.00,36280.00,0.00,36280.00,0.036
craft_factory_ark_assault_cruiser_r03,factory_ark_assault_cruiser_r03,Клещи,3,factory_ark,Заводные Ковчеги,cruiser,assault,assault_cruiser,raw_resources,1,1.80,32740.00,0.00,32740.00,0.033
craft_factory_ark_assault_cruiser_r03,factory_ark_assault_cruiser_r03,Клещи,3,factory_ark,Заводные Ковчеги,cruiser,assault,assault_cruiser,raw_resources,2,1.60,29140.00,0.00,29140.00,0.029
craft_factory_ark_assault_cruiser_r03,factory_ark_assault_cruiser_r03,Клещи,3,factory_ark,Заводные Ковчеги,cruiser,assault,assault_cruiser,raw_resources,3,1.40,25480.00,0.00,25480.00,0.025
craft_factory_ark_assault_cruiser_r03,factory_ark_assault_cruiser_r03,Клещи,3,factory_ark,Заводные Ковчеги,cruiser,assault,assault_cruiser,raw_resources,4,1.20,21880.00,0.00,21880.00,0.022
craft_factory_ark_assault_cruiser_r03,factory_ark_assault_cruiser_r03,Клещи,3,factory_ark,Заводные Ковчеги,cruiser,assault,assault_cruiser,raw_resources,5,1.00,18140.00,0.00,18140.00,0.018
craft_factory_ark_assault_cruiser_r04,factory_ark_assault_cruiser_r04,Привод,4,factory_ark,Заводные Ковчеги,cruiser,assault,assault_cruiser,prepared_materials,0,2.00,173868.00,0.00,173868.00,0.174
craft_factory_ark_assault_cruiser_r04,factory_ark_assault_cruiser_r04,Привод,4,factory_ark,Заводные Ковчеги,cruiser,assault,assault_cruiser,prepared_materials,1,1.80,149630.00,0.00,149630.00,0.150
craft_factory_ark_assault_cruiser_r04,factory_ark_assault_cruiser_r04,Привод,4,factory_ark,Заводные Ковчеги,cruiser,assault,assault_cruiser,prepared_materials,2,1.60,119133.00,0.00,119133.00,0.119
craft_factory_ark_assault_cruiser_r04,factory_ark_assault_cruiser_r04,Привод,4,factory_ark,Заводные Ковчеги,cruiser,assault,assault_cruiser,prepared_materials,3,1.40,92613.00,0.00,92613.00,0.093
craft_factory_ark_assault_cruiser_r04,factory_ark_assault_cruiser_r04,Привод,4,factory_ark,Заводные Ковчеги,cruiser,assault,assault_cruiser,prepared_materials,4,1.20,68982.00,0.00,68982.00,0.069
craft_factory_ark_assault_cruiser_r04,factory_ark_assault_cruiser_r04,Привод,4,factory_ark,Заводные Ковчеги,cruiser,assault,assault_cruiser,prepared_materials,5,1.00,43467.00,0.00,43467.00,0.043
craft_factory_ark_assault_cruiser_r05,factory_ark_assault_cruiser_r05,Грань,5,factory_ark,Заводные Ковчеги,cruiser,assault,assault_cruiser,prepared_materials,0,2.00,431152.00,0.00,431152.00,0.431
craft_factory_ark_assault_cruiser_r05,factory_ark_assault_cruiser_r05,Грань,5,factory_ark,Заводные Ковчеги,cruiser,assault,assault_cruiser,prepared_materials,1,1.80,369741.00,0.00,369741.00,0.370
craft_factory_ark_assault_cruiser_r05,factory_ark_assault_cruiser_r05,Грань,5,factory_ark,Заводные Ковчеги,cruiser,assault,assault_cruiser,prepared_materials,2,1.60,293959.00,0.00,293959.00,0.294
craft_factory_ark_assault_cruiser_r05,factory_ark_assault_cruiser_r05,Грань,5,factory_ark,Заводные Ковчеги,cruiser,assault,assault_cruiser,prepared_materials,3,1.40,228405.00,0.00,228405.00,0.228
craft_factory_ark_assault_cruiser_r05,factory_ark_assault_cruiser_r05,Грань,5,factory_ark,Заводные Ковчеги,cruiser,assault,assault_cruiser,prepared_materials,4,1.20,169750.00,0.00,169750.00,0.170
craft_factory_ark_assault_cruiser_r05,factory_ark_assault_cruiser_r05,Грань,5,factory_ark,Заводные Ковчеги,cruiser,assault,assault_cruiser,prepared_materials,5,1.00,107788.00,0.00,107788.00,0.108
craft_factory_ark_assault_cruiser_r06,factory_ark_assault_cruiser_r06,Импульс,6,factory_ark,Заводные Ковчеги,cruiser,assault,assault_cruiser,hull_and_machine_parts,0,2.00,1764512.00,0.00,1764512.00,1.765
craft_factory_ark_assault_cruiser_r06,factory_ark_assault_cruiser_r06,Импульс,6,factory_ark,Заводные Ковчеги,cruiser,assault,assault_cruiser,hull_and_machine_parts,1,1.80,1503069.00,0.00,1503069.00,1.503
craft_factory_ark_assault_cruiser_r06,factory_ark_assault_cruiser_r06,Импульс,6,factory_ark,Заводные Ковчеги,cruiser,assault,assault_cruiser,hull_and_machine_parts,2,1.60,1109909.00,0.00,1109909.00,1.110
craft_factory_ark_assault_cruiser_r06,factory_ark_assault_cruiser_r06,Импульс,6,factory_ark,Заводные Ковчеги,cruiser,assault,assault_cruiser,hull_and_machine_parts,3,1.40,780612.00,0.00,780612.00,0.781
craft_factory_ark_assault_cruiser_r06,factory_ark_assault_cruiser_r06,Импульс,6,factory_ark,Заводные Ковчеги,cruiser,assault,assault_cruiser,hull_and_machine_parts,4,1.20,530982.00,0.00,530982.00,0.531
craft_factory_ark_assault_cruiser_r06,factory_ark_assault_cruiser_r06,Импульс,6,factory_ark,Заводные Ковчеги,cruiser,assault,assault_cruiser,hull_and_machine_parts,5,1.00,286079.00,0.00,286079.00,0.286
craft_factory_ark_assault_cruiser_r07,factory_ark_assault_cruiser_r07,Врезка,7,factory_ark,Заводные Ковчеги,cruiser,assault,assault_cruiser,hull_and_machine_parts,0,2.00,4506744.00,0.00,4506744.00,4.507
craft_factory_ark_assault_cruiser_r07,factory_ark_assault_cruiser_r07,Врезка,7,factory_ark,Заводные Ковчеги,cruiser,assault,assault_cruiser,hull_and_machine_parts,1,1.80,3751795.00,0.00,3751795.00,3.752
craft_factory_ark_assault_cruiser_r07,factory_ark_assault_cruiser_r07,Врезка,7,factory_ark,Заводные Ковчеги,cruiser,assault,assault_cruiser,hull_and_machine_parts,2,1.60,2733981.00,0.00,2733981.00,2.734
craft_factory_ark_assault_cruiser_r07,factory_ark_assault_cruiser_r07,Врезка,7,factory_ark,Заводные Ковчеги,cruiser,assault,assault_cruiser,hull_and_machine_parts,3,1.40,1987968.00,0.00,1987968.00,1.988
craft_factory_ark_assault_cruiser_r07,factory_ark_assault_cruiser_r07,Врезка,7,factory_ark,Заводные Ковчеги,cruiser,assault,assault_cruiser,hull_and_machine_parts,4,1.20,1331196.00,0.00,1331196.00,1.331
craft_factory_ark_assault_cruiser_r07,factory_ark_assault_cruiser_r07,Врезка,7,factory_ark,Заводные Ковчеги,cruiser,assault,assault_cruiser,hull_and_machine_parts,5,1.00,738268.00,0.00,738268.00,0.738
craft_factory_ark_assault_cruiser_r08,factory_ark_assault_cruiser_r08,Жнец,8,factory_ark,Заводные Ковчеги,cruiser,assault,assault_cruiser,ship_blocks,0,2.00,14713648.00,0.00,14713648.00,14.714
craft_factory_ark_assault_cruiser_r08,factory_ark_assault_cruiser_r08,Жнец,8,factory_ark,Заводные Ковчеги,cruiser,assault,assault_cruiser,ship_blocks,1,1.80,13183278.00,0.00,13183278.00,13.183
craft_factory_ark_assault_cruiser_r08,factory_ark_assault_cruiser_r08,Жнец,8,factory_ark,Заводные Ковчеги,cruiser,assault,assault_cruiser,ship_blocks,2,1.60,9675800.00,0.00,9675800.00,9.676
craft_factory_ark_assault_cruiser_r08,factory_ark_assault_cruiser_r08,Жнец,8,factory_ark,Заводные Ковчеги,cruiser,assault,assault_cruiser,ship_blocks,3,1.40,6995965.00,0.00,6995965.00,6.996
craft_factory_ark_assault_cruiser_r08,factory_ark_assault_cruiser_r08,Жнец,8,factory_ark,Заводные Ковчеги,cruiser,assault,assault_cruiser,ship_blocks,4,1.20,4771678.00,0.00,4771678.00,4.772
craft_factory_ark_assault_cruiser_r08,factory_ark_assault_cruiser_r08,Жнец,8,factory_ark,Заводные Ковчеги,cruiser,assault,assault_cruiser,ship_blocks,5,1.00,1745991.00,0.00,1745991.00,1.746
craft_factory_ark_assault_cruiser_r09,factory_ark_assault_cruiser_r09,Пролом,9,factory_ark,Заводные Ковчеги,cruiser,assault,assault_cruiser,ship_blocks,0,2.00,39957328.00,0.00,39957328.00,39.957
craft_factory_ark_assault_cruiser_r09,factory_ark_assault_cruiser_r09,Пролом,9,factory_ark,Заводные Ковчеги,cruiser,assault,assault_cruiser,ship_blocks,1,1.80,35039949.00,0.00,35039949.00,35.040
craft_factory_ark_assault_cruiser_r09,factory_ark_assault_cruiser_r09,Пролом,9,factory_ark,Заводные Ковчеги,cruiser,assault,assault_cruiser,ship_blocks,2,1.60,24210339.00,0.00,24210339.00,24.210
craft_factory_ark_assault_cruiser_r09,factory_ark_assault_cruiser_r09,Пролом,9,factory_ark,Заводные Ковчеги,cruiser,assault,assault_cruiser,ship_blocks,3,1.40,15763179.00,0.00,15763179.00,15.763
craft_factory_ark_assault_cruiser_r09,factory_ark_assault_cruiser_r09,Пролом,9,factory_ark,Заводные Ковчеги,cruiser,assault,assault_cruiser,ship_blocks,4,1.20,9875646.00,0.00,9875646.00,9.876
craft_factory_ark_assault_cruiser_r09,factory_ark_assault_cruiser_r09,Пролом,9,factory_ark,Заводные Ковчеги,cruiser,assault,assault_cruiser,ship_blocks,5,1.00,4620577.00,0.00,4620577.00,4.621
craft_factory_ark_assault_cruiser_r10,factory_ark_assault_cruiser_r10,Авангард,10,factory_ark,Заводные Ковчеги,cruiser,assault,assault_cruiser,faction_flagship_license,0,2.00,90948888.00,5600000.00,96548888.00,96.549
craft_factory_ark_assault_cruiser_r10,factory_ark_assault_cruiser_r10,Авангард,10,factory_ark,Заводные Ковчеги,cruiser,assault,assault_cruiser,faction_flagship_license,1,1.80,76478688.00,5600000.00,82078688.00,82.079
craft_factory_ark_assault_cruiser_r10,factory_ark_assault_cruiser_r10,Авангард,10,factory_ark,Заводные Ковчеги,cruiser,assault,assault_cruiser,faction_flagship_license,2,1.60,52206379.00,5600000.00,57806379.00,57.806
craft_factory_ark_assault_cruiser_r10,factory_ark_assault_cruiser_r10,Авангард,10,factory_ark,Заводные Ковчеги,cruiser,assault,assault_cruiser,faction_flagship_license,3,1.40,35928896.00,5600000.00,41528896.00,41.529
craft_factory_ark_assault_cruiser_r10,factory_ark_assault_cruiser_r10,Авангард,10,factory_ark,Заводные Ковчеги,cruiser,assault,assault_cruiser,faction_flagship_license,4,1.20,22259862.00,5600000.00,27859862.00,27.860
craft_factory_ark_assault_cruiser_r10,factory_ark_assault_cruiser_r10,Авангард,10,factory_ark,Заводные Ковчеги,cruiser,assault,assault_cruiser,faction_flagship_license,5,1.00,10963501.00,5600000.00,16563501.00,16.564
craft_factory_ark_mechanized_citadel_battleship_r02,factory_ark_mechanized_citadel_battleship_r02,Станина,2,factory_ark,Заводные Ковчеги,battleship,mechanized_citadel,mechanized_citadel_battleship,raw_resources,0,2.00,19740.00,0.00,19740.00,0.020
craft_factory_ark_mechanized_citadel_battleship_r02,factory_ark_mechanized_citadel_battleship_r02,Станина,2,factory_ark,Заводные Ковчеги,battleship,mechanized_citadel,mechanized_citadel_battleship,raw_resources,1,1.80,17940.00,0.00,17940.00,0.018
craft_factory_ark_mechanized_citadel_battleship_r02,factory_ark_mechanized_citadel_battleship_r02,Станина,2,factory_ark,Заводные Ковчеги,battleship,mechanized_citadel,mechanized_citadel_battleship,raw_resources,2,1.60,16060.00,0.00,16060.00,0.016
craft_factory_ark_mechanized_citadel_battleship_r02,factory_ark_mechanized_citadel_battleship_r02,Станина,2,factory_ark,Заводные Ковчеги,battleship,mechanized_citadel,mechanized_citadel_battleship,raw_resources,3,1.40,13970.00,0.00,13970.00,0.014
craft_factory_ark_mechanized_citadel_battleship_r02,factory_ark_mechanized_citadel_battleship_r02,Станина,2,factory_ark,Заводные Ковчеги,battleship,mechanized_citadel,mechanized_citadel_battleship,raw_resources,4,1.20,12090.00,0.00,12090.00,0.012
craft_factory_ark_mechanized_citadel_battleship_r02,factory_ark_mechanized_citadel_battleship_r02,Станина,2,factory_ark,Заводные Ковчеги,battleship,mechanized_citadel,mechanized_citadel_battleship,raw_resources,5,1.00,9870.00,0.00,9870.00,0.010
craft_factory_ark_mechanized_citadel_battleship_r03,factory_ark_mechanized_citadel_battleship_r03,Доминант,3,factory_ark,Заводные Ковчеги,battleship,mechanized_citadel,mechanized_citadel_battleship,raw_resources,0,2.00,51900.00,0.00,51900.00,0.052
craft_factory_ark_mechanized_citadel_battleship_r03,factory_ark_mechanized_citadel_battleship_r03,Доминант,3,factory_ark,Заводные Ковчеги,battleship,mechanized_citadel,mechanized_citadel_battleship,raw_resources,1,1.80,47010.00,0.00,47010.00,0.047
craft_factory_ark_mechanized_citadel_battleship_r03,factory_ark_mechanized_citadel_battleship_r03,Доминант,3,factory_ark,Заводные Ковчеги,battleship,mechanized_citadel,mechanized_citadel_battleship,raw_resources,2,1.60,41740.00,0.00,41740.00,0.042
craft_factory_ark_mechanized_citadel_battleship_r03,factory_ark_mechanized_citadel_battleship_r03,Доминант,3,factory_ark,Заводные Ковчеги,battleship,mechanized_citadel,mechanized_citadel_battleship,raw_resources,3,1.40,36520.00,0.00,36520.00,0.037
craft_factory_ark_mechanized_citadel_battleship_r03,factory_ark_mechanized_citadel_battleship_r03,Доминант,3,factory_ark,Заводные Ковчеги,battleship,mechanized_citadel,mechanized_citadel_battleship,raw_resources,4,1.20,31250.00,0.00,31250.00,0.031
craft_factory_ark_mechanized_citadel_battleship_r03,factory_ark_mechanized_citadel_battleship_r03,Доминант,3,factory_ark,Заводные Ковчеги,battleship,mechanized_citadel,mechanized_citadel_battleship,raw_resources,5,1.00,25950.00,0.00,25950.00,0.026
craft_factory_ark_mechanized_citadel_battleship_r04,factory_ark_mechanized_citadel_battleship_r04,Центурион,4,factory_ark,Заводные Ковчеги,battleship,mechanized_citadel,mechanized_citadel_battleship,prepared_materials,0,2.00,270628.00,0.00,270628.00,0.271
craft_factory_ark_mechanized_citadel_battleship_r04,factory_ark_mechanized_citadel_battleship_r04,Центурион,4,factory_ark,Заводные Ковчеги,battleship,mechanized_citadel,mechanized_citadel_battleship,prepared_materials,1,1.80,232595.00,0.00,232595.00,0.233
craft_factory_ark_mechanized_citadel_battleship_r04,factory_ark_mechanized_citadel_battleship_r04,Центурион,4,factory_ark,Заводные Ковчеги,battleship,mechanized_citadel,mechanized_citadel_battleship,prepared_materials,2,1.60,185835.00,0.00,185835.00,0.186
craft_factory_ark_mechanized_citadel_battleship_r04,factory_ark_mechanized_citadel_battleship_r04,Центурион,4,factory_ark,Заводные Ковчеги,battleship,mechanized_citadel,mechanized_citadel_battleship,prepared_materials,3,1.40,143390.00,0.00,143390.00,0.143
craft_factory_ark_mechanized_citadel_battleship_r04,factory_ark_mechanized_citadel_battleship_r04,Центурион,4,factory_ark,Заводные Ковчеги,battleship,mechanized_citadel,mechanized_citadel_battleship,prepared_materials,4,1.20,107223.00,0.00,107223.00,0.107
craft_factory_ark_mechanized_citadel_battleship_r04,factory_ark_mechanized_citadel_battleship_r04,Центурион,4,factory_ark,Заводные Ковчеги,battleship,mechanized_citadel,mechanized_citadel_battleship,prepared_materials,5,1.00,67657.00,0.00,67657.00,0.068
craft_factory_ark_mechanized_citadel_battleship_r05,factory_ark_mechanized_citadel_battleship_r05,Механос,5,factory_ark,Заводные Ковчеги,battleship,mechanized_citadel,mechanized_citadel_battleship,prepared_materials,0,2.00,651252.00,0.00,651252.00,0.651
craft_factory_ark_mechanized_citadel_battleship_r05,factory_ark_mechanized_citadel_battleship_r05,Механос,5,factory_ark,Заводные Ковчеги,battleship,mechanized_citadel,mechanized_citadel_battleship,prepared_materials,1,1.80,558224.00,0.00,558224.00,0.558
craft_factory_ark_mechanized_citadel_battleship_r05,factory_ark_mechanized_citadel_battleship_r05,Механос,5,factory_ark,Заводные Ковчеги,battleship,mechanized_citadel,mechanized_citadel_battleship,prepared_materials,2,1.60,445263.00,0.00,445263.00,0.445
craft_factory_ark_mechanized_citadel_battleship_r05,factory_ark_mechanized_citadel_battleship_r05,Механос,5,factory_ark,Заводные Ковчеги,battleship,mechanized_citadel,mechanized_citadel_battleship,prepared_materials,3,1.40,344416.00,0.00,344416.00,0.344
craft_factory_ark_mechanized_citadel_battleship_r05,factory_ark_mechanized_citadel_battleship_r05,Механос,5,factory_ark,Заводные Ковчеги,battleship,mechanized_citadel,mechanized_citadel_battleship,prepared_materials,4,1.20,257036.00,0.00,257036.00,0.257
craft_factory_ark_mechanized_citadel_battleship_r05,factory_ark_mechanized_citadel_battleship_r05,Механос,5,factory_ark,Заводные Ковчеги,battleship,mechanized_citadel,mechanized_citadel_battleship,prepared_materials,5,1.00,162813.00,0.00,162813.00,0.163
craft_factory_ark_mechanized_citadel_battleship_r06,factory_ark_mechanized_citadel_battleship_r06,Башня,6,factory_ark,Заводные Ковчеги,battleship,mechanized_citadel,mechanized_citadel_battleship,hull_and_machine_parts,0,2.00,2519808.00,0.00,2519808.00,2.520
craft_factory_ark_mechanized_citadel_battleship_r06,factory_ark_mechanized_citadel_battleship_r06,Башня,6,factory_ark,Заводные Ковчеги,battleship,mechanized_citadel,mechanized_citadel_battleship,hull_and_machine_parts,1,1.80,2134765.00,0.00,2134765.00,2.135
craft_factory_ark_mechanized_citadel_battleship_r06,factory_ark_mechanized_citadel_battleship_r06,Башня,6,factory_ark,Заводные Ковчеги,battleship,mechanized_citadel,mechanized_citadel_battleship,hull_and_machine_parts,2,1.60,1543281.00,0.00,1543281.00,1.543
craft_factory_ark_mechanized_citadel_battleship_r06,factory_ark_mechanized_citadel_battleship_r06,Башня,6,factory_ark,Заводные Ковчеги,battleship,mechanized_citadel,mechanized_citadel_battleship,hull_and_machine_parts,3,1.40,1125161.00,0.00,1125161.00,1.125
craft_factory_ark_mechanized_citadel_battleship_r06,factory_ark_mechanized_citadel_battleship_r06,Башня,6,factory_ark,Заводные Ковчеги,battleship,mechanized_citadel,mechanized_citadel_battleship,hull_and_machine_parts,4,1.20,744658.00,0.00,744658.00,0.745
craft_factory_ark_mechanized_citadel_battleship_r06,factory_ark_mechanized_citadel_battleship_r06,Башня,6,factory_ark,Заводные Ковчеги,battleship,mechanized_citadel,mechanized_citadel_battleship,hull_and_machine_parts,5,1.00,407725.00,0.00,407725.00,0.408
craft_factory_ark_mechanized_citadel_battleship_r07,factory_ark_mechanized_citadel_battleship_r07,Кастелян,7,factory_ark,Заводные Ковчеги,battleship,mechanized_citadel,mechanized_citadel_battleship,hull_and_machine_parts,0,2.00,6099336.00,0.00,6099336.00,6.099
craft_factory_ark_mechanized_citadel_battleship_r07,factory_ark_mechanized_citadel_battleship_r07,Кастелян,7,factory_ark,Заводные Ковчеги,battleship,mechanized_citadel,mechanized_citadel_battleship,hull_and_machine_parts,1,1.80,5103649.00,0.00,5103649.00,5.104
craft_factory_ark_mechanized_citadel_battleship_r07,factory_ark_mechanized_citadel_battleship_r07,Кастелян,7,factory_ark,Заводные Ковчеги,battleship,mechanized_citadel,mechanized_citadel_battleship,hull_and_machine_parts,2,1.60,3701296.00,0.00,3701296.00,3.701
craft_factory_ark_mechanized_citadel_battleship_r07,factory_ark_mechanized_citadel_battleship_r07,Кастелян,7,factory_ark,Заводные Ковчеги,battleship,mechanized_citadel,mechanized_citadel_battleship,hull_and_machine_parts,3,1.40,2655905.00,0.00,2655905.00,2.656
craft_factory_ark_mechanized_citadel_battleship_r07,factory_ark_mechanized_citadel_battleship_r07,Кастелян,7,factory_ark,Заводные Ковчеги,battleship,mechanized_citadel,mechanized_citadel_battleship,hull_and_machine_parts,4,1.20,1763648.00,0.00,1763648.00,1.764
craft_factory_ark_mechanized_citadel_battleship_r07,factory_ark_mechanized_citadel_battleship_r07,Кастелян,7,factory_ark,Заводные Ковчеги,battleship,mechanized_citadel,mechanized_citadel_battleship,hull_and_machine_parts,5,1.00,980200.00,0.00,980200.00,0.980
craft_factory_ark_mechanized_citadel_battleship_r08,factory_ark_mechanized_citadel_battleship_r08,Легат,8,factory_ark,Заводные Ковчеги,battleship,mechanized_citadel,mechanized_citadel_battleship,ship_blocks,0,2.00,23169864.00,0.00,23169864.00,23.170
craft_factory_ark_mechanized_citadel_battleship_r08,factory_ark_mechanized_citadel_battleship_r08,Легат,8,factory_ark,Заводные Ковчеги,battleship,mechanized_citadel,mechanized_citadel_battleship,ship_blocks,1,1.80,20213378.00,0.00,20213378.00,20.213
craft_factory_ark_mechanized_citadel_battleship_r08,factory_ark_mechanized_citadel_battleship_r08,Легат,8,factory_ark,Заводные Ковчеги,battleship,mechanized_citadel,mechanized_citadel_battleship,ship_blocks,2,1.60,14588999.00,0.00,14588999.00,14.589
craft_factory_ark_mechanized_citadel_battleship_r08,factory_ark_mechanized_citadel_battleship_r08,Легат,8,factory_ark,Заводные Ковчеги,battleship,mechanized_citadel,mechanized_citadel_battleship,ship_blocks,3,1.40,9867838.00,0.00,9867838.00,9.868
craft_factory_ark_mechanized_citadel_battleship_r08,factory_ark_mechanized_citadel_battleship_r08,Легат,8,factory_ark,Заводные Ковчеги,battleship,mechanized_citadel,mechanized_citadel_battleship,ship_blocks,4,1.20,6582404.00,0.00,6582404.00,6.582
craft_factory_ark_mechanized_citadel_battleship_r08,factory_ark_mechanized_citadel_battleship_r08,Легат,8,factory_ark,Заводные Ковчеги,battleship,mechanized_citadel,mechanized_citadel_battleship,ship_blocks,5,1.00,2634481.00,0.00,2634481.00,2.634
craft_factory_ark_mechanized_citadel_battleship_r09,factory_ark_mechanized_citadel_battleship_r09,Цитадель,9,factory_ark,Заводные Ковчеги,battleship,mechanized_citadel,mechanized_citadel_battleship,ship_blocks,0,2.00,57404936.00,0.00,57404936.00,57.405
craft_factory_ark_mechanized_citadel_battleship_r09,factory_ark_mechanized_citadel_battleship_r09,Цитадель,9,factory_ark,Заводные Ковчеги,battleship,mechanized_citadel,mechanized_citadel_battleship,ship_blocks,1,1.80,49250164.00,0.00,49250164.00,49.250
craft_factory_ark_mechanized_citadel_battleship_r09,factory_ark_mechanized_citadel_battleship_r09,Цитадель,9,factory_ark,Заводные Ковчеги,battleship,mechanized_citadel,mechanized_citadel_battleship,ship_blocks,2,1.60,32798999.00,0.00,32798999.00,32.799
craft_factory_ark_mechanized_citadel_battleship_r09,factory_ark_mechanized_citadel_battleship_r09,Цитадель,9,factory_ark,Заводные Ковчеги,battleship,mechanized_citadel,mechanized_citadel_battleship,ship_blocks,3,1.40,23011769.00,0.00,23011769.00,23.012
craft_factory_ark_mechanized_citadel_battleship_r09,factory_ark_mechanized_citadel_battleship_r09,Цитадель,9,factory_ark,Заводные Ковчеги,battleship,mechanized_citadel,mechanized_citadel_battleship,ship_blocks,4,1.20,13827290.00,0.00,13827290.00,13.827
craft_factory_ark_mechanized_citadel_battleship_r09,factory_ark_mechanized_citadel_battleship_r09,Цитадель,9,factory_ark,Заводные Ковчеги,battleship,mechanized_citadel,mechanized_citadel_battleship,ship_blocks,5,1.00,6498845.00,0.00,6498845.00,6.499
craft_factory_ark_mechanized_citadel_battleship_r10,factory_ark_mechanized_citadel_battleship_r10,Архимашина,10,factory_ark,Заводные Ковчеги,battleship,mechanized_citadel,mechanized_citadel_battleship,faction_flagship_license,0,2.00,136664984.00,5600000.00,142264984.00,142.265
craft_factory_ark_mechanized_citadel_battleship_r10,factory_ark_mechanized_citadel_battleship_r10,Архимашина,10,factory_ark,Заводные Ковчеги,battleship,mechanized_citadel,mechanized_citadel_battleship,faction_flagship_license,1,1.80,113600971.00,5600000.00,119200971.00,119.201
craft_factory_ark_mechanized_citadel_battleship_r10,factory_ark_mechanized_citadel_battleship_r10,Архимашина,10,factory_ark,Заводные Ковчеги,battleship,mechanized_citadel,mechanized_citadel_battleship,faction_flagship_license,2,1.60,78758724.00,5600000.00,84358724.00,84.359
craft_factory_ark_mechanized_citadel_battleship_r10,factory_ark_mechanized_citadel_battleship_r10,Архимашина,10,factory_ark,Заводные Ковчеги,battleship,mechanized_citadel,mechanized_citadel_battleship,faction_flagship_license,3,1.40,52652276.00,5600000.00,58252276.00,58.252
craft_factory_ark_mechanized_citadel_battleship_r10,factory_ark_mechanized_citadel_battleship_r10,Архимашина,10,factory_ark,Заводные Ковчеги,battleship,mechanized_citadel,mechanized_citadel_battleship,faction_flagship_license,4,1.20,33203570.00,5600000.00,38803570.00,38.804
craft_factory_ark_mechanized_citadel_battleship_r10,factory_ark_mechanized_citadel_battleship_r10,Архимашина,10,factory_ark,Заводные Ковчеги,battleship,mechanized_citadel,mechanized_citadel_battleship,faction_flagship_license,5,1.00,16284963.00,5600000.00,21884963.00,21.885
craft_factory_ark_automaton_factory_battleship_r02,factory_ark_automaton_factory_battleship_r02,Цех,2,factory_ark,Заводные Ковчеги,battleship,automaton_factory,automaton_factory_battleship,raw_resources,0,2.00,19840.00,0.00,19840.00,0.020
craft_factory_ark_automaton_factory_battleship_r02,factory_ark_automaton_factory_battleship_r02,Цех,2,factory_ark,Заводные Ковчеги,battleship,automaton_factory,automaton_factory_battleship,raw_resources,1,1.80,17970.00,0.00,17970.00,0.018
craft_factory_ark_automaton_factory_battleship_r02,factory_ark_automaton_factory_battleship_r02,Цех,2,factory_ark,Заводные Ковчеги,battleship,automaton_factory,automaton_factory_battleship,raw_resources,2,1.60,16040.00,0.00,16040.00,0.016
craft_factory_ark_automaton_factory_battleship_r02,factory_ark_automaton_factory_battleship_r02,Цех,2,factory_ark,Заводные Ковчеги,battleship,automaton_factory,automaton_factory_battleship,raw_resources,3,1.40,14100.00,0.00,14100.00,0.014
craft_factory_ark_automaton_factory_battleship_r02,factory_ark_automaton_factory_battleship_r02,Цех,2,factory_ark,Заводные Ковчеги,battleship,automaton_factory,automaton_factory_battleship,raw_resources,4,1.20,12170.00,0.00,12170.00,0.012
craft_factory_ark_automaton_factory_battleship_r02,factory_ark_automaton_factory_battleship_r02,Цех,2,factory_ark,Заводные Ковчеги,battleship,automaton_factory,automaton_factory_battleship,raw_resources,5,1.00,9920.00,0.00,9920.00,0.010
craft_factory_ark_automaton_factory_battleship_r03,factory_ark_automaton_factory_battleship_r03,Верстак,3,factory_ark,Заводные Ковчеги,battleship,automaton_factory,automaton_factory_battleship,raw_resources,0,2.00,54640.00,0.00,54640.00,0.055
craft_factory_ark_automaton_factory_battleship_r03,factory_ark_automaton_factory_battleship_r03,Верстак,3,factory_ark,Заводные Ковчеги,battleship,automaton_factory,automaton_factory_battleship,raw_resources,1,1.80,49310.00,0.00,49310.00,0.049
craft_factory_ark_automaton_factory_battleship_r03,factory_ark_automaton_factory_battleship_r03,Верстак,3,factory_ark,Заводные Ковчеги,battleship,automaton_factory,automaton_factory_battleship,raw_resources,2,1.60,43840.00,0.00,43840.00,0.044
craft_factory_ark_automaton_factory_battleship_r03,factory_ark_automaton_factory_battleship_r03,Верстак,3,factory_ark,Заводные Ковчеги,battleship,automaton_factory,automaton_factory_battleship,raw_resources,3,1.40,38340.00,0.00,38340.00,0.038
craft_factory_ark_automaton_factory_battleship_r03,factory_ark_automaton_factory_battleship_r03,Верстак,3,factory_ark,Заводные Ковчеги,battleship,automaton_factory,automaton_factory_battleship,raw_resources,4,1.20,32870.00,0.00,32870.00,0.033
craft_factory_ark_automaton_factory_battleship_r03,factory_ark_automaton_factory_battleship_r03,Верстак,3,factory_ark,Заводные Ковчеги,battleship,automaton_factory,automaton_factory_battleship,raw_resources,5,1.00,27320.00,0.00,27320.00,0.027
craft_factory_ark_automaton_factory_battleship_r04,factory_ark_automaton_factory_battleship_r04,Конвейер,4,factory_ark,Заводные Ковчеги,battleship,automaton_factory,automaton_factory_battleship,prepared_materials,0,2.00,277068.00,0.00,277068.00,0.277
craft_factory_ark_automaton_factory_battleship_r04,factory_ark_automaton_factory_battleship_r04,Конвейер,4,factory_ark,Заводные Ковчеги,battleship,automaton_factory,automaton_factory_battleship,prepared_materials,1,1.80,238356.00,0.00,238356.00,0.238
craft_factory_ark_automaton_factory_battleship_r04,factory_ark_automaton_factory_battleship_r04,Конвейер,4,factory_ark,Заводные Ковчеги,battleship,automaton_factory,automaton_factory_battleship,prepared_materials,2,1.60,191478.00,0.00,191478.00,0.191
craft_factory_ark_automaton_factory_battleship_r04,factory_ark_automaton_factory_battleship_r04,Конвейер,4,factory_ark,Заводные Ковчеги,battleship,automaton_factory,automaton_factory_battleship,prepared_materials,3,1.40,147818.00,0.00,147818.00,0.148
craft_factory_ark_automaton_factory_battleship_r04,factory_ark_automaton_factory_battleship_r04,Конвейер,4,factory_ark,Заводные Ковчеги,battleship,automaton_factory,automaton_factory_battleship,prepared_materials,4,1.20,111405.00,0.00,111405.00,0.111
craft_factory_ark_automaton_factory_battleship_r04,factory_ark_automaton_factory_battleship_r04,Конвейер,4,factory_ark,Заводные Ковчеги,battleship,automaton_factory,automaton_factory_battleship,prepared_materials,5,1.00,71087.00,0.00,71087.00,0.071
craft_factory_ark_automaton_factory_battleship_r05,factory_ark_automaton_factory_battleship_r05,Автомат,5,factory_ark,Заводные Ковчеги,battleship,automaton_factory,automaton_factory_battleship,prepared_materials,0,2.00,643464.00,0.00,643464.00,0.643
craft_factory_ark_automaton_factory_battleship_r05,factory_ark_automaton_factory_battleship_r05,Автомат,5,factory_ark,Заводные Ковчеги,battleship,automaton_factory,automaton_factory_battleship,prepared_materials,1,1.80,552358.00,0.00,552358.00,0.552
craft_factory_ark_automaton_factory_battleship_r05,factory_ark_automaton_factory_battleship_r05,Автомат,5,factory_ark,Заводные Ковчеги,battleship,automaton_factory,automaton_factory_battleship,prepared_materials,2,1.60,441908.00,0.00,441908.00,0.442
craft_factory_ark_automaton_factory_battleship_r05,factory_ark_automaton_factory_battleship_r05,Автомат,5,factory_ark,Заводные Ковчеги,battleship,automaton_factory,automaton_factory_battleship,prepared_materials,3,1.40,339698.00,0.00,339698.00,0.340
craft_factory_ark_automaton_factory_battleship_r05,factory_ark_automaton_factory_battleship_r05,Автомат,5,factory_ark,Заводные Ковчеги,battleship,automaton_factory,automaton_factory_battleship,prepared_materials,4,1.20,254360.00,0.00,254360.00,0.254
craft_factory_ark_automaton_factory_battleship_r05,factory_ark_automaton_factory_battleship_r05,Автомат,5,factory_ark,Заводные Ковчеги,battleship,automaton_factory,automaton_factory_battleship,prepared_materials,5,1.00,160866.00,0.00,160866.00,0.161
craft_factory_ark_automaton_factory_battleship_r06,factory_ark_automaton_factory_battleship_r06,Сборка,6,factory_ark,Заводные Ковчеги,battleship,automaton_factory,automaton_factory_battleship,hull_and_machine_parts,0,2.00,2633800.00,0.00,2633800.00,2.634
craft_factory_ark_automaton_factory_battleship_r06,factory_ark_automaton_factory_battleship_r06,Сборка,6,factory_ark,Заводные Ковчеги,battleship,automaton_factory,automaton_factory_battleship,hull_and_machine_parts,1,1.80,2223853.00,0.00,2223853.00,2.224
craft_factory_ark_automaton_factory_battleship_r06,factory_ark_automaton_factory_battleship_r06,Сборка,6,factory_ark,Заводные Ковчеги,battleship,automaton_factory,automaton_factory_battleship,hull_and_machine_parts,2,1.60,1614834.00,0.00,1614834.00,1.615
craft_factory_ark_automaton_factory_battleship_r06,factory_ark_automaton_factory_battleship_r06,Сборка,6,factory_ark,Заводные Ковчеги,battleship,automaton_factory,automaton_factory_battleship,hull_and_machine_parts,3,1.40,1184884.00,0.00,1184884.00,1.185
craft_factory_ark_automaton_factory_battleship_r06,factory_ark_automaton_factory_battleship_r06,Сборка,6,factory_ark,Заводные Ковчеги,battleship,automaton_factory,automaton_factory_battleship,hull_and_machine_parts,4,1.20,791222.00,0.00,791222.00,0.791
craft_factory_ark_automaton_factory_battleship_r06,factory_ark_automaton_factory_battleship_r06,Сборка,6,factory_ark,Заводные Ковчеги,battleship,automaton_factory,automaton_factory_battleship,hull_and_machine_parts,5,1.00,426776.00,0.00,426776.00,0.427
craft_factory_ark_automaton_factory_battleship_r07,factory_ark_automaton_factory_battleship_r07,Манипулятор,7,factory_ark,Заводные Ковчеги,battleship,automaton_factory,automaton_factory_battleship,hull_and_machine_parts,0,2.00,6704432.00,0.00,6704432.00,6.704
craft_factory_ark_automaton_factory_battleship_r07,factory_ark_automaton_factory_battleship_r07,Манипулятор,7,factory_ark,Заводные Ковчеги,battleship,automaton_factory,automaton_factory_battleship,hull_and_machine_parts,1,1.80,5626396.00,0.00,5626396.00,5.626
craft_factory_ark_automaton_factory_battleship_r07,factory_ark_automaton_factory_battleship_r07,Манипулятор,7,factory_ark,Заводные Ковчеги,battleship,automaton_factory,automaton_factory_battleship,hull_and_machine_parts,2,1.60,4078539.00,0.00,4078539.00,4.079
craft_factory_ark_automaton_factory_battleship_r07,factory_ark_automaton_factory_battleship_r07,Манипулятор,7,factory_ark,Заводные Ковчеги,battleship,automaton_factory,automaton_factory_battleship,hull_and_machine_parts,3,1.40,2950106.00,0.00,2950106.00,2.950
craft_factory_ark_automaton_factory_battleship_r07,factory_ark_automaton_factory_battleship_r07,Манипулятор,7,factory_ark,Заводные Ковчеги,battleship,automaton_factory,automaton_factory_battleship,hull_and_machine_parts,4,1.20,1958368.00,0.00,1958368.00,1.958
craft_factory_ark_automaton_factory_battleship_r07,factory_ark_automaton_factory_battleship_r07,Манипулятор,7,factory_ark,Заводные Ковчеги,battleship,automaton_factory,automaton_factory_battleship,hull_and_machine_parts,5,1.00,1087797.00,0.00,1087797.00,1.088
craft_factory_ark_automaton_factory_battleship_r08,factory_ark_automaton_factory_battleship_r08,Фабрикатор,8,factory_ark,Заводные Ковчеги,battleship,automaton_factory,automaton_factory_battleship,ship_blocks,0,2.00,24871000.00,0.00,24871000.00,24.871
craft_factory_ark_automaton_factory_battleship_r08,factory_ark_automaton_factory_battleship_r08,Фабрикатор,8,factory_ark,Заводные Ковчеги,battleship,automaton_factory,automaton_factory_battleship,ship_blocks,1,1.80,21763522.00,0.00,21763522.00,21.764
craft_factory_ark_automaton_factory_battleship_r08,factory_ark_automaton_factory_battleship_r08,Фабрикатор,8,factory_ark,Заводные Ковчеги,battleship,automaton_factory,automaton_factory_battleship,ship_blocks,2,1.60,15315484.00,0.00,15315484.00,15.315
craft_factory_ark_automaton_factory_battleship_r08,factory_ark_automaton_factory_battleship_r08,Фабрикатор,8,factory_ark,Заводные Ковчеги,battleship,automaton_factory,automaton_factory_battleship,ship_blocks,3,1.40,10513141.00,0.00,10513141.00,10.513
craft_factory_ark_automaton_factory_battleship_r08,factory_ark_automaton_factory_battleship_r08,Фабрикатор,8,factory_ark,Заводные Ковчеги,battleship,automaton_factory,automaton_factory_battleship,ship_blocks,4,1.20,6782144.00,0.00,6782144.00,6.782
craft_factory_ark_automaton_factory_battleship_r08,factory_ark_automaton_factory_battleship_r08,Фабрикатор,8,factory_ark,Заводные Ковчеги,battleship,automaton_factory,automaton_factory_battleship,ship_blocks,5,1.00,2886054.00,0.00,2886054.00,2.886
craft_factory_ark_automaton_factory_battleship_r09,factory_ark_automaton_factory_battleship_r09,Мануфактор,9,factory_ark,Заводные Ковчеги,battleship,automaton_factory,automaton_factory_battleship,ship_blocks,0,2.00,56724936.00,0.00,56724936.00,56.725
craft_factory_ark_automaton_factory_battleship_r09,factory_ark_automaton_factory_battleship_r09,Мануфактор,9,factory_ark,Заводные Ковчеги,battleship,automaton_factory,automaton_factory_battleship,ship_blocks,1,1.80,48542331.00,0.00,48542331.00,48.542
craft_factory_ark_automaton_factory_battleship_r09,factory_ark_automaton_factory_battleship_r09,Мануфактор,9,factory_ark,Заводные Ковчеги,battleship,automaton_factory,automaton_factory_battleship,ship_blocks,2,1.60,32942638.00,0.00,32942638.00,32.943
craft_factory_ark_automaton_factory_battleship_r09,factory_ark_automaton_factory_battleship_r09,Мануфактор,9,factory_ark,Заводные Ковчеги,battleship,automaton_factory,automaton_factory_battleship,ship_blocks,3,1.40,22347517.00,0.00,22347517.00,22.348
craft_factory_ark_automaton_factory_battleship_r09,factory_ark_automaton_factory_battleship_r09,Мануфактор,9,factory_ark,Заводные Ковчеги,battleship,automaton_factory,automaton_factory_battleship,ship_blocks,4,1.20,13714008.00,0.00,13714008.00,13.714
craft_factory_ark_automaton_factory_battleship_r09,factory_ark_automaton_factory_battleship_r09,Мануфактор,9,factory_ark,Заводные Ковчеги,battleship,automaton_factory,automaton_factory_battleship,ship_blocks,5,1.00,6476038.00,0.00,6476038.00,6.476
craft_factory_ark_automaton_factory_battleship_r10,factory_ark_automaton_factory_battleship_r10,Фабрика,10,factory_ark,Заводные Ковчеги,battleship,automaton_factory,automaton_factory_battleship,faction_flagship_license,0,2.00,148658176.00,5600000.00,154258176.00,154.258
craft_factory_ark_automaton_factory_battleship_r10,factory_ark_automaton_factory_battleship_r10,Фабрика,10,factory_ark,Заводные Ковчеги,battleship,automaton_factory,automaton_factory_battleship,faction_flagship_license,1,1.80,122691724.00,5600000.00,128291724.00,128.292
craft_factory_ark_automaton_factory_battleship_r10,factory_ark_automaton_factory_battleship_r10,Фабрика,10,factory_ark,Заводные Ковчеги,battleship,automaton_factory,automaton_factory_battleship,faction_flagship_license,2,1.60,84504239.00,5600000.00,90104239.00,90.104
craft_factory_ark_automaton_factory_battleship_r10,factory_ark_automaton_factory_battleship_r10,Фабрика,10,factory_ark,Заводные Ковчеги,battleship,automaton_factory,automaton_factory_battleship,faction_flagship_license,3,1.40,56726890.00,5600000.00,62326890.00,62.327
craft_factory_ark_automaton_factory_battleship_r10,factory_ark_automaton_factory_battleship_r10,Фабрика,10,factory_ark,Заводные Ковчеги,battleship,automaton_factory,automaton_factory_battleship,faction_flagship_license,4,1.20,35461690.00,5600000.00,41061690.00,41.062
craft_factory_ark_automaton_factory_battleship_r10,factory_ark_automaton_factory_battleship_r10,Фабрика,10,factory_ark,Заводные Ковчеги,battleship,automaton_factory,automaton_factory_battleship,faction_flagship_license,5,1.00,17892177.00,5600000.00,23492177.00,23.492
craft_devourers_harpoon_frigate_r02,devourers_harpoon_frigate_r02,Крючок,2,devourers,Пожиратели,frigate,harpoon,harpoon_frigate,raw_resources,0,2.00,9660.00,0.00,9660.00,0.010
craft_devourers_harpoon_frigate_r02,devourers_harpoon_frigate_r02,Крючок,2,devourers,Пожиратели,frigate,harpoon,harpoon_frigate,raw_resources,1,1.80,8950.00,0.00,8950.00,0.009
craft_devourers_harpoon_frigate_r02,devourers_harpoon_frigate_r02,Крючок,2,devourers,Пожиратели,frigate,harpoon,harpoon_frigate,raw_resources,2,1.60,8160.00,0.00,8160.00,0.008
craft_devourers_harpoon_frigate_r02,devourers_harpoon_frigate_r02,Крючок,2,devourers,Пожиратели,frigate,harpoon,harpoon_frigate,raw_resources,3,1.40,6920.00,0.00,6920.00,0.007
craft_devourers_harpoon_frigate_r02,devourers_harpoon_frigate_r02,Крючок,2,devourers,Пожиратели,frigate,harpoon,harpoon_frigate,raw_resources,4,1.20,6130.00,0.00,6130.00,0.006
craft_devourers_harpoon_frigate_r02,devourers_harpoon_frigate_r02,Крючок,2,devourers,Пожиратели,frigate,harpoon,harpoon_frigate,raw_resources,5,1.00,4830.00,0.00,4830.00,0.005
craft_devourers_harpoon_frigate_r03,devourers_harpoon_frigate_r03,Зубец,3,devourers,Пожиратели,frigate,harpoon,harpoon_frigate,raw_resources,0,2.00,25300.00,0.00,25300.00,0.025
craft_devourers_harpoon_frigate_r03,devourers_harpoon_frigate_r03,Зубец,3,devourers,Пожиратели,frigate,harpoon,harpoon_frigate,raw_resources,1,1.80,22930.00,0.00,22930.00,0.023
craft_devourers_harpoon_frigate_r03,devourers_harpoon_frigate_r03,Зубец,3,devourers,Пожиратели,frigate,harpoon,harpoon_frigate,raw_resources,2,1.60,20390.00,0.00,20390.00,0.020
craft_devourers_harpoon_frigate_r03,devourers_harpoon_frigate_r03,Зубец,3,devourers,Пожиратели,frigate,harpoon,harpoon_frigate,raw_resources,3,1.40,17920.00,0.00,17920.00,0.018
craft_devourers_harpoon_frigate_r03,devourers_harpoon_frigate_r03,Зубец,3,devourers,Пожиратели,frigate,harpoon,harpoon_frigate,raw_resources,4,1.20,15380.00,0.00,15380.00,0.015
craft_devourers_harpoon_frigate_r03,devourers_harpoon_frigate_r03,Зубец,3,devourers,Пожиратели,frigate,harpoon,harpoon_frigate,raw_resources,5,1.00,12650.00,0.00,12650.00,0.013
craft_devourers_harpoon_frigate_r04,devourers_harpoon_frigate_r04,Канат,4,devourers,Пожиратели,frigate,harpoon,harpoon_frigate,prepared_materials,0,2.00,133304.00,0.00,133304.00,0.133
craft_devourers_harpoon_frigate_r04,devourers_harpoon_frigate_r04,Канат,4,devourers,Пожиратели,frigate,harpoon,harpoon_frigate,prepared_materials,1,1.80,115698.00,0.00,115698.00,0.116
craft_devourers_harpoon_frigate_r04,devourers_harpoon_frigate_r04,Канат,4,devourers,Пожиратели,frigate,harpoon,harpoon_frigate,prepared_materials,2,1.60,91582.00,0.00,91582.00,0.092
craft_devourers_harpoon_frigate_r04,devourers_harpoon_frigate_r04,Канат,4,devourers,Пожиратели,frigate,harpoon,harpoon_frigate,prepared_materials,3,1.40,71899.00,0.00,71899.00,0.072
craft_devourers_harpoon_frigate_r04,devourers_harpoon_frigate_r04,Канат,4,devourers,Пожиратели,frigate,harpoon,harpoon_frigate,prepared_materials,4,1.20,53206.00,0.00,53206.00,0.053
craft_devourers_harpoon_frigate_r04,devourers_harpoon_frigate_r04,Канат,4,devourers,Пожиратели,frigate,harpoon,harpoon_frigate,prepared_materials,5,1.00,34166.00,0.00,34166.00,0.034
craft_devourers_harpoon_frigate_r05,devourers_harpoon_frigate_r05,Улов,5,devourers,Пожиратели,frigate,harpoon,harpoon_frigate,prepared_materials,0,2.00,308852.00,0.00,308852.00,0.309
craft_devourers_harpoon_frigate_r05,devourers_harpoon_frigate_r05,Улов,5,devourers,Пожиратели,frigate,harpoon,harpoon_frigate,prepared_materials,1,1.80,267624.00,0.00,267624.00,0.268
craft_devourers_harpoon_frigate_r05,devourers_harpoon_frigate_r05,Улов,5,devourers,Пожиратели,frigate,harpoon,harpoon_frigate,prepared_materials,2,1.60,211389.00,0.00,211389.00,0.211
craft_devourers_harpoon_frigate_r05,devourers_harpoon_frigate_r05,Улов,5,devourers,Пожиратели,frigate,harpoon,harpoon_frigate,prepared_materials,3,1.40,165508.00,0.00,165508.00,0.166
craft_devourers_harpoon_frigate_r05,devourers_harpoon_frigate_r05,Улов,5,devourers,Пожиратели,frigate,harpoon,harpoon_frigate,prepared_materials,4,1.20,122030.00,0.00,122030.00,0.122
craft_devourers_harpoon_frigate_r05,devourers_harpoon_frigate_r05,Улов,5,devourers,Пожиратели,frigate,harpoon,harpoon_frigate,prepared_materials,5,1.00,78893.00,0.00,78893.00,0.079
craft_devourers_harpoon_frigate_r06,devourers_harpoon_frigate_r06,Гарпун,6,devourers,Пожиратели,frigate,harpoon,harpoon_frigate,hull_and_machine_parts,0,2.00,1247256.00,0.00,1247256.00,1.247
craft_devourers_harpoon_frigate_r06,devourers_harpoon_frigate_r06,Гарпун,6,devourers,Пожиратели,frigate,harpoon,harpoon_frigate,hull_and_machine_parts,1,1.80,1069990.00,0.00,1069990.00,1.070
craft_devourers_harpoon_frigate_r06,devourers_harpoon_frigate_r06,Гарпун,6,devourers,Пожиратели,frigate,harpoon,harpoon_frigate,hull_and_machine_parts,2,1.60,801279.00,0.00,801279.00,0.801
craft_devourers_harpoon_frigate_r06,devourers_harpoon_frigate_r06,Гарпун,6,devourers,Пожиратели,frigate,harpoon,harpoon_frigate,hull_and_machine_parts,3,1.40,567905.00,0.00,567905.00,0.568
craft_devourers_harpoon_frigate_r06,devourers_harpoon_frigate_r06,Гарпун,6,devourers,Пожиратели,frigate,harpoon,harpoon_frigate,hull_and_machine_parts,4,1.20,394858.00,0.00,394858.00,0.395
craft_devourers_harpoon_frigate_r06,devourers_harpoon_frigate_r06,Гарпун,6,devourers,Пожиратели,frigate,harpoon,harpoon_frigate,hull_and_machine_parts,5,1.00,207002.00,0.00,207002.00,0.207
craft_devourers_harpoon_frigate_r07,devourers_harpoon_frigate_r07,Рывкач,7,devourers,Пожиратели,frigate,harpoon,harpoon_frigate,hull_and_machine_parts,0,2.00,3184232.00,0.00,3184232.00,3.184
craft_devourers_harpoon_frigate_r07,devourers_harpoon_frigate_r07,Рывкач,7,devourers,Пожиратели,frigate,harpoon,harpoon_frigate,hull_and_machine_parts,1,1.80,2675130.00,0.00,2675130.00,2.675
craft_devourers_harpoon_frigate_r07,devourers_harpoon_frigate_r07,Рывкач,7,devourers,Пожиратели,frigate,harpoon,harpoon_frigate,hull_and_machine_parts,2,1.60,1955929.00,0.00,1955929.00,1.956
craft_devourers_harpoon_frigate_r07,devourers_harpoon_frigate_r07,Рывкач,7,devourers,Пожиратели,frigate,harpoon,harpoon_frigate,hull_and_machine_parts,3,1.40,1409898.00,0.00,1409898.00,1.410
craft_devourers_harpoon_frigate_r07,devourers_harpoon_frigate_r07,Рывкач,7,devourers,Пожиратели,frigate,harpoon,harpoon_frigate,hull_and_machine_parts,4,1.20,946522.00,0.00,946522.00,0.947
craft_devourers_harpoon_frigate_r07,devourers_harpoon_frigate_r07,Рывкач,7,devourers,Пожиратели,frigate,harpoon,harpoon_frigate,hull_and_machine_parts,5,1.00,525819.00,0.00,525819.00,0.526
craft_devourers_harpoon_frigate_r08,devourers_harpoon_frigate_r08,Ловчий,8,devourers,Пожиратели,frigate,harpoon,harpoon_frigate,ship_blocks,0,2.00,11598128.00,0.00,11598128.00,11.598
craft_devourers_harpoon_frigate_r08,devourers_harpoon_frigate_r08,Ловчий,8,devourers,Пожиратели,frigate,harpoon,harpoon_frigate,ship_blocks,1,1.80,10431814.00,0.00,10431814.00,10.432
craft_devourers_harpoon_frigate_r08,devourers_harpoon_frigate_r08,Ловчий,8,devourers,Пожиратели,frigate,harpoon,harpoon_frigate,ship_blocks,2,1.60,7886955.00,0.00,7886955.00,7.887
craft_devourers_harpoon_frigate_r08,devourers_harpoon_frigate_r08,Ловчий,8,devourers,Пожиратели,frigate,harpoon,harpoon_frigate,ship_blocks,3,1.40,5390070.00,0.00,5390070.00,5.390
craft_devourers_harpoon_frigate_r08,devourers_harpoon_frigate_r08,Ловчий,8,devourers,Пожиратели,frigate,harpoon,harpoon_frigate,ship_blocks,4,1.20,3792686.00,0.00,3792686.00,3.793
craft_devourers_harpoon_frigate_r08,devourers_harpoon_frigate_r08,Ловчий,8,devourers,Пожиратели,frigate,harpoon,harpoon_frigate,ship_blocks,5,1.00,1354879.00,0.00,1354879.00,1.355
craft_devourers_harpoon_frigate_r09,devourers_harpoon_frigate_r09,Хват,9,devourers,Пожиратели,frigate,harpoon,harpoon_frigate,ship_blocks,0,2.00,29764088.00,0.00,29764088.00,29.764
craft_devourers_harpoon_frigate_r09,devourers_harpoon_frigate_r09,Хват,9,devourers,Пожиратели,frigate,harpoon,harpoon_frigate,ship_blocks,1,1.80,25956804.00,0.00,25956804.00,25.957
craft_devourers_harpoon_frigate_r09,devourers_harpoon_frigate_r09,Хват,9,devourers,Пожиратели,frigate,harpoon,harpoon_frigate,ship_blocks,2,1.60,17983332.00,0.00,17983332.00,17.983
craft_devourers_harpoon_frigate_r09,devourers_harpoon_frigate_r09,Хват,9,devourers,Пожиратели,frigate,harpoon,harpoon_frigate,ship_blocks,3,1.40,11732518.00,0.00,11732518.00,11.733
craft_devourers_harpoon_frigate_r09,devourers_harpoon_frigate_r09,Хват,9,devourers,Пожиратели,frigate,harpoon,harpoon_frigate,ship_blocks,4,1.20,7391468.00,0.00,7391468.00,7.391
craft_devourers_harpoon_frigate_r09,devourers_harpoon_frigate_r09,Хват,9,devourers,Пожиратели,frigate,harpoon,harpoon_frigate,ship_blocks,5,1.00,3425632.00,0.00,3425632.00,3.426
craft_devourers_harpoon_frigate_r10,devourers_harpoon_frigate_r10,Крюк,10,devourers,Пожиратели,frigate,harpoon,harpoon_frigate,faction_flagship_license,0,2.00,74212072.00,5600000.00,79812072.00,79.812
craft_devourers_harpoon_frigate_r10,devourers_harpoon_frigate_r10,Крюк,10,devourers,Пожиратели,frigate,harpoon,harpoon_frigate,faction_flagship_license,1,1.80,62543570.00,5600000.00,68143570.00,68.144
craft_devourers_harpoon_frigate_r10,devourers_harpoon_frigate_r10,Крюк,10,devourers,Пожиратели,frigate,harpoon,harpoon_frigate,faction_flagship_license,2,1.60,43318959.00,5600000.00,48918959.00,48.919
craft_devourers_harpoon_frigate_r10,devourers_harpoon_frigate_r10,Крюк,10,devourers,Пожиратели,frigate,harpoon,harpoon_frigate,faction_flagship_license,3,1.40,28728540.00,5600000.00,34328540.00,34.329
craft_devourers_harpoon_frigate_r10,devourers_harpoon_frigate_r10,Крюк,10,devourers,Пожиратели,frigate,harpoon,harpoon_frigate,faction_flagship_license,4,1.20,18081480.00,5600000.00,23681480.00,23.681
craft_devourers_harpoon_frigate_r10,devourers_harpoon_frigate_r10,Крюк,10,devourers,Пожиратели,frigate,harpoon,harpoon_frigate,faction_flagship_license,5,1.00,8903042.00,5600000.00,14503042.00,14.503
craft_devourers_brawler_frigate_r02,devourers_brawler_frigate_r02,Кулак,2,devourers,Пожиратели,frigate,brawler,brawler_frigate,raw_resources,0,2.00,9660.00,0.00,9660.00,0.010
craft_devourers_brawler_frigate_r02,devourers_brawler_frigate_r02,Кулак,2,devourers,Пожиратели,frigate,brawler,brawler_frigate,raw_resources,1,1.80,8910.00,0.00,8910.00,0.009
craft_devourers_brawler_frigate_r02,devourers_brawler_frigate_r02,Кулак,2,devourers,Пожиратели,frigate,brawler,brawler_frigate,raw_resources,2,1.60,8140.00,0.00,8140.00,0.008
craft_devourers_brawler_frigate_r02,devourers_brawler_frigate_r02,Кулак,2,devourers,Пожиратели,frigate,brawler,brawler_frigate,raw_resources,3,1.40,7020.00,0.00,7020.00,0.007
craft_devourers_brawler_frigate_r02,devourers_brawler_frigate_r02,Кулак,2,devourers,Пожиратели,frigate,brawler,brawler_frigate,raw_resources,4,1.20,6250.00,0.00,6250.00,0.006
craft_devourers_brawler_frigate_r02,devourers_brawler_frigate_r02,Кулак,2,devourers,Пожиратели,frigate,brawler,brawler_frigate,raw_resources,5,1.00,4830.00,0.00,4830.00,0.005
craft_devourers_brawler_frigate_r03,devourers_brawler_frigate_r03,Драчун,3,devourers,Пожиратели,frigate,brawler,brawler_frigate,raw_resources,0,2.00,24380.00,0.00,24380.00,0.024
craft_devourers_brawler_frigate_r03,devourers_brawler_frigate_r03,Драчун,3,devourers,Пожиратели,frigate,brawler,brawler_frigate,raw_resources,1,1.80,22170.00,0.00,22170.00,0.022
craft_devourers_brawler_frigate_r03,devourers_brawler_frigate_r03,Драчун,3,devourers,Пожиратели,frigate,brawler,brawler_frigate,raw_resources,2,1.60,19780.00,0.00,19780.00,0.020
craft_devourers_brawler_frigate_r03,devourers_brawler_frigate_r03,Драчун,3,devourers,Пожиратели,frigate,brawler,brawler_frigate,raw_resources,3,1.40,17280.00,0.00,17280.00,0.017
craft_devourers_brawler_frigate_r03,devourers_brawler_frigate_r03,Драчун,3,devourers,Пожиратели,frigate,brawler,brawler_frigate,raw_resources,4,1.20,14890.00,0.00,14890.00,0.015
craft_devourers_brawler_frigate_r03,devourers_brawler_frigate_r03,Драчун,3,devourers,Пожиратели,frigate,brawler,brawler_frigate,raw_resources,5,1.00,12190.00,0.00,12190.00,0.012
craft_devourers_brawler_frigate_r04,devourers_brawler_frigate_r04,Тесак,4,devourers,Пожиратели,frigate,brawler,brawler_frigate,prepared_materials,0,2.00,120520.00,0.00,120520.00,0.121
craft_devourers_brawler_frigate_r04,devourers_brawler_frigate_r04,Тесак,4,devourers,Пожиратели,frigate,brawler,brawler_frigate,prepared_materials,1,1.80,104652.00,0.00,104652.00,0.105
craft_devourers_brawler_frigate_r04,devourers_brawler_frigate_r04,Тесак,4,devourers,Пожиратели,frigate,brawler,brawler_frigate,prepared_materials,2,1.60,81932.00,0.00,81932.00,0.082
craft_devourers_brawler_frigate_r04,devourers_brawler_frigate_r04,Тесак,4,devourers,Пожиратели,frigate,brawler,brawler_frigate,prepared_materials,3,1.40,65372.00,0.00,65372.00,0.065
craft_devourers_brawler_frigate_r04,devourers_brawler_frigate_r04,Тесак,4,devourers,Пожиратели,frigate,brawler,brawler_frigate,prepared_materials,4,1.20,47712.00,0.00,47712.00,0.048
craft_devourers_brawler_frigate_r04,devourers_brawler_frigate_r04,Тесак,4,devourers,Пожиратели,frigate,brawler,brawler_frigate,prepared_materials,5,1.00,30720.00,0.00,30720.00,0.031
craft_devourers_brawler_frigate_r05,devourers_brawler_frigate_r05,Кабан,5,devourers,Пожиратели,frigate,brawler,brawler_frigate,prepared_materials,0,2.00,328088.00,0.00,328088.00,0.328
craft_devourers_brawler_frigate_r05,devourers_brawler_frigate_r05,Кабан,5,devourers,Пожиратели,frigate,brawler,brawler_frigate,prepared_materials,1,1.80,282412.00,0.00,282412.00,0.282
craft_devourers_brawler_frigate_r05,devourers_brawler_frigate_r05,Кабан,5,devourers,Пожиратели,frigate,brawler,brawler_frigate,prepared_materials,2,1.60,221618.00,0.00,221618.00,0.222
craft_devourers_brawler_frigate_r05,devourers_brawler_frigate_r05,Кабан,5,devourers,Пожиратели,frigate,brawler,brawler_frigate,prepared_materials,3,1.40,173963.00,0.00,173963.00,0.174
craft_devourers_brawler_frigate_r05,devourers_brawler_frigate_r05,Кабан,5,devourers,Пожиратели,frigate,brawler,brawler_frigate,prepared_materials,4,1.20,127040.00,0.00,127040.00,0.127
craft_devourers_brawler_frigate_r05,devourers_brawler_frigate_r05,Кабан,5,devourers,Пожиратели,frigate,brawler,brawler_frigate,prepared_materials,5,1.00,82022.00,0.00,82022.00,0.082
craft_devourers_brawler_frigate_r06,devourers_brawler_frigate_r06,Лом,6,devourers,Пожиратели,frigate,brawler,brawler_frigate,hull_and_machine_parts,0,2.00,1181400.00,0.00,1181400.00,1.181
craft_devourers_brawler_frigate_r06,devourers_brawler_frigate_r06,Лом,6,devourers,Пожиратели,frigate,brawler,brawler_frigate,hull_and_machine_parts,1,1.80,997160.00,0.00,997160.00,0.997
craft_devourers_brawler_frigate_r06,devourers_brawler_frigate_r06,Лом,6,devourers,Пожиратели,frigate,brawler,brawler_frigate,hull_and_machine_parts,2,1.60,749985.00,0.00,749985.00,0.750
craft_devourers_brawler_frigate_r06,devourers_brawler_frigate_r06,Лом,6,devourers,Пожиратели,frigate,brawler,brawler_frigate,hull_and_machine_parts,3,1.40,529695.00,0.00,529695.00,0.530
craft_devourers_brawler_frigate_r06,devourers_brawler_frigate_r06,Лом,6,devourers,Пожиратели,frigate,brawler,brawler_frigate,hull_and_machine_parts,4,1.20,371368.00,0.00,371368.00,0.371
craft_devourers_brawler_frigate_r06,devourers_brawler_frigate_r06,Лом,6,devourers,Пожиратели,frigate,brawler,brawler_frigate,hull_and_machine_parts,5,1.00,196127.00,0.00,196127.00,0.196
craft_devourers_brawler_frigate_r07,devourers_brawler_frigate_r07,Рубака,7,devourers,Пожиратели,frigate,brawler,brawler_frigate,hull_and_machine_parts,0,2.00,3156000.00,0.00,3156000.00,3.156
craft_devourers_brawler_frigate_r07,devourers_brawler_frigate_r07,Рубака,7,devourers,Пожиратели,frigate,brawler,brawler_frigate,hull_and_machine_parts,1,1.80,2625589.00,0.00,2625589.00,2.626
craft_devourers_brawler_frigate_r07,devourers_brawler_frigate_r07,Рубака,7,devourers,Пожиратели,frigate,brawler,brawler_frigate,hull_and_machine_parts,2,1.60,1902812.00,0.00,1902812.00,1.903
craft_devourers_brawler_frigate_r07,devourers_brawler_frigate_r07,Рубака,7,devourers,Пожиратели,frigate,brawler,brawler_frigate,hull_and_machine_parts,3,1.40,1371885.00,0.00,1371885.00,1.372
craft_devourers_brawler_frigate_r07,devourers_brawler_frigate_r07,Рубака,7,devourers,Пожиратели,frigate,brawler,brawler_frigate,hull_and_machine_parts,4,1.20,910524.00,0.00,910524.00,0.911
craft_devourers_brawler_frigate_r07,devourers_brawler_frigate_r07,Рубака,7,devourers,Пожиратели,frigate,brawler,brawler_frigate,hull_and_machine_parts,5,1.00,505075.00,0.00,505075.00,0.505
craft_devourers_brawler_frigate_r08,devourers_brawler_frigate_r08,Кромсач,8,devourers,Пожиратели,frigate,brawler,brawler_frigate,ship_blocks,0,2.00,11360824.00,0.00,11360824.00,11.361
craft_devourers_brawler_frigate_r08,devourers_brawler_frigate_r08,Кромсач,8,devourers,Пожиратели,frigate,brawler,brawler_frigate,ship_blocks,1,1.80,10222347.00,0.00,10222347.00,10.222
craft_devourers_brawler_frigate_r08,devourers_brawler_frigate_r08,Кромсач,8,devourers,Пожиратели,frigate,brawler,brawler_frigate,ship_blocks,2,1.60,7740386.00,0.00,7740386.00,7.740
craft_devourers_brawler_frigate_r08,devourers_brawler_frigate_r08,Кромсач,8,devourers,Пожиратели,frigate,brawler,brawler_frigate,ship_blocks,3,1.40,5317285.00,0.00,5317285.00,5.317
craft_devourers_brawler_frigate_r08,devourers_brawler_frigate_r08,Кромсач,8,devourers,Пожиратели,frigate,brawler,brawler_frigate,ship_blocks,4,1.20,3746962.00,0.00,3746962.00,3.747
craft_devourers_brawler_frigate_r08,devourers_brawler_frigate_r08,Кромсач,8,devourers,Пожиратели,frigate,brawler,brawler_frigate,ship_blocks,5,1.00,1328086.00,0.00,1328086.00,1.328
craft_devourers_brawler_frigate_r09,devourers_brawler_frigate_r09,Бугай,9,devourers,Пожиратели,frigate,brawler,brawler_frigate,ship_blocks,0,2.00,27502656.00,0.00,27502656.00,27.503
craft_devourers_brawler_frigate_r09,devourers_brawler_frigate_r09,Бугай,9,devourers,Пожиратели,frigate,brawler,brawler_frigate,ship_blocks,1,1.80,23872558.00,0.00,23872558.00,23.873
craft_devourers_brawler_frigate_r09,devourers_brawler_frigate_r09,Бугай,9,devourers,Пожиратели,frigate,brawler,brawler_frigate,ship_blocks,2,1.60,16433256.00,0.00,16433256.00,16.433
craft_devourers_brawler_frigate_r09,devourers_brawler_frigate_r09,Бугай,9,devourers,Пожиратели,frigate,brawler,brawler_frigate,ship_blocks,3,1.40,11181889.00,0.00,11181889.00,11.182
craft_devourers_brawler_frigate_r09,devourers_brawler_frigate_r09,Бугай,9,devourers,Пожиратели,frigate,brawler,brawler_frigate,ship_blocks,4,1.20,7020184.00,0.00,7020184.00,7.020
craft_devourers_brawler_frigate_r09,devourers_brawler_frigate_r09,Бугай,9,devourers,Пожиратели,frigate,brawler,brawler_frigate,ship_blocks,5,1.00,3198106.00,0.00,3198106.00,3.198
craft_devourers_brawler_frigate_r10,devourers_brawler_frigate_r10,Бойня,10,devourers,Пожиратели,frigate,brawler,brawler_frigate,faction_flagship_license,0,2.00,66672404.00,5600000.00,72272404.00,72.272
craft_devourers_brawler_frigate_r10,devourers_brawler_frigate_r10,Бойня,10,devourers,Пожиратели,frigate,brawler,brawler_frigate,faction_flagship_license,1,1.80,56475595.00,5600000.00,62075595.00,62.076
craft_devourers_brawler_frigate_r10,devourers_brawler_frigate_r10,Бойня,10,devourers,Пожиратели,frigate,brawler,brawler_frigate,faction_flagship_license,2,1.60,39213018.00,5600000.00,44813018.00,44.813
craft_devourers_brawler_frigate_r10,devourers_brawler_frigate_r10,Бойня,10,devourers,Пожиратели,frigate,brawler,brawler_frigate,faction_flagship_license,3,1.40,26437056.00,5600000.00,32037056.00,32.037
craft_devourers_brawler_frigate_r10,devourers_brawler_frigate_r10,Бойня,10,devourers,Пожиратели,frigate,brawler,brawler_frigate,faction_flagship_license,4,1.20,16730908.00,5600000.00,22330908.00,22.331
craft_devourers_brawler_frigate_r10,devourers_brawler_frigate_r10,Бойня,10,devourers,Пожиратели,frigate,brawler,brawler_frigate,faction_flagship_license,5,1.00,8129057.00,5600000.00,13729057.00,13.729
craft_devourers_ore_hauler_frigate_r02,devourers_ore_hauler_frigate_r02,Короб,2,devourers,Пожиратели,frigate,ore_hauler,ore_hauler_frigate,raw_resources,0,2.00,9620.00,0.00,9620.00,0.010
craft_devourers_ore_hauler_frigate_r02,devourers_ore_hauler_frigate_r02,Короб,2,devourers,Пожиратели,frigate,ore_hauler,ore_hauler_frigate,raw_resources,1,1.80,8790.00,0.00,8790.00,0.009
craft_devourers_ore_hauler_frigate_r02,devourers_ore_hauler_frigate_r02,Короб,2,devourers,Пожиратели,frigate,ore_hauler,ore_hauler_frigate,raw_resources,2,1.60,7940.00,0.00,7940.00,0.008
craft_devourers_ore_hauler_frigate_r02,devourers_ore_hauler_frigate_r02,Короб,2,devourers,Пожиратели,frigate,ore_hauler,ore_hauler_frigate,raw_resources,3,1.40,6940.00,0.00,6940.00,0.007
craft_devourers_ore_hauler_frigate_r02,devourers_ore_hauler_frigate_r02,Короб,2,devourers,Пожиратели,frigate,ore_hauler,ore_hauler_frigate,raw_resources,4,1.20,6090.00,0.00,6090.00,0.006
craft_devourers_ore_hauler_frigate_r02,devourers_ore_hauler_frigate_r02,Короб,2,devourers,Пожиратели,frigate,ore_hauler,ore_hauler_frigate,raw_resources,5,1.00,4810.00,0.00,4810.00,0.005
craft_devourers_ore_hauler_frigate_r03,devourers_ore_hauler_frigate_r03,Мешок,3,devourers,Пожиратели,frigate,ore_hauler,ore_hauler_frigate,raw_resources,0,2.00,23660.00,0.00,23660.00,0.024
craft_devourers_ore_hauler_frigate_r03,devourers_ore_hauler_frigate_r03,Мешок,3,devourers,Пожиратели,frigate,ore_hauler,ore_hauler_frigate,raw_resources,1,1.80,21490.00,0.00,21490.00,0.021
craft_devourers_ore_hauler_frigate_r03,devourers_ore_hauler_frigate_r03,Мешок,3,devourers,Пожиратели,frigate,ore_hauler,ore_hauler_frigate,raw_resources,2,1.60,19200.00,0.00,19200.00,0.019
craft_devourers_ore_hauler_frigate_r03,devourers_ore_hauler_frigate_r03,Мешок,3,devourers,Пожиратели,frigate,ore_hauler,ore_hauler_frigate,raw_resources,3,1.40,16720.00,0.00,16720.00,0.017
craft_devourers_ore_hauler_frigate_r03,devourers_ore_hauler_frigate_r03,Мешок,3,devourers,Пожиратели,frigate,ore_hauler,ore_hauler_frigate,raw_resources,4,1.20,14430.00,0.00,14430.00,0.014
craft_devourers_ore_hauler_frigate_r03,devourers_ore_hauler_frigate_r03,Мешок,3,devourers,Пожиратели,frigate,ore_hauler,ore_hauler_frigate,raw_resources,5,1.00,11830.00,0.00,11830.00,0.012
craft_devourers_ore_hauler_frigate_r04,devourers_ore_hauler_frigate_r04,Тюк,4,devourers,Пожиратели,frigate,ore_hauler,ore_hauler_frigate,prepared_materials,0,2.00,122628.00,0.00,122628.00,0.123
craft_devourers_ore_hauler_frigate_r04,devourers_ore_hauler_frigate_r04,Тюк,4,devourers,Пожиратели,frigate,ore_hauler,ore_hauler_frigate,prepared_materials,1,1.80,105850.00,0.00,105850.00,0.106
craft_devourers_ore_hauler_frigate_r04,devourers_ore_hauler_frigate_r04,Тюк,4,devourers,Пожиратели,frigate,ore_hauler,ore_hauler_frigate,prepared_materials,2,1.60,83740.00,0.00,83740.00,0.084
craft_devourers_ore_hauler_frigate_r04,devourers_ore_hauler_frigate_r04,Тюк,4,devourers,Пожиратели,frigate,ore_hauler,ore_hauler_frigate,prepared_materials,3,1.40,65545.00,0.00,65545.00,0.066
craft_devourers_ore_hauler_frigate_r04,devourers_ore_hauler_frigate_r04,Тюк,4,devourers,Пожиратели,frigate,ore_hauler,ore_hauler_frigate,prepared_materials,4,1.20,48432.00,0.00,48432.00,0.048
craft_devourers_ore_hauler_frigate_r04,devourers_ore_hauler_frigate_r04,Тюк,4,devourers,Пожиратели,frigate,ore_hauler,ore_hauler_frigate,prepared_materials,5,1.00,31447.00,0.00,31447.00,0.031
craft_devourers_ore_hauler_frigate_r05,devourers_ore_hauler_frigate_r05,Сани,5,devourers,Пожиратели,frigate,ore_hauler,ore_hauler_frigate,prepared_materials,0,2.00,299520.00,0.00,299520.00,0.300
craft_devourers_ore_hauler_frigate_r05,devourers_ore_hauler_frigate_r05,Сани,5,devourers,Пожиратели,frigate,ore_hauler,ore_hauler_frigate,prepared_materials,1,1.80,257600.00,0.00,257600.00,0.258
craft_devourers_ore_hauler_frigate_r05,devourers_ore_hauler_frigate_r05,Сани,5,devourers,Пожиратели,frigate,ore_hauler,ore_hauler_frigate,prepared_materials,2,1.60,203697.00,0.00,203697.00,0.204
craft_devourers_ore_hauler_frigate_r05,devourers_ore_hauler_frigate_r05,Сани,5,devourers,Пожиратели,frigate,ore_hauler,ore_hauler_frigate,prepared_materials,3,1.40,158271.00,0.00,158271.00,0.158
craft_devourers_ore_hauler_frigate_r05,devourers_ore_hauler_frigate_r05,Сани,5,devourers,Пожиратели,frigate,ore_hauler,ore_hauler_frigate,prepared_materials,4,1.20,116686.00,0.00,116686.00,0.117
craft_devourers_ore_hauler_frigate_r05,devourers_ore_hauler_frigate_r05,Сани,5,devourers,Пожиратели,frigate,ore_hauler,ore_hauler_frigate,prepared_materials,5,1.00,74880.00,0.00,74880.00,0.075
craft_devourers_ore_hauler_frigate_r06,devourers_ore_hauler_frigate_r06,Кузов,6,devourers,Пожиратели,frigate,ore_hauler,ore_hauler_frigate,hull_and_machine_parts,0,2.00,1142344.00,0.00,1142344.00,1.142
craft_devourers_ore_hauler_frigate_r06,devourers_ore_hauler_frigate_r06,Кузов,6,devourers,Пожиратели,frigate,ore_hauler,ore_hauler_frigate,hull_and_machine_parts,1,1.80,976735.00,0.00,976735.00,0.977
craft_devourers_ore_hauler_frigate_r06,devourers_ore_hauler_frigate_r06,Кузов,6,devourers,Пожиратели,frigate,ore_hauler,ore_hauler_frigate,hull_and_machine_parts,2,1.60,725482.00,0.00,725482.00,0.725
craft_devourers_ore_hauler_frigate_r06,devourers_ore_hauler_frigate_r06,Кузов,6,devourers,Пожиратели,frigate,ore_hauler,ore_hauler_frigate,hull_and_machine_parts,3,1.40,509411.00,0.00,509411.00,0.509
craft_devourers_ore_hauler_frigate_r06,devourers_ore_hauler_frigate_r06,Кузов,6,devourers,Пожиратели,frigate,ore_hauler,ore_hauler_frigate,hull_and_machine_parts,4,1.20,350644.00,0.00,350644.00,0.351
craft_devourers_ore_hauler_frigate_r06,devourers_ore_hauler_frigate_r06,Кузов,6,devourers,Пожиратели,frigate,ore_hauler,ore_hauler_frigate,hull_and_machine_parts,5,1.00,181697.00,0.00,181697.00,0.182
craft_devourers_ore_hauler_frigate_r07,devourers_ore_hauler_frigate_r07,Бурдюк,7,devourers,Пожиратели,frigate,ore_hauler,ore_hauler_frigate,hull_and_machine_parts,0,2.00,2899800.00,0.00,2899800.00,2.900
craft_devourers_ore_hauler_frigate_r07,devourers_ore_hauler_frigate_r07,Бурдюк,7,devourers,Пожиратели,frigate,ore_hauler,ore_hauler_frigate,hull_and_machine_parts,1,1.80,2440543.00,0.00,2440543.00,2.441
craft_devourers_ore_hauler_frigate_r07,devourers_ore_hauler_frigate_r07,Бурдюк,7,devourers,Пожиратели,frigate,ore_hauler,ore_hauler_frigate,hull_and_machine_parts,2,1.60,1771612.00,0.00,1771612.00,1.772
craft_devourers_ore_hauler_frigate_r07,devourers_ore_hauler_frigate_r07,Бурдюк,7,devourers,Пожиратели,frigate,ore_hauler,ore_hauler_frigate,hull_and_machine_parts,3,1.40,1282088.00,0.00,1282088.00,1.282
craft_devourers_ore_hauler_frigate_r07,devourers_ore_hauler_frigate_r07,Бурдюк,7,devourers,Пожиратели,frigate,ore_hauler,ore_hauler_frigate,hull_and_machine_parts,4,1.20,853998.00,0.00,853998.00,0.854
craft_devourers_ore_hauler_frigate_r07,devourers_ore_hauler_frigate_r07,Бурдюк,7,devourers,Пожиратели,frigate,ore_hauler,ore_hauler_frigate,hull_and_machine_parts,5,1.00,462265.00,0.00,462265.00,0.462
craft_devourers_ore_hauler_frigate_r08,devourers_ore_hauler_frigate_r08,Грузень,8,devourers,Пожиратели,frigate,ore_hauler,ore_hauler_frigate,ship_blocks,0,2.00,11720544.00,0.00,11720544.00,11.721
craft_devourers_ore_hauler_frigate_r08,devourers_ore_hauler_frigate_r08,Грузень,8,devourers,Пожиратели,frigate,ore_hauler,ore_hauler_frigate,ship_blocks,1,1.80,10492276.00,0.00,10492276.00,10.492
craft_devourers_ore_hauler_frigate_r08,devourers_ore_hauler_frigate_r08,Грузень,8,devourers,Пожиратели,frigate,ore_hauler,ore_hauler_frigate,ship_blocks,2,1.60,7610751.00,0.00,7610751.00,7.611
craft_devourers_ore_hauler_frigate_r08,devourers_ore_hauler_frigate_r08,Грузень,8,devourers,Пожиратели,frigate,ore_hauler,ore_hauler_frigate,ship_blocks,3,1.40,5639467.00,0.00,5639467.00,5.639
craft_devourers_ore_hauler_frigate_r08,devourers_ore_hauler_frigate_r08,Грузень,8,devourers,Пожиратели,frigate,ore_hauler,ore_hauler_frigate,ship_blocks,4,1.20,3808428.00,0.00,3808428.00,3.808
craft_devourers_ore_hauler_frigate_r08,devourers_ore_hauler_frigate_r08,Грузень,8,devourers,Пожиратели,frigate,ore_hauler,ore_hauler_frigate,ship_blocks,5,1.00,1350673.00,0.00,1350673.00,1.351
craft_devourers_ore_hauler_frigate_r09,devourers_ore_hauler_frigate_r09,Носач,9,devourers,Пожиратели,frigate,ore_hauler,ore_hauler_frigate,ship_blocks,0,2.00,26179776.00,0.00,26179776.00,26.180
craft_devourers_ore_hauler_frigate_r09,devourers_ore_hauler_frigate_r09,Носач,9,devourers,Пожиратели,frigate,ore_hauler,ore_hauler_frigate,ship_blocks,1,1.80,23043723.00,0.00,23043723.00,23.044
craft_devourers_ore_hauler_frigate_r09,devourers_ore_hauler_frigate_r09,Носач,9,devourers,Пожиратели,frigate,ore_hauler,ore_hauler_frigate,ship_blocks,2,1.60,16039185.00,0.00,16039185.00,16.039
craft_devourers_ore_hauler_frigate_r09,devourers_ore_hauler_frigate_r09,Носач,9,devourers,Пожиратели,frigate,ore_hauler,ore_hauler_frigate,ship_blocks,3,1.40,10667985.00,0.00,10667985.00,10.668
craft_devourers_ore_hauler_frigate_r09,devourers_ore_hauler_frigate_r09,Носач,9,devourers,Пожиратели,frigate,ore_hauler,ore_hauler_frigate,ship_blocks,4,1.20,6785328.00,0.00,6785328.00,6.785
craft_devourers_ore_hauler_frigate_r09,devourers_ore_hauler_frigate_r09,Носач,9,devourers,Пожиратели,frigate,ore_hauler,ore_hauler_frigate,ship_blocks,5,1.00,2966791.00,0.00,2966791.00,2.967
craft_devourers_ore_hauler_frigate_r10,devourers_ore_hauler_frigate_r10,Обоз,10,devourers,Пожиратели,frigate,ore_hauler,ore_hauler_frigate,faction_flagship_license,0,2.00,63212096.00,5600000.00,68812096.00,68.812
craft_devourers_ore_hauler_frigate_r10,devourers_ore_hauler_frigate_r10,Обоз,10,devourers,Пожиратели,frigate,ore_hauler,ore_hauler_frigate,faction_flagship_license,1,1.80,53302839.00,5600000.00,58902839.00,58.903
craft_devourers_ore_hauler_frigate_r10,devourers_ore_hauler_frigate_r10,Обоз,10,devourers,Пожиратели,frigate,ore_hauler,ore_hauler_frigate,faction_flagship_license,2,1.60,36866643.00,5600000.00,42466643.00,42.467
craft_devourers_ore_hauler_frigate_r10,devourers_ore_hauler_frigate_r10,Обоз,10,devourers,Пожиратели,frigate,ore_hauler,ore_hauler_frigate,faction_flagship_license,3,1.40,24516185.00,5600000.00,30116185.00,30.116
craft_devourers_ore_hauler_frigate_r10,devourers_ore_hauler_frigate_r10,Обоз,10,devourers,Пожиратели,frigate,ore_hauler,ore_hauler_frigate,faction_flagship_license,4,1.20,15411240.00,5600000.00,21011240.00,21.011
craft_devourers_ore_hauler_frigate_r10,devourers_ore_hauler_frigate_r10,Обоз,10,devourers,Пожиратели,frigate,ore_hauler,ore_hauler_frigate,faction_flagship_license,5,1.00,7521185.00,5600000.00,13121185.00,13.121
craft_devourers_harpoon_cruiser_r02,devourers_harpoon_cruiser_r02,Якорь,2,devourers,Пожиратели,cruiser,harpoon,harpoon_cruiser,raw_resources,0,2.00,14200.00,0.00,14200.00,0.014
craft_devourers_harpoon_cruiser_r02,devourers_harpoon_cruiser_r02,Якорь,2,devourers,Пожиратели,cruiser,harpoon,harpoon_cruiser,raw_resources,1,1.80,13140.00,0.00,13140.00,0.013
craft_devourers_harpoon_cruiser_r02,devourers_harpoon_cruiser_r02,Якорь,2,devourers,Пожиратели,cruiser,harpoon,harpoon_cruiser,raw_resources,2,1.60,11570.00,0.00,11570.00,0.012
craft_devourers_harpoon_cruiser_r02,devourers_harpoon_cruiser_r02,Якорь,2,devourers,Пожиратели,cruiser,harpoon,harpoon_cruiser,raw_resources,3,1.40,10380.00,0.00,10380.00,0.010
craft_devourers_harpoon_cruiser_r02,devourers_harpoon_cruiser_r02,Якорь,2,devourers,Пожиратели,cruiser,harpoon,harpoon_cruiser,raw_resources,4,1.20,8810.00,0.00,8810.00,0.009
craft_devourers_harpoon_cruiser_r02,devourers_harpoon_cruiser_r02,Якорь,2,devourers,Пожиратели,cruiser,harpoon,harpoon_cruiser,raw_resources,5,1.00,7100.00,0.00,7100.00,0.007
craft_devourers_harpoon_cruiser_r03,devourers_harpoon_cruiser_r03,Тянуч,3,devourers,Пожиратели,cruiser,harpoon,harpoon_cruiser,raw_resources,0,2.00,35100.00,0.00,35100.00,0.035
craft_devourers_harpoon_cruiser_r03,devourers_harpoon_cruiser_r03,Тянуч,3,devourers,Пожиратели,cruiser,harpoon,harpoon_cruiser,raw_resources,1,1.80,31940.00,0.00,31940.00,0.032
craft_devourers_harpoon_cruiser_r03,devourers_harpoon_cruiser_r03,Тянуч,3,devourers,Пожиратели,cruiser,harpoon,harpoon_cruiser,raw_resources,2,1.60,28470.00,0.00,28470.00,0.028
craft_devourers_harpoon_cruiser_r03,devourers_harpoon_cruiser_r03,Тянуч,3,devourers,Пожиратели,cruiser,harpoon,harpoon_cruiser,raw_resources,3,1.40,24860.00,0.00,24860.00,0.025
craft_devourers_harpoon_cruiser_r03,devourers_harpoon_cruiser_r03,Тянуч,3,devourers,Пожиратели,cruiser,harpoon,harpoon_cruiser,raw_resources,4,1.20,21390.00,0.00,21390.00,0.021
craft_devourers_harpoon_cruiser_r03,devourers_harpoon_cruiser_r03,Тянуч,3,devourers,Пожиратели,cruiser,harpoon,harpoon_cruiser,raw_resources,5,1.00,17550.00,0.00,17550.00,0.018
craft_devourers_harpoon_cruiser_r04,devourers_harpoon_cruiser_r04,Связка,4,devourers,Пожиратели,cruiser,harpoon,harpoon_cruiser,prepared_materials,0,2.00,164024.00,0.00,164024.00,0.164
craft_devourers_harpoon_cruiser_r04,devourers_harpoon_cruiser_r04,Связка,4,devourers,Пожиратели,cruiser,harpoon,harpoon_cruiser,prepared_materials,1,1.80,142259.00,0.00,142259.00,0.142
craft_devourers_harpoon_cruiser_r04,devourers_harpoon_cruiser_r04,Связка,4,devourers,Пожиратели,cruiser,harpoon,harpoon_cruiser,prepared_materials,2,1.60,113367.00,0.00,113367.00,0.113
craft_devourers_harpoon_cruiser_r04,devourers_harpoon_cruiser_r04,Связка,4,devourers,Пожиратели,cruiser,harpoon,harpoon_cruiser,prepared_materials,3,1.40,88445.00,0.00,88445.00,0.088
craft_devourers_harpoon_cruiser_r04,devourers_harpoon_cruiser_r04,Связка,4,devourers,Пожиратели,cruiser,harpoon,harpoon_cruiser,prepared_materials,4,1.20,66020.00,0.00,66020.00,0.066
craft_devourers_harpoon_cruiser_r04,devourers_harpoon_cruiser_r04,Связка,4,devourers,Пожиратели,cruiser,harpoon,harpoon_cruiser,prepared_materials,5,1.00,42826.00,0.00,42826.00,0.043
craft_devourers_harpoon_cruiser_r05,devourers_harpoon_cruiser_r05,Захлест,5,devourers,Пожиратели,cruiser,harpoon,harpoon_cruiser,prepared_materials,0,2.00,422320.00,0.00,422320.00,0.422
craft_devourers_harpoon_cruiser_r05,devourers_harpoon_cruiser_r05,Захлест,5,devourers,Пожиратели,cruiser,harpoon,harpoon_cruiser,prepared_materials,1,1.80,364407.00,0.00,364407.00,0.364
craft_devourers_harpoon_cruiser_r05,devourers_harpoon_cruiser_r05,Захлест,5,devourers,Пожиратели,cruiser,harpoon,harpoon_cruiser,prepared_materials,2,1.60,289706.00,0.00,289706.00,0.290
craft_devourers_harpoon_cruiser_r05,devourers_harpoon_cruiser_r05,Захлест,5,devourers,Пожиратели,cruiser,harpoon,harpoon_cruiser,prepared_materials,3,1.40,225055.00,0.00,225055.00,0.225
craft_devourers_harpoon_cruiser_r05,devourers_harpoon_cruiser_r05,Захлест,5,devourers,Пожиратели,cruiser,harpoon,harpoon_cruiser,prepared_materials,4,1.20,167274.00,0.00,167274.00,0.167
craft_devourers_harpoon_cruiser_r05,devourers_harpoon_cruiser_r05,Захлест,5,devourers,Пожиратели,cruiser,harpoon,harpoon_cruiser,prepared_materials,5,1.00,107960.00,0.00,107960.00,0.108
craft_devourers_harpoon_cruiser_r06,devourers_harpoon_cruiser_r06,Привязь,6,devourers,Пожиратели,cruiser,harpoon,harpoon_cruiser,hull_and_machine_parts,0,2.00,1743896.00,0.00,1743896.00,1.744
craft_devourers_harpoon_cruiser_r06,devourers_harpoon_cruiser_r06,Привязь,6,devourers,Пожиратели,cruiser,harpoon,harpoon_cruiser,hull_and_machine_parts,1,1.80,1478818.00,0.00,1478818.00,1.479
craft_devourers_harpoon_cruiser_r06,devourers_harpoon_cruiser_r06,Привязь,6,devourers,Пожиратели,cruiser,harpoon,harpoon_cruiser,hull_and_machine_parts,2,1.60,1070911.00,0.00,1070911.00,1.071
craft_devourers_harpoon_cruiser_r06,devourers_harpoon_cruiser_r06,Привязь,6,devourers,Пожиратели,cruiser,harpoon,harpoon_cruiser,hull_and_machine_parts,3,1.40,775550.00,0.00,775550.00,0.776
craft_devourers_harpoon_cruiser_r06,devourers_harpoon_cruiser_r06,Привязь,6,devourers,Пожиратели,cruiser,harpoon,harpoon_cruiser,hull_and_machine_parts,4,1.20,514184.00,0.00,514184.00,0.514
craft_devourers_harpoon_cruiser_r06,devourers_harpoon_cruiser_r06,Привязь,6,devourers,Пожиратели,cruiser,harpoon,harpoon_cruiser,hull_and_machine_parts,5,1.00,282927.00,0.00,282927.00,0.283
craft_devourers_harpoon_cruiser_r07,devourers_harpoon_cruiser_r07,Траллер,7,devourers,Пожиратели,cruiser,harpoon,harpoon_cruiser,hull_and_machine_parts,0,2.00,4515392.00,0.00,4515392.00,4.515
craft_devourers_harpoon_cruiser_r07,devourers_harpoon_cruiser_r07,Траллер,7,devourers,Пожиратели,cruiser,harpoon,harpoon_cruiser,hull_and_machine_parts,1,1.80,3765126.00,0.00,3765126.00,3.765
craft_devourers_harpoon_cruiser_r07,devourers_harpoon_cruiser_r07,Траллер,7,devourers,Пожиратели,cruiser,harpoon,harpoon_cruiser,hull_and_machine_parts,2,1.60,2735348.00,0.00,2735348.00,2.735
craft_devourers_harpoon_cruiser_r07,devourers_harpoon_cruiser_r07,Траллер,7,devourers,Пожиратели,cruiser,harpoon,harpoon_cruiser,hull_and_machine_parts,3,1.40,1962585.00,0.00,1962585.00,1.963
craft_devourers_harpoon_cruiser_r07,devourers_harpoon_cruiser_r07,Траллер,7,devourers,Пожиратели,cruiser,harpoon,harpoon_cruiser,hull_and_machine_parts,4,1.20,1306720.00,0.00,1306720.00,1.307
craft_devourers_harpoon_cruiser_r07,devourers_harpoon_cruiser_r07,Траллер,7,devourers,Пожиратели,cruiser,harpoon,harpoon_cruiser,hull_and_machine_parts,5,1.00,723589.00,0.00,723589.00,0.724
craft_devourers_harpoon_cruiser_r08,devourers_harpoon_cruiser_r08,Бургарпун,8,devourers,Пожиратели,cruiser,harpoon,harpoon_cruiser,ship_blocks,0,2.00,15191848.00,0.00,15191848.00,15.192
craft_devourers_harpoon_cruiser_r08,devourers_harpoon_cruiser_r08,Бургарпун,8,devourers,Пожиратели,cruiser,harpoon,harpoon_cruiser,ship_blocks,1,1.80,13594854.00,0.00,13594854.00,13.595
craft_devourers_harpoon_cruiser_r08,devourers_harpoon_cruiser_r08,Бургарпун,8,devourers,Пожиратели,cruiser,harpoon,harpoon_cruiser,ship_blocks,2,1.60,9628460.00,0.00,9628460.00,9.628
craft_devourers_harpoon_cruiser_r08,devourers_harpoon_cruiser_r08,Бургарпун,8,devourers,Пожиратели,cruiser,harpoon,harpoon_cruiser,ship_blocks,3,1.40,6929955.00,0.00,6929955.00,6.930
craft_devourers_harpoon_cruiser_r08,devourers_harpoon_cruiser_r08,Бургарпун,8,devourers,Пожиратели,cruiser,harpoon,harpoon_cruiser,ship_blocks,4,1.20,4534940.00,0.00,4534940.00,4.535
craft_devourers_harpoon_cruiser_r08,devourers_harpoon_cruiser_r08,Бургарпун,8,devourers,Пожиратели,cruiser,harpoon,harpoon_cruiser,ship_blocks,5,1.00,1764879.00,0.00,1764879.00,1.765
craft_devourers_harpoon_cruiser_r09,devourers_harpoon_cruiser_r09,Капкан,9,devourers,Пожиратели,cruiser,harpoon,harpoon_cruiser,ship_blocks,0,2.00,39320104.00,0.00,39320104.00,39.320
craft_devourers_harpoon_cruiser_r09,devourers_harpoon_cruiser_r09,Капкан,9,devourers,Пожиратели,cruiser,harpoon,harpoon_cruiser,ship_blocks,1,1.80,34087811.00,0.00,34087811.00,34.088
craft_devourers_harpoon_cruiser_r09,devourers_harpoon_cruiser_r09,Капкан,9,devourers,Пожиратели,cruiser,harpoon,harpoon_cruiser,ship_blocks,2,1.60,23465404.00,0.00,23465404.00,23.465
craft_devourers_harpoon_cruiser_r09,devourers_harpoon_cruiser_r09,Капкан,9,devourers,Пожиратели,cruiser,harpoon,harpoon_cruiser,ship_blocks,3,1.40,15590377.00,0.00,15590377.00,15.590
craft_devourers_harpoon_cruiser_r09,devourers_harpoon_cruiser_r09,Капкан,9,devourers,Пожиратели,cruiser,harpoon,harpoon_cruiser,ship_blocks,4,1.20,9745010.00,0.00,9745010.00,9.745
craft_devourers_harpoon_cruiser_r09,devourers_harpoon_cruiser_r09,Капкан,9,devourers,Пожиратели,cruiser,harpoon,harpoon_cruiser,ship_blocks,5,1.00,4481998.00,0.00,4481998.00,4.482
craft_devourers_harpoon_cruiser_r10,devourers_harpoon_cruiser_r10,Удержник,10,devourers,Пожиратели,cruiser,harpoon,harpoon_cruiser,faction_flagship_license,0,2.00,89342856.00,5600000.00,94942856.00,94.943
craft_devourers_harpoon_cruiser_r10,devourers_harpoon_cruiser_r10,Удержник,10,devourers,Пожиратели,cruiser,harpoon,harpoon_cruiser,faction_flagship_license,1,1.80,74995165.00,5600000.00,80595165.00,80.595
craft_devourers_harpoon_cruiser_r10,devourers_harpoon_cruiser_r10,Удержник,10,devourers,Пожиратели,cruiser,harpoon,harpoon_cruiser,faction_flagship_license,2,1.60,51667990.00,5600000.00,57267990.00,57.268
craft_devourers_harpoon_cruiser_r10,devourers_harpoon_cruiser_r10,Удержник,10,devourers,Пожиратели,cruiser,harpoon,harpoon_cruiser,faction_flagship_license,3,1.40,34749076.00,5600000.00,40349076.00,40.349
craft_devourers_harpoon_cruiser_r10,devourers_harpoon_cruiser_r10,Удержник,10,devourers,Пожиратели,cruiser,harpoon,harpoon_cruiser,faction_flagship_license,4,1.20,21745722.00,5600000.00,27345722.00,27.346
craft_devourers_harpoon_cruiser_r10,devourers_harpoon_cruiser_r10,Удержник,10,devourers,Пожиратели,cruiser,harpoon,harpoon_cruiser,faction_flagship_license,5,1.00,10694424.00,5600000.00,16294424.00,16.294
craft_devourers_bomb_cruiser_r02,devourers_bomb_cruiser_r02,Капля,2,devourers,Пожиратели,cruiser,bomb,bomb_cruiser,raw_resources,0,2.00,14200.00,0.00,14200.00,0.014
craft_devourers_bomb_cruiser_r02,devourers_bomb_cruiser_r02,Капля,2,devourers,Пожиратели,cruiser,bomb,bomb_cruiser,raw_resources,1,1.80,13050.00,0.00,13050.00,0.013
craft_devourers_bomb_cruiser_r02,devourers_bomb_cruiser_r02,Капля,2,devourers,Пожиратели,cruiser,bomb,bomb_cruiser,raw_resources,2,1.60,11670.00,0.00,11670.00,0.012
craft_devourers_bomb_cruiser_r02,devourers_bomb_cruiser_r02,Капля,2,devourers,Пожиратели,cruiser,bomb,bomb_cruiser,raw_resources,3,1.40,10180.00,0.00,10180.00,0.010
craft_devourers_bomb_cruiser_r02,devourers_bomb_cruiser_r02,Капля,2,devourers,Пожиратели,cruiser,bomb,bomb_cruiser,raw_resources,4,1.20,8800.00,0.00,8800.00,0.009
craft_devourers_bomb_cruiser_r02,devourers_bomb_cruiser_r02,Капля,2,devourers,Пожиратели,cruiser,bomb,bomb_cruiser,raw_resources,5,1.00,7100.00,0.00,7100.00,0.007
craft_devourers_bomb_cruiser_r03,devourers_bomb_cruiser_r03,Мина,3,devourers,Пожиратели,cruiser,bomb,bomb_cruiser,raw_resources,0,2.00,33960.00,0.00,33960.00,0.034
craft_devourers_bomb_cruiser_r03,devourers_bomb_cruiser_r03,Мина,3,devourers,Пожиратели,cruiser,bomb,bomb_cruiser,raw_resources,1,1.80,30710.00,0.00,30710.00,0.031
craft_devourers_bomb_cruiser_r03,devourers_bomb_cruiser_r03,Мина,3,devourers,Пожиратели,cruiser,bomb,bomb_cruiser,raw_resources,2,1.60,27440.00,0.00,27440.00,0.027
craft_devourers_bomb_cruiser_r03,devourers_bomb_cruiser_r03,Мина,3,devourers,Пожиратели,cruiser,bomb,bomb_cruiser,raw_resources,3,1.40,23900.00,0.00,23900.00,0.024
craft_devourers_bomb_cruiser_r03,devourers_bomb_cruiser_r03,Мина,3,devourers,Пожиратели,cruiser,bomb,bomb_cruiser,raw_resources,4,1.20,20630.00,0.00,20630.00,0.021
craft_devourers_bomb_cruiser_r03,devourers_bomb_cruiser_r03,Мина,3,devourers,Пожиратели,cruiser,bomb,bomb_cruiser,raw_resources,5,1.00,16980.00,0.00,16980.00,0.017
craft_devourers_bomb_cruiser_r04,devourers_bomb_cruiser_r04,Запал,4,devourers,Пожиратели,cruiser,bomb,bomb_cruiser,prepared_materials,0,2.00,169832.00,0.00,169832.00,0.170
craft_devourers_bomb_cruiser_r04,devourers_bomb_cruiser_r04,Запал,4,devourers,Пожиратели,cruiser,bomb,bomb_cruiser,prepared_materials,1,1.80,146418.00,0.00,146418.00,0.146
craft_devourers_bomb_cruiser_r04,devourers_bomb_cruiser_r04,Запал,4,devourers,Пожиратели,cruiser,bomb,bomb_cruiser,prepared_materials,2,1.60,116369.00,0.00,116369.00,0.116
craft_devourers_bomb_cruiser_r04,devourers_bomb_cruiser_r04,Запал,4,devourers,Пожиратели,cruiser,bomb,bomb_cruiser,prepared_materials,3,1.40,91257.00,0.00,91257.00,0.091
craft_devourers_bomb_cruiser_r04,devourers_bomb_cruiser_r04,Запал,4,devourers,Пожиратели,cruiser,bomb,bomb_cruiser,prepared_materials,4,1.20,67898.00,0.00,67898.00,0.068
craft_devourers_bomb_cruiser_r04,devourers_bomb_cruiser_r04,Запал,4,devourers,Пожиратели,cruiser,bomb,bomb_cruiser,prepared_materials,5,1.00,44118.00,0.00,44118.00,0.044
craft_devourers_bomb_cruiser_r05,devourers_bomb_cruiser_r05,Катапульт,5,devourers,Пожиратели,cruiser,bomb,bomb_cruiser,prepared_materials,0,2.00,395984.00,0.00,395984.00,0.396
craft_devourers_bomb_cruiser_r05,devourers_bomb_cruiser_r05,Катапульт,5,devourers,Пожиратели,cruiser,bomb,bomb_cruiser,prepared_materials,1,1.80,341951.00,0.00,341951.00,0.342
craft_devourers_bomb_cruiser_r05,devourers_bomb_cruiser_r05,Катапульт,5,devourers,Пожиратели,cruiser,bomb,bomb_cruiser,prepared_materials,2,1.60,270893.00,0.00,270893.00,0.271
craft_devourers_bomb_cruiser_r05,devourers_bomb_cruiser_r05,Катапульт,5,devourers,Пожиратели,cruiser,bomb,bomb_cruiser,prepared_materials,3,1.40,212896.00,0.00,212896.00,0.213
craft_devourers_bomb_cruiser_r05,devourers_bomb_cruiser_r05,Катапульт,5,devourers,Пожиратели,cruiser,bomb,bomb_cruiser,prepared_materials,4,1.20,157598.00,0.00,157598.00,0.158
craft_devourers_bomb_cruiser_r05,devourers_bomb_cruiser_r05,Катапульт,5,devourers,Пожиратели,cruiser,bomb,bomb_cruiser,prepared_materials,5,1.00,102596.00,0.00,102596.00,0.103
craft_devourers_bomb_cruiser_r06,devourers_bomb_cruiser_r06,Ворвень,6,devourers,Пожиратели,cruiser,bomb,bomb_cruiser,hull_and_machine_parts,0,2.00,1747672.00,0.00,1747672.00,1.748
craft_devourers_bomb_cruiser_r06,devourers_bomb_cruiser_r06,Ворвень,6,devourers,Пожиратели,cruiser,bomb,bomb_cruiser,hull_and_machine_parts,1,1.80,1473354.00,0.00,1473354.00,1.473
craft_devourers_bomb_cruiser_r06,devourers_bomb_cruiser_r06,Ворвень,6,devourers,Пожиратели,cruiser,bomb,bomb_cruiser,hull_and_machine_parts,2,1.60,1085363.00,0.00,1085363.00,1.085
craft_devourers_bomb_cruiser_r06,devourers_bomb_cruiser_r06,Ворвень,6,devourers,Пожиратели,cruiser,bomb,bomb_cruiser,hull_and_machine_parts,3,1.40,765837.00,0.00,765837.00,0.766
craft_devourers_bomb_cruiser_r06,devourers_bomb_cruiser_r06,Ворвень,6,devourers,Пожиратели,cruiser,bomb,bomb_cruiser,hull_and_machine_parts,4,1.20,520014.00,0.00,520014.00,0.520
craft_devourers_bomb_cruiser_r06,devourers_bomb_cruiser_r06,Ворвень,6,devourers,Пожиратели,cruiser,bomb,bomb_cruiser,hull_and_machine_parts,5,1.00,278881.00,0.00,278881.00,0.279
craft_devourers_bomb_cruiser_r07,devourers_bomb_cruiser_r07,Фитиль,7,devourers,Пожиратели,cruiser,bomb,bomb_cruiser,hull_and_machine_parts,0,2.00,4308680.00,0.00,4308680.00,4.309
craft_devourers_bomb_cruiser_r07,devourers_bomb_cruiser_r07,Фитиль,7,devourers,Пожиратели,cruiser,bomb,bomb_cruiser,hull_and_machine_parts,1,1.80,3563537.00,0.00,3563537.00,3.564
craft_devourers_bomb_cruiser_r07,devourers_bomb_cruiser_r07,Фитиль,7,devourers,Пожиратели,cruiser,bomb,bomb_cruiser,hull_and_machine_parts,2,1.60,2580316.00,0.00,2580316.00,2.580
craft_devourers_bomb_cruiser_r07,devourers_bomb_cruiser_r07,Фитиль,7,devourers,Пожиратели,cruiser,bomb,bomb_cruiser,hull_and_machine_parts,3,1.40,1869030.00,0.00,1869030.00,1.869
craft_devourers_bomb_cruiser_r07,devourers_bomb_cruiser_r07,Фитиль,7,devourers,Пожиратели,cruiser,bomb,bomb_cruiser,hull_and_machine_parts,4,1.20,1242200.00,0.00,1242200.00,1.242
craft_devourers_bomb_cruiser_r07,devourers_bomb_cruiser_r07,Фитиль,7,devourers,Пожиратели,cruiser,bomb,bomb_cruiser,hull_and_machine_parts,5,1.00,696795.00,0.00,696795.00,0.697
craft_devourers_bomb_cruiser_r08,devourers_bomb_cruiser_r08,Огниво,8,devourers,Пожиратели,cruiser,bomb,bomb_cruiser,ship_blocks,0,2.00,14119824.00,0.00,14119824.00,14.120
craft_devourers_bomb_cruiser_r08,devourers_bomb_cruiser_r08,Огниво,8,devourers,Пожиратели,cruiser,bomb,bomb_cruiser,ship_blocks,1,1.80,12617627.00,0.00,12617627.00,12.618
craft_devourers_bomb_cruiser_r08,devourers_bomb_cruiser_r08,Огниво,8,devourers,Пожиратели,cruiser,bomb,bomb_cruiser,ship_blocks,2,1.60,9183938.00,0.00,9183938.00,9.184
craft_devourers_bomb_cruiser_r08,devourers_bomb_cruiser_r08,Огниво,8,devourers,Пожиратели,cruiser,bomb,bomb_cruiser,ship_blocks,3,1.40,6433381.00,0.00,6433381.00,6.433
craft_devourers_bomb_cruiser_r08,devourers_bomb_cruiser_r08,Огниво,8,devourers,Пожиратели,cruiser,bomb,bomb_cruiser,ship_blocks,4,1.20,4336732.00,0.00,4336732.00,4.337
craft_devourers_bomb_cruiser_r08,devourers_bomb_cruiser_r08,Огниво,8,devourers,Пожиратели,cruiser,bomb,bomb_cruiser,ship_blocks,5,1.00,1660055.00,0.00,1660055.00,1.660
craft_devourers_bomb_cruiser_r09,devourers_bomb_cruiser_r09,Разрыв,9,devourers,Пожиратели,cruiser,bomb,bomb_cruiser,ship_blocks,0,2.00,39661712.00,0.00,39661712.00,39.662
craft_devourers_bomb_cruiser_r09,devourers_bomb_cruiser_r09,Разрыв,9,devourers,Пожиратели,cruiser,bomb,bomb_cruiser,ship_blocks,1,1.80,34313237.00,0.00,34313237.00,34.313
craft_devourers_bomb_cruiser_r09,devourers_bomb_cruiser_r09,Разрыв,9,devourers,Пожиратели,cruiser,bomb,bomb_cruiser,ship_blocks,2,1.60,24286102.00,0.00,24286102.00,24.286
craft_devourers_bomb_cruiser_r09,devourers_bomb_cruiser_r09,Разрыв,9,devourers,Пожиратели,cruiser,bomb,bomb_cruiser,ship_blocks,3,1.40,15282019.00,0.00,15282019.00,15.282
craft_devourers_bomb_cruiser_r09,devourers_bomb_cruiser_r09,Разрыв,9,devourers,Пожиратели,cruiser,bomb,bomb_cruiser,ship_blocks,4,1.20,9877600.00,0.00,9877600.00,9.878
craft_devourers_bomb_cruiser_r09,devourers_bomb_cruiser_r09,Разрыв,9,devourers,Пожиратели,cruiser,bomb,bomb_cruiser,ship_blocks,5,1.00,4555214.00,0.00,4555214.00,4.555
craft_devourers_bomb_cruiser_r10,devourers_bomb_cruiser_r10,Бомбардир,10,devourers,Пожиратели,cruiser,bomb,bomb_cruiser,faction_flagship_license,0,2.00,98747076.00,5600000.00,104347076.00,104.347
craft_devourers_bomb_cruiser_r10,devourers_bomb_cruiser_r10,Бомбардир,10,devourers,Пожиратели,cruiser,bomb,bomb_cruiser,faction_flagship_license,1,1.80,81991024.00,5600000.00,87591024.00,87.591
craft_devourers_bomb_cruiser_r10,devourers_bomb_cruiser_r10,Бомбардир,10,devourers,Пожиратели,cruiser,bomb,bomb_cruiser,faction_flagship_license,2,1.60,56642535.00,5600000.00,62242535.00,62.243
craft_devourers_bomb_cruiser_r10,devourers_bomb_cruiser_r10,Бомбардир,10,devourers,Пожиратели,cruiser,bomb,bomb_cruiser,faction_flagship_license,3,1.40,38379615.00,5600000.00,43979615.00,43.980
craft_devourers_bomb_cruiser_r10,devourers_bomb_cruiser_r10,Бомбардир,10,devourers,Пожиратели,cruiser,bomb,bomb_cruiser,faction_flagship_license,4,1.20,24146402.00,5600000.00,29746402.00,29.746
craft_devourers_bomb_cruiser_r10,devourers_bomb_cruiser_r10,Бомбардир,10,devourers,Пожиратели,cruiser,bomb,bomb_cruiser,faction_flagship_license,5,1.00,11920816.00,5600000.00,17520816.00,17.521
craft_devourers_ripper_cruiser_r02,devourers_ripper_cruiser_r02,Резак,2,devourers,Пожиратели,cruiser,ripper,ripper_cruiser,raw_resources,0,2.00,13560.00,0.00,13560.00,0.014
craft_devourers_ripper_cruiser_r02,devourers_ripper_cruiser_r02,Резак,2,devourers,Пожиратели,cruiser,ripper,ripper_cruiser,raw_resources,1,1.80,12500.00,0.00,12500.00,0.013
craft_devourers_ripper_cruiser_r02,devourers_ripper_cruiser_r02,Резак,2,devourers,Пожиратели,cruiser,ripper,ripper_cruiser,raw_resources,2,1.60,11300.00,0.00,11300.00,0.011
craft_devourers_ripper_cruiser_r02,devourers_ripper_cruiser_r02,Резак,2,devourers,Пожиратели,cruiser,ripper,ripper_cruiser,raw_resources,3,1.40,9670.00,0.00,9670.00,0.010
craft_devourers_ripper_cruiser_r02,devourers_ripper_cruiser_r02,Резак,2,devourers,Пожиратели,cruiser,ripper,ripper_cruiser,raw_resources,4,1.20,8470.00,0.00,8470.00,0.008
craft_devourers_ripper_cruiser_r02,devourers_ripper_cruiser_r02,Резак,2,devourers,Пожиратели,cruiser,ripper,ripper_cruiser,raw_resources,5,1.00,6780.00,0.00,6780.00,0.007
craft_devourers_ripper_cruiser_r03,devourers_ripper_cruiser_r03,Клыкарь,3,devourers,Пожиратели,cruiser,ripper,ripper_cruiser,raw_resources,0,2.00,35520.00,0.00,35520.00,0.036
craft_devourers_ripper_cruiser_r03,devourers_ripper_cruiser_r03,Клыкарь,3,devourers,Пожиратели,cruiser,ripper,ripper_cruiser,raw_resources,1,1.80,32290.00,0.00,32290.00,0.032
craft_devourers_ripper_cruiser_r03,devourers_ripper_cruiser_r03,Клыкарь,3,devourers,Пожиратели,cruiser,ripper,ripper_cruiser,raw_resources,2,1.60,28720.00,0.00,28720.00,0.029
craft_devourers_ripper_cruiser_r03,devourers_ripper_cruiser_r03,Клыкарь,3,devourers,Пожиратели,cruiser,ripper,ripper_cruiser,raw_resources,3,1.40,25160.00,0.00,25160.00,0.025
craft_devourers_ripper_cruiser_r03,devourers_ripper_cruiser_r03,Клыкарь,3,devourers,Пожиратели,cruiser,ripper,ripper_cruiser,raw_resources,4,1.20,21590.00,0.00,21590.00,0.022
craft_devourers_ripper_cruiser_r03,devourers_ripper_cruiser_r03,Клыкарь,3,devourers,Пожиратели,cruiser,ripper,ripper_cruiser,raw_resources,5,1.00,17760.00,0.00,17760.00,0.018
craft_devourers_ripper_cruiser_r04,devourers_ripper_cruiser_r04,Бортник,4,devourers,Пожиратели,cruiser,ripper,ripper_cruiser,prepared_materials,0,2.00,181788.00,0.00,181788.00,0.182
craft_devourers_ripper_cruiser_r04,devourers_ripper_cruiser_r04,Бортник,4,devourers,Пожиратели,cruiser,ripper,ripper_cruiser,prepared_materials,1,1.80,156890.00,0.00,156890.00,0.157
craft_devourers_ripper_cruiser_r04,devourers_ripper_cruiser_r04,Бортник,4,devourers,Пожиратели,cruiser,ripper,ripper_cruiser,prepared_materials,2,1.60,124469.00,0.00,124469.00,0.124
craft_devourers_ripper_cruiser_r04,devourers_ripper_cruiser_r04,Бортник,4,devourers,Пожиратели,cruiser,ripper,ripper_cruiser,prepared_materials,3,1.40,97223.00,0.00,97223.00,0.097
craft_devourers_ripper_cruiser_r04,devourers_ripper_cruiser_r04,Бортник,4,devourers,Пожиратели,cruiser,ripper,ripper_cruiser,prepared_materials,4,1.20,72102.00,0.00,72102.00,0.072
craft_devourers_ripper_cruiser_r04,devourers_ripper_cruiser_r04,Бортник,4,devourers,Пожиратели,cruiser,ripper,ripper_cruiser,prepared_materials,5,1.00,46457.00,0.00,46457.00,0.046
craft_devourers_ripper_cruiser_r05,devourers_ripper_cruiser_r05,Потрошач,5,devourers,Пожиратели,cruiser,ripper,ripper_cruiser,prepared_materials,0,2.00,414624.00,0.00,414624.00,0.415
craft_devourers_ripper_cruiser_r05,devourers_ripper_cruiser_r05,Потрошач,5,devourers,Пожиратели,cruiser,ripper,ripper_cruiser,prepared_materials,1,1.80,357562.00,0.00,357562.00,0.358
craft_devourers_ripper_cruiser_r05,devourers_ripper_cruiser_r05,Потрошач,5,devourers,Пожиратели,cruiser,ripper,ripper_cruiser,prepared_materials,2,1.60,282802.00,0.00,282802.00,0.283
craft_devourers_ripper_cruiser_r05,devourers_ripper_cruiser_r05,Потрошач,5,devourers,Пожиратели,cruiser,ripper,ripper_cruiser,prepared_materials,3,1.40,220923.00,0.00,220923.00,0.221
craft_devourers_ripper_cruiser_r05,devourers_ripper_cruiser_r05,Потрошач,5,devourers,Пожиратели,cruiser,ripper,ripper_cruiser,prepared_materials,4,1.20,163038.00,0.00,163038.00,0.163
craft_devourers_ripper_cruiser_r05,devourers_ripper_cruiser_r05,Потрошач,5,devourers,Пожиратели,cruiser,ripper,ripper_cruiser,prepared_materials,5,1.00,105456.00,0.00,105456.00,0.105
craft_devourers_ripper_cruiser_r06,devourers_ripper_cruiser_r06,Раздер,6,devourers,Пожиратели,cruiser,ripper,ripper_cruiser,hull_and_machine_parts,0,2.00,1853096.00,0.00,1853096.00,1.853
craft_devourers_ripper_cruiser_r06,devourers_ripper_cruiser_r06,Раздер,6,devourers,Пожиратели,cruiser,ripper,ripper_cruiser,hull_and_machine_parts,1,1.80,1560476.00,0.00,1560476.00,1.560
craft_devourers_ripper_cruiser_r06,devourers_ripper_cruiser_r06,Раздер,6,devourers,Пожиратели,cruiser,ripper,ripper_cruiser,hull_and_machine_parts,2,1.60,1129768.00,0.00,1129768.00,1.130
craft_devourers_ripper_cruiser_r06,devourers_ripper_cruiser_r06,Раздер,6,devourers,Пожиратели,cruiser,ripper,ripper_cruiser,hull_and_machine_parts,3,1.40,825837.00,0.00,825837.00,0.826
craft_devourers_ripper_cruiser_r06,devourers_ripper_cruiser_r06,Раздер,6,devourers,Пожиратели,cruiser,ripper,ripper_cruiser,hull_and_machine_parts,4,1.20,548386.00,0.00,548386.00,0.548
craft_devourers_ripper_cruiser_r06,devourers_ripper_cruiser_r06,Раздер,6,devourers,Пожиратели,cruiser,ripper,ripper_cruiser,hull_and_machine_parts,5,1.00,297691.00,0.00,297691.00,0.298
craft_devourers_ripper_cruiser_r07,devourers_ripper_cruiser_r07,Кромсатель,7,devourers,Пожиратели,cruiser,ripper,ripper_cruiser,hull_and_machine_parts,0,2.00,4707952.00,0.00,4707952.00,4.708
craft_devourers_ripper_cruiser_r07,devourers_ripper_cruiser_r07,Кромсатель,7,devourers,Пожиратели,cruiser,ripper,ripper_cruiser,hull_and_machine_parts,1,1.80,3909547.00,0.00,3909547.00,3.910
craft_devourers_ripper_cruiser_r07,devourers_ripper_cruiser_r07,Кромсатель,7,devourers,Пожиратели,cruiser,ripper,ripper_cruiser,hull_and_machine_parts,2,1.60,2820168.00,0.00,2820168.00,2.820
craft_devourers_ripper_cruiser_r07,devourers_ripper_cruiser_r07,Кромсатель,7,devourers,Пожиратели,cruiser,ripper,ripper_cruiser,hull_and_machine_parts,3,1.40,2055291.00,0.00,2055291.00,2.055
craft_devourers_ripper_cruiser_r07,devourers_ripper_cruiser_r07,Кромсатель,7,devourers,Пожиратели,cruiser,ripper,ripper_cruiser,hull_and_machine_parts,4,1.20,1357752.00,0.00,1357752.00,1.358
craft_devourers_ripper_cruiser_r07,devourers_ripper_cruiser_r07,Кромсатель,7,devourers,Пожиратели,cruiser,ripper,ripper_cruiser,hull_and_machine_parts,5,1.00,750204.00,0.00,750204.00,0.750
craft_devourers_ripper_cruiser_r08,devourers_ripper_cruiser_r08,Терзатель,8,devourers,Пожиратели,cruiser,ripper,ripper_cruiser,ship_blocks,0,2.00,16278240.00,0.00,16278240.00,16.278
craft_devourers_ripper_cruiser_r08,devourers_ripper_cruiser_r08,Терзатель,8,devourers,Пожиратели,cruiser,ripper,ripper_cruiser,ship_blocks,1,1.80,14529984.00,0.00,14529984.00,14.530
craft_devourers_ripper_cruiser_r08,devourers_ripper_cruiser_r08,Терзатель,8,devourers,Пожиратели,cruiser,ripper,ripper_cruiser,ship_blocks,2,1.60,10389180.00,0.00,10389180.00,10.389
craft_devourers_ripper_cruiser_r08,devourers_ripper_cruiser_r08,Терзатель,8,devourers,Пожиратели,cruiser,ripper,ripper_cruiser,ship_blocks,3,1.40,7232217.00,0.00,7232217.00,7.232
craft_devourers_ripper_cruiser_r08,devourers_ripper_cruiser_r08,Терзатель,8,devourers,Пожиратели,cruiser,ripper,ripper_cruiser,ship_blocks,4,1.20,4764758.00,0.00,4764758.00,4.765
craft_devourers_ripper_cruiser_r08,devourers_ripper_cruiser_r08,Терзатель,8,devourers,Пожиратели,cruiser,ripper,ripper_cruiser,ship_blocks,5,1.00,1897958.00,0.00,1897958.00,1.898
craft_devourers_ripper_cruiser_r09,devourers_ripper_cruiser_r09,Мясник,9,devourers,Пожиратели,cruiser,ripper,ripper_cruiser,ship_blocks,0,2.00,40874920.00,0.00,40874920.00,40.875
craft_devourers_ripper_cruiser_r09,devourers_ripper_cruiser_r09,Мясник,9,devourers,Пожиратели,cruiser,ripper,ripper_cruiser,ship_blocks,1,1.80,35410342.00,0.00,35410342.00,35.410
craft_devourers_ripper_cruiser_r09,devourers_ripper_cruiser_r09,Мясник,9,devourers,Пожиратели,cruiser,ripper,ripper_cruiser,ship_blocks,2,1.60,24460716.00,0.00,24460716.00,24.461
craft_devourers_ripper_cruiser_r09,devourers_ripper_cruiser_r09,Мясник,9,devourers,Пожиратели,cruiser,ripper,ripper_cruiser,ship_blocks,3,1.40,16153853.00,0.00,16153853.00,16.154
craft_devourers_ripper_cruiser_r09,devourers_ripper_cruiser_r09,Мясник,9,devourers,Пожиратели,cruiser,ripper,ripper_cruiser,ship_blocks,4,1.20,10128742.00,0.00,10128742.00,10.129
craft_devourers_ripper_cruiser_r09,devourers_ripper_cruiser_r09,Мясник,9,devourers,Пожиратели,cruiser,ripper,ripper_cruiser,ship_blocks,5,1.00,4707408.00,0.00,4707408.00,4.707
craft_devourers_ripper_cruiser_r10,devourers_ripper_cruiser_r10,Риппер,10,devourers,Пожиратели,cruiser,ripper,ripper_cruiser,faction_flagship_license,0,2.00,97796260.00,5600000.00,103396260.00,103.396
craft_devourers_ripper_cruiser_r10,devourers_ripper_cruiser_r10,Риппер,10,devourers,Пожиратели,cruiser,ripper,ripper_cruiser,faction_flagship_license,1,1.80,81542992.00,5600000.00,87142992.00,87.143
craft_devourers_ripper_cruiser_r10,devourers_ripper_cruiser_r10,Риппер,10,devourers,Пожиратели,cruiser,ripper,ripper_cruiser,faction_flagship_license,2,1.60,56135753.00,5600000.00,61735753.00,61.736
craft_devourers_ripper_cruiser_r10,devourers_ripper_cruiser_r10,Риппер,10,devourers,Пожиратели,cruiser,ripper,ripper_cruiser,faction_flagship_license,3,1.40,38224865.00,5600000.00,43824865.00,43.825
craft_devourers_ripper_cruiser_r10,devourers_ripper_cruiser_r10,Риппер,10,devourers,Пожиратели,cruiser,ripper,ripper_cruiser,faction_flagship_license,4,1.20,23954848.00,5600000.00,29554848.00,29.555
craft_devourers_ripper_cruiser_r10,devourers_ripper_cruiser_r10,Риппер,10,devourers,Пожиратели,cruiser,ripper,ripper_cruiser,faction_flagship_license,5,1.00,11892315.00,5600000.00,17492315.00,17.492
craft_devourers_leviathan_hunter_battleship_r02,devourers_leviathan_hunter_battleship_r02,Рогач,2,devourers,Пожиратели,battleship,leviathan_hunter,leviathan_hunter_battleship,raw_resources,0,2.00,20400.00,0.00,20400.00,0.020
craft_devourers_leviathan_hunter_battleship_r02,devourers_leviathan_hunter_battleship_r02,Рогач,2,devourers,Пожиратели,battleship,leviathan_hunter,leviathan_hunter_battleship,raw_resources,1,1.80,18730.00,0.00,18730.00,0.019
craft_devourers_leviathan_hunter_battleship_r02,devourers_leviathan_hunter_battleship_r02,Рогач,2,devourers,Пожиратели,battleship,leviathan_hunter,leviathan_hunter_battleship,raw_resources,2,1.60,16500.00,0.00,16500.00,0.017
craft_devourers_leviathan_hunter_battleship_r02,devourers_leviathan_hunter_battleship_r02,Рогач,2,devourers,Пожиратели,battleship,leviathan_hunter,leviathan_hunter_battleship,raw_resources,3,1.40,14740.00,0.00,14740.00,0.015
craft_devourers_leviathan_hunter_battleship_r02,devourers_leviathan_hunter_battleship_r02,Рогач,2,devourers,Пожиратели,battleship,leviathan_hunter,leviathan_hunter_battleship,raw_resources,4,1.20,12510.00,0.00,12510.00,0.013
craft_devourers_leviathan_hunter_battleship_r02,devourers_leviathan_hunter_battleship_r02,Рогач,2,devourers,Пожиратели,battleship,leviathan_hunter,leviathan_hunter_battleship,raw_resources,5,1.00,10200.00,0.00,10200.00,0.010
craft_devourers_leviathan_hunter_battleship_r03,devourers_leviathan_hunter_battleship_r03,Костолом,3,devourers,Пожиратели,battleship,leviathan_hunter,leviathan_hunter_battleship,raw_resources,0,2.00,53840.00,0.00,53840.00,0.054
craft_devourers_leviathan_hunter_battleship_r03,devourers_leviathan_hunter_battleship_r03,Костолом,3,devourers,Пожиратели,battleship,leviathan_hunter,leviathan_hunter_battleship,raw_resources,1,1.80,48760.00,0.00,48760.00,0.049
craft_devourers_leviathan_hunter_battleship_r03,devourers_leviathan_hunter_battleship_r03,Костолом,3,devourers,Пожиратели,battleship,leviathan_hunter,leviathan_hunter_battleship,raw_resources,2,1.60,43460.00,0.00,43460.00,0.043
craft_devourers_leviathan_hunter_battleship_r03,devourers_leviathan_hunter_battleship_r03,Костолом,3,devourers,Пожиратели,battleship,leviathan_hunter,leviathan_hunter_battleship,raw_resources,3,1.40,37900.00,0.00,37900.00,0.038
craft_devourers_leviathan_hunter_battleship_r03,devourers_leviathan_hunter_battleship_r03,Костолом,3,devourers,Пожиратели,battleship,leviathan_hunter,leviathan_hunter_battleship,raw_resources,4,1.20,32600.00,0.00,32600.00,0.033
craft_devourers_leviathan_hunter_battleship_r03,devourers_leviathan_hunter_battleship_r03,Костолом,3,devourers,Пожиратели,battleship,leviathan_hunter,leviathan_hunter_battleship,raw_resources,5,1.00,26920.00,0.00,26920.00,0.027
craft_devourers_leviathan_hunter_battleship_r04,devourers_leviathan_hunter_battleship_r04,Хищник,4,devourers,Пожиратели,battleship,leviathan_hunter,leviathan_hunter_battleship,prepared_materials,0,2.00,263772.00,0.00,263772.00,0.264
craft_devourers_leviathan_hunter_battleship_r04,devourers_leviathan_hunter_battleship_r04,Хищник,4,devourers,Пожиратели,battleship,leviathan_hunter,leviathan_hunter_battleship,prepared_materials,1,1.80,227255.00,0.00,227255.00,0.227
craft_devourers_leviathan_hunter_battleship_r04,devourers_leviathan_hunter_battleship_r04,Хищник,4,devourers,Пожиратели,battleship,leviathan_hunter,leviathan_hunter_battleship,prepared_materials,2,1.60,181562.00,0.00,181562.00,0.182
craft_devourers_leviathan_hunter_battleship_r04,devourers_leviathan_hunter_battleship_r04,Хищник,4,devourers,Пожиратели,battleship,leviathan_hunter,leviathan_hunter_battleship,prepared_materials,3,1.40,141255.00,0.00,141255.00,0.141
craft_devourers_leviathan_hunter_battleship_r04,devourers_leviathan_hunter_battleship_r04,Хищник,4,devourers,Пожиратели,battleship,leviathan_hunter,leviathan_hunter_battleship,prepared_materials,4,1.20,105768.00,0.00,105768.00,0.106
craft_devourers_leviathan_hunter_battleship_r04,devourers_leviathan_hunter_battleship_r04,Хищник,4,devourers,Пожиратели,battleship,leviathan_hunter,leviathan_hunter_battleship,prepared_materials,5,1.00,68613.00,0.00,68613.00,0.069
craft_devourers_leviathan_hunter_battleship_r05,devourers_leviathan_hunter_battleship_r05,Загонщик,5,devourers,Пожиратели,battleship,leviathan_hunter,leviathan_hunter_battleship,prepared_materials,0,2.00,652368.00,0.00,652368.00,0.652
craft_devourers_leviathan_hunter_battleship_r05,devourers_leviathan_hunter_battleship_r05,Загонщик,5,devourers,Пожиратели,battleship,leviathan_hunter,leviathan_hunter_battleship,prepared_materials,1,1.80,560415.00,0.00,560415.00,0.560
craft_devourers_leviathan_hunter_battleship_r05,devourers_leviathan_hunter_battleship_r05,Загонщик,5,devourers,Пожиратели,battleship,leviathan_hunter,leviathan_hunter_battleship,prepared_materials,2,1.60,445904.00,0.00,445904.00,0.446
craft_devourers_leviathan_hunter_battleship_r05,devourers_leviathan_hunter_battleship_r05,Загонщик,5,devourers,Пожиратели,battleship,leviathan_hunter,leviathan_hunter_battleship,prepared_materials,3,1.40,347519.00,0.00,347519.00,0.348
craft_devourers_leviathan_hunter_battleship_r05,devourers_leviathan_hunter_battleship_r05,Загонщик,5,devourers,Пожиратели,battleship,leviathan_hunter,leviathan_hunter_battleship,prepared_materials,4,1.20,258728.00,0.00,258728.00,0.259
craft_devourers_leviathan_hunter_battleship_r05,devourers_leviathan_hunter_battleship_r05,Загонщик,5,devourers,Пожиратели,battleship,leviathan_hunter,leviathan_hunter_battleship,prepared_materials,5,1.00,168122.00,0.00,168122.00,0.168
craft_devourers_leviathan_hunter_battleship_r06,devourers_leviathan_hunter_battleship_r06,Китовод,6,devourers,Пожиратели,battleship,leviathan_hunter,leviathan_hunter_battleship,hull_and_machine_parts,0,2.00,2651880.00,0.00,2651880.00,2.652
craft_devourers_leviathan_hunter_battleship_r06,devourers_leviathan_hunter_battleship_r06,Китовод,6,devourers,Пожиратели,battleship,leviathan_hunter,leviathan_hunter_battleship,hull_and_machine_parts,1,1.80,2217787.00,0.00,2217787.00,2.218
craft_devourers_leviathan_hunter_battleship_r06,devourers_leviathan_hunter_battleship_r06,Китовод,6,devourers,Пожиратели,battleship,leviathan_hunter,leviathan_hunter_battleship,hull_and_machine_parts,2,1.60,1612750.00,0.00,1612750.00,1.613
craft_devourers_leviathan_hunter_battleship_r06,devourers_leviathan_hunter_battleship_r06,Китовод,6,devourers,Пожиратели,battleship,leviathan_hunter,leviathan_hunter_battleship,hull_and_machine_parts,3,1.40,1135017.00,0.00,1135017.00,1.135
craft_devourers_leviathan_hunter_battleship_r06,devourers_leviathan_hunter_battleship_r06,Китовод,6,devourers,Пожиратели,battleship,leviathan_hunter,leviathan_hunter_battleship,hull_and_machine_parts,4,1.20,756332.00,0.00,756332.00,0.756
craft_devourers_leviathan_hunter_battleship_r06,devourers_leviathan_hunter_battleship_r06,Китовод,6,devourers,Пожиратели,battleship,leviathan_hunter,leviathan_hunter_battleship,hull_and_machine_parts,5,1.00,409401.00,0.00,409401.00,0.409
craft_devourers_leviathan_hunter_battleship_r07,devourers_leviathan_hunter_battleship_r07,Буревик,7,devourers,Пожиратели,battleship,leviathan_hunter,leviathan_hunter_battleship,hull_and_machine_parts,0,2.00,6656976.00,0.00,6656976.00,6.657
craft_devourers_leviathan_hunter_battleship_r07,devourers_leviathan_hunter_battleship_r07,Буревик,7,devourers,Пожиратели,battleship,leviathan_hunter,leviathan_hunter_battleship,hull_and_machine_parts,1,1.80,5522030.00,0.00,5522030.00,5.522
craft_devourers_leviathan_hunter_battleship_r07,devourers_leviathan_hunter_battleship_r07,Буревик,7,devourers,Пожиратели,battleship,leviathan_hunter,leviathan_hunter_battleship,hull_and_machine_parts,2,1.60,3982178.00,0.00,3982178.00,3.982
craft_devourers_leviathan_hunter_battleship_r07,devourers_leviathan_hunter_battleship_r07,Буревик,7,devourers,Пожиратели,battleship,leviathan_hunter,leviathan_hunter_battleship,hull_and_machine_parts,3,1.40,2837126.00,0.00,2837126.00,2.837
craft_devourers_leviathan_hunter_battleship_r07,devourers_leviathan_hunter_battleship_r07,Буревик,7,devourers,Пожиратели,battleship,leviathan_hunter,leviathan_hunter_battleship,hull_and_machine_parts,4,1.20,1868838.00,0.00,1868838.00,1.869
craft_devourers_leviathan_hunter_battleship_r07,devourers_leviathan_hunter_battleship_r07,Буревик,7,devourers,Пожиратели,battleship,leviathan_hunter,leviathan_hunter_battleship,hull_and_machine_parts,5,1.00,1024494.00,0.00,1024494.00,1.024
craft_devourers_leviathan_hunter_battleship_r08,devourers_leviathan_hunter_battleship_r08,Ловец,8,devourers,Пожиратели,battleship,leviathan_hunter,leviathan_hunter_battleship,ship_blocks,0,2.00,22666840.00,0.00,22666840.00,22.667
craft_devourers_leviathan_hunter_battleship_r08,devourers_leviathan_hunter_battleship_r08,Ловец,8,devourers,Пожиратели,battleship,leviathan_hunter,leviathan_hunter_battleship,ship_blocks,1,1.80,19712878.00,0.00,19712878.00,19.713
craft_devourers_leviathan_hunter_battleship_r08,devourers_leviathan_hunter_battleship_r08,Ловец,8,devourers,Пожиратели,battleship,leviathan_hunter,leviathan_hunter_battleship,ship_blocks,2,1.60,13872713.00,0.00,13872713.00,13.873
craft_devourers_leviathan_hunter_battleship_r08,devourers_leviathan_hunter_battleship_r08,Ловец,8,devourers,Пожиратели,battleship,leviathan_hunter,leviathan_hunter_battleship,ship_blocks,3,1.40,9584692.00,0.00,9584692.00,9.585
craft_devourers_leviathan_hunter_battleship_r08,devourers_leviathan_hunter_battleship_r08,Ловец,8,devourers,Пожиратели,battleship,leviathan_hunter,leviathan_hunter_battleship,ship_blocks,4,1.20,6196620.00,0.00,6196620.00,6.197
craft_devourers_leviathan_hunter_battleship_r08,devourers_leviathan_hunter_battleship_r08,Ловец,8,devourers,Пожиратели,battleship,leviathan_hunter,leviathan_hunter_battleship,ship_blocks,5,1.00,2581362.00,0.00,2581362.00,2.581
craft_devourers_leviathan_hunter_battleship_r09,devourers_leviathan_hunter_battleship_r09,Исполин,9,devourers,Пожиратели,battleship,leviathan_hunter,leviathan_hunter_battleship,ship_blocks,0,2.00,55874680.00,0.00,55874680.00,55.875
craft_devourers_leviathan_hunter_battleship_r09,devourers_leviathan_hunter_battleship_r09,Исполин,9,devourers,Пожиратели,battleship,leviathan_hunter,leviathan_hunter_battleship,ship_blocks,1,1.80,47742585.00,0.00,47742585.00,47.743
craft_devourers_leviathan_hunter_battleship_r09,devourers_leviathan_hunter_battleship_r09,Исполин,9,devourers,Пожиратели,battleship,leviathan_hunter,leviathan_hunter_battleship,ship_blocks,2,1.60,32686071.00,0.00,32686071.00,32.686
craft_devourers_leviathan_hunter_battleship_r09,devourers_leviathan_hunter_battleship_r09,Исполин,9,devourers,Пожиратели,battleship,leviathan_hunter,leviathan_hunter_battleship,ship_blocks,3,1.40,21546402.00,0.00,21546402.00,21.546
craft_devourers_leviathan_hunter_battleship_r09,devourers_leviathan_hunter_battleship_r09,Исполин,9,devourers,Пожиратели,battleship,leviathan_hunter,leviathan_hunter_battleship,ship_blocks,4,1.20,13367832.00,0.00,13367832.00,13.368
craft_devourers_leviathan_hunter_battleship_r09,devourers_leviathan_hunter_battleship_r09,Исполин,9,devourers,Пожиратели,battleship,leviathan_hunter,leviathan_hunter_battleship,ship_blocks,5,1.00,6305353.00,0.00,6305353.00,6.305
craft_devourers_leviathan_hunter_battleship_r10,devourers_leviathan_hunter_battleship_r10,Левиафан,10,devourers,Пожиратели,battleship,leviathan_hunter,leviathan_hunter_battleship,faction_flagship_license,0,2.00,145570688.00,5600000.00,151170688.00,151.171
craft_devourers_leviathan_hunter_battleship_r10,devourers_leviathan_hunter_battleship_r10,Левиафан,10,devourers,Пожиратели,battleship,leviathan_hunter,leviathan_hunter_battleship,faction_flagship_license,1,1.80,121096081.00,5600000.00,126696081.00,126.696
craft_devourers_leviathan_hunter_battleship_r10,devourers_leviathan_hunter_battleship_r10,Левиафан,10,devourers,Пожиратели,battleship,leviathan_hunter,leviathan_hunter_battleship,faction_flagship_license,2,1.60,83684525.00,5600000.00,89284525.00,89.285
craft_devourers_leviathan_hunter_battleship_r10,devourers_leviathan_hunter_battleship_r10,Левиафан,10,devourers,Пожиратели,battleship,leviathan_hunter,leviathan_hunter_battleship,faction_flagship_license,3,1.40,55581547.00,5600000.00,61181547.00,61.182
craft_devourers_leviathan_hunter_battleship_r10,devourers_leviathan_hunter_battleship_r10,Левиафан,10,devourers,Пожиратели,battleship,leviathan_hunter,leviathan_hunter_battleship,faction_flagship_license,4,1.20,34922764.00,5600000.00,40522764.00,40.523
craft_devourers_leviathan_hunter_battleship_r10,devourers_leviathan_hunter_battleship_r10,Левиафан,10,devourers,Пожиратели,battleship,leviathan_hunter,leviathan_hunter_battleship,faction_flagship_license,5,1.00,17222034.00,5600000.00,22822034.00,22.822
craft_devourers_leviathan_processor_battleship_r02,devourers_leviathan_processor_battleship_r02,Тушник,2,devourers,Пожиратели,battleship,leviathan_processor,leviathan_processor_battleship,raw_resources,0,2.00,19920.00,0.00,19920.00,0.020
craft_devourers_leviathan_processor_battleship_r02,devourers_leviathan_processor_battleship_r02,Тушник,2,devourers,Пожиратели,battleship,leviathan_processor,leviathan_processor_battleship,raw_resources,1,1.80,18080.00,0.00,18080.00,0.018
craft_devourers_leviathan_processor_battleship_r02,devourers_leviathan_processor_battleship_r02,Тушник,2,devourers,Пожиратели,battleship,leviathan_processor,leviathan_processor_battleship,raw_resources,2,1.60,16240.00,0.00,16240.00,0.016
craft_devourers_leviathan_processor_battleship_r02,devourers_leviathan_processor_battleship_r02,Тушник,2,devourers,Пожиратели,battleship,leviathan_processor,leviathan_processor_battleship,raw_resources,3,1.40,14030.00,0.00,14030.00,0.014
craft_devourers_leviathan_processor_battleship_r02,devourers_leviathan_processor_battleship_r02,Тушник,2,devourers,Пожиратели,battleship,leviathan_processor,leviathan_processor_battleship,raw_resources,4,1.20,12190.00,0.00,12190.00,0.012
craft_devourers_leviathan_processor_battleship_r02,devourers_leviathan_processor_battleship_r02,Тушник,2,devourers,Пожиратели,battleship,leviathan_processor,leviathan_processor_battleship,raw_resources,5,1.00,9960.00,0.00,9960.00,0.010
craft_devourers_leviathan_processor_battleship_r03,devourers_leviathan_processor_battleship_r03,Раздел,3,devourers,Пожиратели,battleship,leviathan_processor,leviathan_processor_battleship,raw_resources,0,2.00,54260.00,0.00,54260.00,0.054
craft_devourers_leviathan_processor_battleship_r03,devourers_leviathan_processor_battleship_r03,Раздел,3,devourers,Пожиратели,battleship,leviathan_processor,leviathan_processor_battleship,raw_resources,1,1.80,49050.00,0.00,49050.00,0.049
craft_devourers_leviathan_processor_battleship_r03,devourers_leviathan_processor_battleship_r03,Раздел,3,devourers,Пожиратели,battleship,leviathan_processor,leviathan_processor_battleship,raw_resources,2,1.60,43720.00,0.00,43720.00,0.044
craft_devourers_leviathan_processor_battleship_r03,devourers_leviathan_processor_battleship_r03,Раздел,3,devourers,Пожиратели,battleship,leviathan_processor,leviathan_processor_battleship,raw_resources,3,1.40,38160.00,0.00,38160.00,0.038
craft_devourers_leviathan_processor_battleship_r03,devourers_leviathan_processor_battleship_r03,Раздел,3,devourers,Пожиратели,battleship,leviathan_processor,leviathan_processor_battleship,raw_resources,4,1.20,32830.00,0.00,32830.00,0.033
craft_devourers_leviathan_processor_battleship_r03,devourers_leviathan_processor_battleship_r03,Раздел,3,devourers,Пожиратели,battleship,leviathan_processor,leviathan_processor_battleship,raw_resources,5,1.00,27130.00,0.00,27130.00,0.027
craft_devourers_leviathan_processor_battleship_r04,devourers_leviathan_processor_battleship_r04,Жирник,4,devourers,Пожиратели,battleship,leviathan_processor,leviathan_processor_battleship,prepared_materials,0,2.00,247040.00,0.00,247040.00,0.247
craft_devourers_leviathan_processor_battleship_r04,devourers_leviathan_processor_battleship_r04,Жирник,4,devourers,Пожиратели,battleship,leviathan_processor,leviathan_processor_battleship,prepared_materials,1,1.80,213056.00,0.00,213056.00,0.213
craft_devourers_leviathan_processor_battleship_r04,devourers_leviathan_processor_battleship_r04,Жирник,4,devourers,Пожиратели,battleship,leviathan_processor,leviathan_processor_battleship,prepared_materials,2,1.60,170518.00,0.00,170518.00,0.171
craft_devourers_leviathan_processor_battleship_r04,devourers_leviathan_processor_battleship_r04,Жирник,4,devourers,Пожиратели,battleship,leviathan_processor,leviathan_processor_battleship,prepared_materials,3,1.40,132307.00,0.00,132307.00,0.132
craft_devourers_leviathan_processor_battleship_r04,devourers_leviathan_processor_battleship_r04,Жирник,4,devourers,Пожиратели,battleship,leviathan_processor,leviathan_processor_battleship,prepared_materials,4,1.20,99308.00,0.00,99308.00,0.099
craft_devourers_leviathan_processor_battleship_r04,devourers_leviathan_processor_battleship_r04,Жирник,4,devourers,Пожиратели,battleship,leviathan_processor,leviathan_processor_battleship,prepared_materials,5,1.00,64300.00,0.00,64300.00,0.064
craft_devourers_leviathan_processor_battleship_r05,devourers_leviathan_processor_battleship_r05,Тралбой,5,devourers,Пожиратели,battleship,leviathan_processor,leviathan_processor_battleship,prepared_materials,0,2.00,677992.00,0.00,677992.00,0.678
craft_devourers_leviathan_processor_battleship_r05,devourers_leviathan_processor_battleship_r05,Тралбой,5,devourers,Пожиратели,battleship,leviathan_processor,leviathan_processor_battleship,prepared_materials,1,1.80,582126.00,0.00,582126.00,0.582
craft_devourers_leviathan_processor_battleship_r05,devourers_leviathan_processor_battleship_r05,Тралбой,5,devourers,Пожиратели,battleship,leviathan_processor,leviathan_processor_battleship,prepared_materials,2,1.60,465247.00,0.00,465247.00,0.465
craft_devourers_leviathan_processor_battleship_r05,devourers_leviathan_processor_battleship_r05,Тралбой,5,devourers,Пожиратели,battleship,leviathan_processor,leviathan_processor_battleship,prepared_materials,3,1.40,360092.00,0.00,360092.00,0.360
craft_devourers_leviathan_processor_battleship_r05,devourers_leviathan_processor_battleship_r05,Тралбой,5,devourers,Пожиратели,battleship,leviathan_processor,leviathan_processor_battleship,prepared_materials,4,1.20,269524.00,0.00,269524.00,0.270
craft_devourers_leviathan_processor_battleship_r05,devourers_leviathan_processor_battleship_r05,Тралбой,5,devourers,Пожиратели,battleship,leviathan_processor,leviathan_processor_battleship,prepared_materials,5,1.00,174748.00,0.00,174748.00,0.175
craft_devourers_leviathan_processor_battleship_r06,devourers_leviathan_processor_battleship_r06,Ворвань,6,devourers,Пожиратели,battleship,leviathan_processor,leviathan_processor_battleship,hull_and_machine_parts,0,2.00,2757980.00,0.00,2757980.00,2.758
craft_devourers_leviathan_processor_battleship_r06,devourers_leviathan_processor_battleship_r06,Ворвань,6,devourers,Пожиратели,battleship,leviathan_processor,leviathan_processor_battleship,hull_and_machine_parts,1,1.80,2307441.00,0.00,2307441.00,2.307
craft_devourers_leviathan_processor_battleship_r06,devourers_leviathan_processor_battleship_r06,Ворвань,6,devourers,Пожиратели,battleship,leviathan_processor,leviathan_processor_battleship,hull_and_machine_parts,2,1.60,1677886.00,0.00,1677886.00,1.678
craft_devourers_leviathan_processor_battleship_r06,devourers_leviathan_processor_battleship_r06,Ворвань,6,devourers,Пожиратели,battleship,leviathan_processor,leviathan_processor_battleship,hull_and_machine_parts,3,1.40,1186740.00,0.00,1186740.00,1.187
craft_devourers_leviathan_processor_battleship_r06,devourers_leviathan_processor_battleship_r06,Ворвань,6,devourers,Пожиратели,battleship,leviathan_processor,leviathan_processor_battleship,hull_and_machine_parts,4,1.20,791190.00,0.00,791190.00,0.791
craft_devourers_leviathan_processor_battleship_r06,devourers_leviathan_processor_battleship_r06,Ворвань,6,devourers,Пожиратели,battleship,leviathan_processor,leviathan_processor_battleship,hull_and_machine_parts,5,1.00,426915.00,0.00,426915.00,0.427
craft_devourers_leviathan_processor_battleship_r07,devourers_leviathan_processor_battleship_r07,Косторез,7,devourers,Пожиратели,battleship,leviathan_processor,leviathan_processor_battleship,hull_and_machine_parts,0,2.00,6887736.00,0.00,6887736.00,6.888
craft_devourers_leviathan_processor_battleship_r07,devourers_leviathan_processor_battleship_r07,Косторез,7,devourers,Пожиратели,battleship,leviathan_processor,leviathan_processor_battleship,hull_and_machine_parts,1,1.80,5703094.00,0.00,5703094.00,5.703
craft_devourers_leviathan_processor_battleship_r07,devourers_leviathan_processor_battleship_r07,Косторез,7,devourers,Пожиратели,battleship,leviathan_processor,leviathan_processor_battleship,hull_and_machine_parts,2,1.60,4124258.00,0.00,4124258.00,4.124
craft_devourers_leviathan_processor_battleship_r07,devourers_leviathan_processor_battleship_r07,Косторез,7,devourers,Пожиратели,battleship,leviathan_processor,leviathan_processor_battleship,hull_and_machine_parts,3,1.40,2918460.00,0.00,2918460.00,2.918
craft_devourers_leviathan_processor_battleship_r07,devourers_leviathan_processor_battleship_r07,Косторез,7,devourers,Пожиратели,battleship,leviathan_processor,leviathan_processor_battleship,hull_and_machine_parts,4,1.20,1929234.00,0.00,1929234.00,1.929
craft_devourers_leviathan_processor_battleship_r07,devourers_leviathan_processor_battleship_r07,Косторез,7,devourers,Пожиратели,battleship,leviathan_processor,leviathan_processor_battleship,hull_and_machine_parts,5,1.00,1058945.00,0.00,1058945.00,1.059
craft_devourers_leviathan_processor_battleship_r08,devourers_leviathan_processor_battleship_r08,Бойня,8,devourers,Пожиратели,battleship,leviathan_processor,leviathan_processor_battleship,ship_blocks,0,2.00,23947504.00,0.00,23947504.00,23.948
craft_devourers_leviathan_processor_battleship_r08,devourers_leviathan_processor_battleship_r08,Бойня,8,devourers,Пожиратели,battleship,leviathan_processor,leviathan_processor_battleship,ship_blocks,1,1.80,20843062.00,0.00,20843062.00,20.843
craft_devourers_leviathan_processor_battleship_r08,devourers_leviathan_processor_battleship_r08,Бойня,8,devourers,Пожиратели,battleship,leviathan_processor,leviathan_processor_battleship,ship_blocks,2,1.60,14737529.00,0.00,14737529.00,14.738
craft_devourers_leviathan_processor_battleship_r08,devourers_leviathan_processor_battleship_r08,Бойня,8,devourers,Пожиратели,battleship,leviathan_processor,leviathan_processor_battleship,ship_blocks,3,1.40,9908681.00,0.00,9908681.00,9.909
craft_devourers_leviathan_processor_battleship_r08,devourers_leviathan_processor_battleship_r08,Бойня,8,devourers,Пожиратели,battleship,leviathan_processor,leviathan_processor_battleship,ship_blocks,4,1.20,6441802.00,0.00,6441802.00,6.442
craft_devourers_leviathan_processor_battleship_r08,devourers_leviathan_processor_battleship_r08,Бойня,8,devourers,Пожиратели,battleship,leviathan_processor,leviathan_processor_battleship,ship_blocks,5,1.00,2732038.00,0.00,2732038.00,2.732
craft_devourers_leviathan_processor_battleship_r09,devourers_leviathan_processor_battleship_r09,Промысел,9,devourers,Пожиратели,battleship,leviathan_processor,leviathan_processor_battleship,ship_blocks,0,2.00,59823808.00,0.00,59823808.00,59.824
craft_devourers_leviathan_processor_battleship_r09,devourers_leviathan_processor_battleship_r09,Промысел,9,devourers,Пожиратели,battleship,leviathan_processor,leviathan_processor_battleship,ship_blocks,1,1.80,50094553.00,0.00,50094553.00,50.095
craft_devourers_leviathan_processor_battleship_r09,devourers_leviathan_processor_battleship_r09,Промысел,9,devourers,Пожиратели,battleship,leviathan_processor,leviathan_processor_battleship,ship_blocks,2,1.60,34144215.00,0.00,34144215.00,34.144
craft_devourers_leviathan_processor_battleship_r09,devourers_leviathan_processor_battleship_r09,Промысел,9,devourers,Пожиратели,battleship,leviathan_processor,leviathan_processor_battleship,ship_blocks,3,1.40,22870972.00,0.00,22870972.00,22.871
craft_devourers_leviathan_processor_battleship_r09,devourers_leviathan_processor_battleship_r09,Промысел,9,devourers,Пожиратели,battleship,leviathan_processor,leviathan_processor_battleship,ship_blocks,4,1.20,14135438.00,0.00,14135438.00,14.135
craft_devourers_leviathan_processor_battleship_r09,devourers_leviathan_processor_battleship_r09,Промысел,9,devourers,Пожиратели,battleship,leviathan_processor,leviathan_processor_battleship,ship_blocks,5,1.00,6770785.00,0.00,6770785.00,6.771
craft_devourers_leviathan_processor_battleship_r10,devourers_leviathan_processor_battleship_r10,Мясокомбинат,10,devourers,Пожиратели,battleship,leviathan_processor,leviathan_processor_battleship,faction_flagship_license,0,2.00,138855424.00,5600000.00,144455424.00,144.455
craft_devourers_leviathan_processor_battleship_r10,devourers_leviathan_processor_battleship_r10,Мясокомбинат,10,devourers,Пожиратели,battleship,leviathan_processor,leviathan_processor_battleship,faction_flagship_license,1,1.80,114654481.00,5600000.00,120254481.00,120.254
craft_devourers_leviathan_processor_battleship_r10,devourers_leviathan_processor_battleship_r10,Мясокомбинат,10,devourers,Пожиратели,battleship,leviathan_processor,leviathan_processor_battleship,faction_flagship_license,2,1.60,79065100.00,5600000.00,84665100.00,84.665
craft_devourers_leviathan_processor_battleship_r10,devourers_leviathan_processor_battleship_r10,Мясокомбинат,10,devourers,Пожиратели,battleship,leviathan_processor,leviathan_processor_battleship,faction_flagship_license,3,1.40,52975085.00,5600000.00,58575085.00,58.575
craft_devourers_leviathan_processor_battleship_r10,devourers_leviathan_processor_battleship_r10,Мясокомбинат,10,devourers,Пожиратели,battleship,leviathan_processor,leviathan_processor_battleship,faction_flagship_license,4,1.20,33226628.00,5600000.00,38826628.00,38.827
craft_devourers_leviathan_processor_battleship_r10,devourers_leviathan_processor_battleship_r10,Мясокомбинат,10,devourers,Пожиратели,battleship,leviathan_processor,leviathan_processor_battleship,faction_flagship_license,5,1.00,16405415.00,5600000.00,22005415.00,22.005
