recipe_id,ship_id,local_name_ru,rank,faction_id,faction_name_ru,ship_class_id,ship_class_name_ru,role_id,role_name_ru,branch_id,craft_layer,producer_building_id,base_time_min_level5_yard1,time_min_level5_yard30,required_license_item_id,required_license_amount,input_ids_level5,input_amounts_level5,target_material_fe_level5,notes_ru
craft_capital_patrol_frigate_r02,capital_patrol_frigate_r02,Коршун,2,capital,Империя,frigate,Frigate,patrol,Patrol,patrol_frigate,raw_resources,frigate_yard,1.60,1.07,,0,iron;magnesium;charcoal;copper;calcite;claudium;aerosil;quartz,80;22;73;24;14;2;13;7,5235.00,"Автосборка по рангу, классу, фракции, роли и характеристикам корабля."
craft_capital_patrol_frigate_r03,capital_patrol_frigate_r03,Стриж,3,capital,Империя,frigate,Frigate,patrol,Patrol,patrol_frigate,raw_resources,frigate_yard,3.75,2.50,,0,iron;magnesium;charcoal;copper;calcite;claudium;aerosil;quartz,194;53;182;59;35;6;32;19,12833.45,"Автосборка по рангу, классу, фракции, роли и характеристикам корабля."
craft_capital_patrol_frigate_r04,capital_patrol_frigate_r04,Шершень,4,capital,Империя,frigate,Frigate,patrol,Patrol,patrol_frigate,prepared_materials,frigate_yard,9.00,6.00,,0,steel;bulat;elektron;brass;aramid;siloxane;orkit;resin;bakelite;iron,195;16;52;41;13;20;11;17;26;83,33453.69,"Автосборка по рангу, классу, фракции, роли и характеристикам корабля."
craft_capital_patrol_frigate_r05,capital_patrol_frigate_r05,Горностай,5,capital,Империя,frigate,Frigate,patrol,Patrol,patrol_frigate,prepared_materials,frigate_yard,22.50,15.00,,0,steel;bulat;elektron;brass;aramid;siloxane;orkit;resin;bakelite;glass_ceramic,464;40;125;99;32;49;26;39;61;43,79929.14,"Автосборка по рангу, классу, фракции, роли и характеристикам корабля."
craft_capital_patrol_frigate_r06,capital_patrol_frigate_r06,Вымпел,6,capital,Империя,frigate,Frigate,patrol,Patrol,patrol_frigate,hull_and_machine_parts,frigate_yard,60.00,40.00,,0,bulkhead;deck_section;armor_plate;actuator;beam;hatch;plating;gyroscope;engine;steel;cowling;transmission,24;24;9;3;24;16;17;2;1;213;10;1,192954.79,"Автосборка по рангу, классу, фракции, роли и характеристикам корабля."
craft_capital_patrol_frigate_r07,capital_patrol_frigate_r07,Ястреб,7,capital,Империя,frigate,Frigate,patrol,Patrol,patrol_frigate,hull_and_machine_parts,frigate_yard,135.00,90.00,,0,bulkhead;deck_section;armor_plate;actuator;beam;hatch;plating;gyroscope;engine;cowling;transmission;steel,68;69;25;9;66;44;48;5;4;28;3;449,537938.35,"Автосборка по рангу, классу, фракции, роли и характеристикам корабля."
craft_capital_patrol_frigate_r08,capital_patrol_frigate_r08,Сокол,8,capital,Империя,frigate,Frigate,patrol,Patrol,patrol_frigate,ship_blocks,frigate_yard,270.00,180.00,,0,propulsion_block;defense_block;power_block;weapon_block;instrument_block;cargo_block;bulkhead;deck_section;armor_plate;actuator;hatch;beam;plating;gyroscope,2;2;1;1;1;1;66;67;25;9;43;64;46;6,1217304.14,"Автосборка по рангу, классу, фракции, роли и характеристикам корабля."
craft_capital_patrol_frigate_r09,capital_patrol_frigate_r09,Кречет,9,capital,Империя,frigate,Frigate,patrol,Patrol,patrol_frigate,ship_blocks,frigate_yard,495.00,330.00,,0,propulsion_block;defense_block;power_block;weapon_block;instrument_block;cargo_block;bulkhead;deck_section;armor_plate;actuator;hatch;beam;steel;plating,4;7;4;4;2;3;137;142;53;19;91;130;1811;95,3349243.74,"Автосборка по рангу, классу, фракции, роли и характеристикам корабля."
craft_capital_patrol_frigate_r10,capital_patrol_frigate_r10,Орлан,10,capital,Империя,frigate,Frigate,patrol,Patrol,patrol_frigate,faction_flagship_license,frigate_yard,900.00,600.00,capital_flagship_license,1,propulsion_block;defense_block;power_block;weapon_block;instrument_block;cargo_block;steel;deck_section;bulkhead;armor_plate;actuator;hatch;beam;gyroscope;plating;engine,8;13;9;8;5;6;6990;377;358;141;52;242;335;30;245;22,7857110.88,"Автосборка по рангу, классу, фракции, роли и характеристикам корабля."
craft_capital_recon_frigate_r02,capital_recon_frigate_r02,Фонарщик,2,capital,Империя,frigate,Frigate,recon,Recon,recon_frigate,raw_resources,frigate_yard,1.60,1.07,,0,iron;magnesium;quartz;copper;charcoal;calcite;claudium;aerosil,64;25;23;22;44;10;3;17,5110.82,"Автосборка по рангу, классу, фракции, роли и характеристикам корабля."
craft_capital_recon_frigate_r03,capital_recon_frigate_r03,Лучник,3,capital,Империя,frigate,Frigate,recon,Recon,recon_frigate,raw_resources,frigate_yard,3.75,2.50,,0,iron;magnesium;quartz;copper;charcoal;calcite;claudium;aerosil,157;62;59;55;109;24;7;42,12817.49,"Автосборка по рангу, классу, фракции, роли и характеристикам корабля."
craft_capital_recon_frigate_r04,capital_recon_frigate_r04,Искатель,4,capital,Империя,frigate,Frigate,recon,Recon,recon_frigate,prepared_materials,frigate_yard,9.00,6.00,,0,steel;elektron;invar;siloxane;textolite;glass_ceramic;melchior;orkit;resin;brass,129;60;19;26;10;31;17;12;17;26,31869.85,"Автосборка по рангу, классу, фракции, роли и характеристикам корабля."
craft_capital_recon_frigate_r05,capital_recon_frigate_r05,Визир,5,capital,Империя,frigate,Frigate,recon,Recon,recon_frigate,prepared_materials,frigate_yard,22.50,15.00,,0,steel;elektron;invar;glass_ceramic;melchior;textolite;siloxane;orkit;resin;brass,326;150;52;86;48;28;63;30;42;65,82513.13,"Автосборка по рангу, классу, фракции, роли и характеристикам корабля."
craft_capital_recon_frigate_r06,capital_recon_frigate_r06,Дозор,6,capital,Империя,frigate,Frigate,recon,Recon,recon_frigate,hull_and_machine_parts,frigate_yard,60.00,40.00,,0,sensor;gyroscope;cowling;plating;bulkhead;beam;calculator;deck_section;engine;actuator;transmission;hatch,5;2;19;19;19;23;1;17;2;2;1;10,201587.44,"Автосборка по рангу, классу, фракции, роли и характеристикам корабля."
craft_capital_recon_frigate_r07,capital_recon_frigate_r07,Лоцман,7,capital,Империя,frigate,Frigate,recon,Recon,recon_frigate,hull_and_machine_parts,frigate_yard,135.00,90.00,,0,sensor;gyroscope;cowling;plating;bulkhead;calculator;beam;deck_section;engine;actuator;hatch;transmission,11;7;49;48;49;4;58;44;5;6;27;4,526210.08,"Автосборка по рангу, классу, фракции, роли и характеристикам корабля."
craft_capital_recon_frigate_r08,capital_recon_frigate_r08,Следопыт,8,capital,Империя,frigate,Frigate,recon,Recon,recon_frigate,ship_blocks,frigate_yard,270.00,180.00,,0,instrument_block;propulsion_block;power_block;defense_block;cargo_block;sensor;weapon_block;gyroscope;cowling;hangar_block;bulkhead;calculator;plating;beam,2;2;1;2;1;8;1;4;34;1;34;3;33;39,1325869.02,"Автосборка по рангу, классу, фракции, роли и характеристикам корабля."
craft_capital_recon_frigate_r09,capital_recon_frigate_r09,Горизонт,9,capital,Империя,frigate,Frigate,recon,Recon,recon_frigate,ship_blocks,frigate_yard,495.00,330.00,,0,instrument_block;propulsion_block;power_block;defense_block;cargo_block;sensor;weapon_block;hangar_block;gyroscope;cowling;calculator;bulkhead;plating;beam,5;5;4;4;3;24;1;1;14;102;9;101;95;115,3371039.67,"Автосборка по рангу, классу, фракции, роли и характеристикам корабля."
craft_capital_recon_frigate_r10,capital_recon_frigate_r10,Аргус,10,capital,Империя,frigate,Frigate,recon,Recon,recon_frigate,faction_flagship_license,frigate_yard,900.00,600.00,capital_flagship_license,1,instrument_block;propulsion_block;power_block;defense_block;cargo_block;sensor;gyroscope;weapon_block;cowling;hangar_block;calculator;bulkhead;plating;steel;deck_section;beam,11;10;7;8;5;63;37;3;266;1;23;262;246;4549;239;296,7681336.38,"Автосборка по рангу, классу, фракции, роли и характеристикам корабля."
craft_capital_cargo_frigate_r02,capital_cargo_frigate_r02,Возчик,2,capital,Империя,frigate,Frigate,cargo,Cargo,cargo_frigate,raw_resources,frigate_yard,1.60,1.07,,0,iron;magnesium;calcite;charcoal;copper;claudium;quartz;aerosil,81;25;14;44;13;2;8;12,4748.70,"Автосборка по рангу, классу, фракции, роли и характеристикам корабля."
craft_capital_cargo_frigate_r03,capital_cargo_frigate_r03,Тягун,3,capital,Империя,frigate,Frigate,cargo,Cargo,cargo_frigate,raw_resources,frigate_yard,3.75,2.50,,0,iron;magnesium;calcite;charcoal;copper;claudium;quartz;aerosil,197;60;36;106;30;5;20;28,11538.64,"Автосборка по рангу, классу, фракции, роли и характеристикам корабля."
craft_capital_cargo_frigate_r04,capital_cargo_frigate_r04,Купец,4,capital,Империя,frigate,Frigate,cargo,Cargo,cargo_frigate,prepared_materials,frigate_yard,9.00,6.00,,0,steel;elektron;resin;brass;rubber;siloxane;iron;bulat;orkit;invar,169;62;24;38;12;19;90;7;9;8,30061.87,"Автосборка по рангу, классу, фракции, роли и характеристикам корабля."
craft_capital_cargo_frigate_r05,capital_cargo_frigate_r05,Подкова,5,capital,Империя,frigate,Frigate,cargo,Cargo,cargo_frigate,prepared_materials,frigate_yard,22.50,15.00,,0,steel;elektron;resin;brass;rubber;siloxane;bulat;orkit;invar;bakelite,406;149;58;91;32;46;16;23;20;46,72197.39,"Автосборка по рангу, классу, фракции, роли и характеристикам корабля."
craft_capital_cargo_frigate_r06,capital_cargo_frigate_r06,Артель,6,capital,Империя,frigate,Frigate,cargo,Cargo,cargo_frigate,hull_and_machine_parts,frigate_yard,60.00,40.00,,0,bulkhead;deck_section;beam;actuator;hatch;plating;airlock;pump;engine;cowling;steel;gyroscope,32;25;29;3;17;18;10;2;2;10;209;1,202257.66,"Автосборка по рангу, классу, фракции, роли и характеристикам корабля."
craft_capital_cargo_frigate_r07,capital_cargo_frigate_r07,Снабженец,7,capital,Империя,frigate,Frigate,cargo,Cargo,cargo_frigate,hull_and_machine_parts,frigate_yard,135.00,90.00,,0,bulkhead;deck_section;beam;actuator;hatch;plating;pump;airlock;engine;cowling;gyroscope;sensor,80;63;70;9;42;44;7;25;4;26;3;4,504737.75,"Автосборка по рангу, классу, фракции, роли и характеристикам корабля."
craft_capital_cargo_frigate_r08,capital_cargo_frigate_r08,Пристав,8,capital,Империя,frigate,Frigate,cargo,Cargo,cargo_frigate,ship_blocks,frigate_yard,270.00,180.00,,0,propulsion_block;cargo_block;power_block;defense_block;instrument_block;industry_block;bulkhead;deck_section;actuator;beam;hatch;hangar_block;plating;weapon_block,1;2;1;2;1;1;34;27;3;30;17;1;18;1,1176072.93,"Автосборка по рангу, классу, фракции, роли и характеристикам корабля."
craft_capital_cargo_frigate_r09,capital_cargo_frigate_r09,Кладовщик,9,capital,Империя,frigate,Frigate,cargo,Cargo,cargo_frigate,ship_blocks,frigate_yard,495.00,330.00,,0,propulsion_block;cargo_block;power_block;defense_block;instrument_block;industry_block;bulkhead;hangar_block;deck_section;actuator;weapon_block;beam;hatch;plating,3;6;3;5;2;2;154;1;120;17;1;133;80;82,3054923.63,"Автосборка по рангу, классу, фракции, роли и характеристикам корабля."
craft_capital_cargo_frigate_r10,capital_cargo_frigate_r10,Опора,10,capital,Империя,frigate,Frigate,cargo,Cargo,cargo_frigate,faction_flagship_license,frigate_yard,900.00,600.00,capital_flagship_license,1,propulsion_block;cargo_block;power_block;defense_block;instrument_block;industry_block;bulkhead;steel;deck_section;actuator;beam;hangar_block;hatch;pump;plating;weapon_block,8;13;8;11;5;4;460;6521;355;52;393;1;239;43;240;2,8066368.21,"Автосборка по рангу, классу, фракции, роли и характеристикам корабля."
craft_capital_artillery_cruiser_r02,capital_artillery_cruiser_r02,Барбет,2,capital,Империя,cruiser,Cruiser,artillery,Artillery,artillery_cruiser,raw_resources,cruiser_yard,1.60,1.07,,0,iron;charcoal;copper;calcite;magnesium;sylvine;bone_grit;nickel,119;102;33;22;19;6;9;3,6884.16,"Автосборка по рангу, классу, фракции, роли и характеристикам корабля."
craft_capital_artillery_cruiser_r03,capital_artillery_cruiser_r03,Калибр,3,capital,Империя,cruiser,Cruiser,artillery,Artillery,artillery_cruiser,raw_resources,cruiser_yard,3.75,2.50,,0,iron;charcoal;copper;calcite;magnesium;sylvine;bone_grit;nickel,294;260;83;56;46;16;24;8,17183.06,"Автосборка по рангу, классу, фракции, роли и характеристикам корабля."
craft_capital_artillery_cruiser_r04,capital_artillery_cruiser_r04,Бастион,4,capital,Империя,cruiser,Cruiser,artillery,Artillery,artillery_cruiser,prepared_materials,cruiser_yard,9.00,6.00,,0,steel;bulat;brass;elektron;bakelite;iron;aramid;resin;glass_ceramic;rubber,292;25;60;40;40;126;14;21;27;11,43821.74,"Автосборка по рангу, классу, фракции, роли и характеристикам корабля."
craft_capital_artillery_cruiser_r05,capital_artillery_cruiser_r05,Громобой,5,capital,Империя,cruiser,Cruiser,artillery,Artillery,artillery_cruiser,prepared_materials,cruiser_yard,22.50,15.00,,0,steel;bulat;brass;elektron;bakelite;glass_ceramic;aramid;resin;rubber;bronze,684;61;141;88;93;73;33;46;27;66,101691.69,"Автосборка по рангу, классу, фракции, роли и характеристикам корабля."
craft_capital_artillery_cruiser_r06,capital_artillery_cruiser_r06,Держава,6,capital,Империя,cruiser,Cruiser,artillery,Artillery,artillery_cruiser,hull_and_machine_parts,cruiser_yard,60.00,40.00,,0,bulkhead;deck_section;armor_plate;hatch;beam;actuator;plating;gyroscope;steel;calculator;sensor;munition_bundle,42;38;15;26;36;4;23;2;347;1;2;12,280315.68,"Автосборка по рангу, классу, фракции, роли и характеристикам корабля."
craft_capital_artillery_cruiser_r07,capital_artillery_cruiser_r07,Редут,7,capital,Империя,cruiser,Cruiser,artillery,Artillery,artillery_cruiser,hull_and_machine_parts,cruiser_yard,135.00,90.00,,0,bulkhead;deck_section;armor_plate;hatch;beam;actuator;plating;gyroscope;steel;calculator;sensor;munition_bundle,100;90;37;61;83;9;52;5;616;3;4;29,654425.23,"Автосборка по рангу, классу, фракции, роли и характеристикам корабля."
craft_capital_artillery_cruiser_r08,capital_artillery_cruiser_r08,Форпост,8,capital,Империя,cruiser,Cruiser,artillery,Artillery,artillery_cruiser,ship_blocks,cruiser_yard,270.00,180.00,,0,defense_block;power_block;weapon_block;propulsion_block;instrument_block;cargo_block;bulkhead;armor_plate;deck_section;hatch;beam;actuator;steel;plating,4;2;2;1;1;2;106;41;96;66;86;10;1041;54,1796062.87,"Автосборка по рангу, классу, фракции, роли и характеристикам корабля."
craft_capital_artillery_cruiser_r09,capital_artillery_cruiser_r09,Триумф,9,capital,Империя,cruiser,Cruiser,artillery,Artillery,artillery_cruiser,ship_blocks,cruiser_yard,495.00,330.00,,0,defense_block;weapon_block;power_block;propulsion_block;instrument_block;cargo_block;bulkhead;armor_plate;deck_section;hatch;steel;actuator;beam;plating,10;5;5;4;3;4;210;82;195;133;2606;21;168;107,4276272.02,"Автосборка по рангу, классу, фракции, роли и характеристикам корабля."
craft_capital_artillery_cruiser_r10,capital_artillery_cruiser_r10,Аврора,10,capital,Империя,cruiser,Cruiser,artillery,Artillery,artillery_cruiser,faction_flagship_license,cruiser_yard,900.00,600.00,capital_flagship_license,1,defense_block;weapon_block;power_block;instrument_block;propulsion_block;cargo_block;bulkhead;steel;deck_section;armor_plate;hatch;actuator;beam;plating;gyroscope;bulat,23;12;11;8;8;9;628;11413;587;245;401;65;496;321;37;1080,11503611.61,"Автосборка по рангу, классу, фракции, роли и характеристикам корабля."
craft_capital_light_recon_cruiser_r02,capital_light_recon_cruiser_r02,Дозорный,2,capital,Империя,cruiser,Cruiser,light_recon,LightRecon,light_recon_cruiser,raw_resources,cruiser_yard,1.60,1.07,,0,iron;magnesium;copper;quartz;calcite;charcoal;ionide;nickel,90;23;28;25;15;59;2;4,6214.60,"Автосборка по рангу, классу, фракции, роли и характеристикам корабля."
craft_capital_light_recon_cruiser_r03,capital_light_recon_cruiser_r03,Радиант,3,capital,Империя,cruiser,Cruiser,light_recon,LightRecon,light_recon_cruiser,raw_resources,cruiser_yard,3.75,2.50,,0,iron;magnesium;copper;quartz;calcite;charcoal;ionide;nickel,254;69;84;74;43;173;5;11,18144.96,"Автосборка по рангу, классу, фракции, роли и характеристикам корабля."
craft_capital_light_recon_cruiser_r04,capital_light_recon_cruiser_r04,Просвет,4,capital,Империя,cruiser,Cruiser,light_recon,LightRecon,light_recon_cruiser,prepared_materials,cruiser_yard,9.00,6.00,,0,steel;invar;elektron;glass_ceramic;melchior;textolite;bulat;brass;siloxane;resin,201;24;57;47;25;14;11;39;23;22,41318.28,"Автосборка по рангу, классу, фракции, роли и характеристикам корабля."
craft_capital_light_recon_cruiser_r05,capital_light_recon_cruiser_r05,Сигнал,5,capital,Империя,cruiser,Cruiser,light_recon,LightRecon,light_recon_cruiser,prepared_materials,cruiser_yard,22.50,15.00,,0,steel;invar;elektron;glass_ceramic;melchior;textolite;bulat;brass;siloxane;resin,525;66;157;130;68;37;31;104;61;55,111600.69,"Автосборка по рангу, классу, фракции, роли и характеристикам корабля."
craft_capital_light_recon_cruiser_r06,capital_light_recon_cruiser_r06,Вектор,6,capital,Империя,cruiser,Cruiser,light_recon,LightRecon,light_recon_cruiser,hull_and_machine_parts,cruiser_yard,60.00,40.00,,0,sensor;bulkhead;gyroscope;deck_section;calculator;beam;plating;cowling;hatch;actuator;armor_plate;engine,5;30;3;25;2;30;22;19;16;3;7;2,259217.87,"Автосборка по рангу, классу, фракции, роли и характеристикам корабля."
craft_capital_light_recon_cruiser_r07,capital_light_recon_cruiser_r07,Навигатор,7,capital,Империя,cruiser,Cruiser,light_recon,LightRecon,light_recon_cruiser,hull_and_machine_parts,cruiser_yard,135.00,90.00,,0,sensor;bulkhead;gyroscope;deck_section;calculator;beam;plating;cowling;hatch;armor_plate;actuator;engine,14;79;8;66;5;77;58;52;44;20;7;4,690318.82,"Автосборка по рангу, классу, фракции, роли и характеристикам корабля."
craft_capital_light_recon_cruiser_r08,capital_light_recon_cruiser_r08,Обсерватор,8,capital,Империя,cruiser,Cruiser,light_recon,LightRecon,light_recon_cruiser,ship_blocks,cruiser_yard,270.00,180.00,,0,instrument_block;propulsion_block;defense_block;power_block;cargo_block;weapon_block;sensor;bulkhead;gyroscope;hangar_block;calculator;deck_section;cowling;plating,2;2;2;2;1;1;13;74;7;1;5;63;49;54,1658883.50,"Автосборка по рангу, классу, фракции, роли и характеристикам корабля."
craft_capital_light_recon_cruiser_r09,capital_light_recon_cruiser_r09,Меридиан,9,capital,Империя,cruiser,Cruiser,light_recon,LightRecon,light_recon_cruiser,ship_blocks,cruiser_yard,495.00,330.00,,0,instrument_block;propulsion_block;defense_block;power_block;cargo_block;weapon_block;sensor;hangar_block;bulkhead;gyroscope;calculator;deck_section;cowling;plating,7;6;7;5;4;2;32;1;172;18;12;146;117;124,4634163.47,"Автосборка по рангу, классу, фракции, роли и характеристикам корабля."
craft_capital_light_recon_cruiser_r10,capital_light_recon_cruiser_r10,Фарватер,10,capital,Империя,cruiser,Cruiser,light_recon,LightRecon,light_recon_cruiser,faction_flagship_license,cruiser_yard,900.00,600.00,capital_flagship_license,1,instrument_block;propulsion_block;defense_block;power_block;cargo_block;weapon_block;sensor;bulkhead;steel;gyroscope;calculator;hangar_block;deck_section;cowling;plating;beam,16;13;16;10;9;5;92;483;8084;50;35;2;412;333;344;439,11514788.72,"Автосборка по рангу, классу, фракции, роли и характеристикам корабля."
craft_capital_bomb_artillery_cruiser_r02,capital_bomb_artillery_cruiser_r02,Гренадер,2,capital,Империя,cruiser,Cruiser,bomb_artillery,BombArtillery,bomb_artillery_cruiser,raw_resources,cruiser_yard,1.60,1.07,,0,iron;charcoal;copper;calcite;magnesium;sylvine;acid;bone_grit,100;109;35;18;17;7;2;9,6439.85,"Автосборка по рангу, классу, фракции, роли и характеристикам корабля."
craft_capital_bomb_artillery_cruiser_r03,capital_bomb_artillery_cruiser_r03,Фугас,3,capital,Империя,cruiser,Cruiser,bomb_artillery,BombArtillery,bomb_artillery_cruiser,raw_resources,cruiser_yard,3.75,2.50,,0,iron;charcoal;copper;calcite;magnesium;sylvine;acid;bone_grit,251;276;89;47;45;18;4;22,16381.72,"Автосборка по рангу, классу, фракции, роли и характеристикам корабля."
craft_capital_bomb_artillery_cruiser_r04,capital_bomb_artillery_cruiser_r04,Каскад,4,capital,Империя,cruiser,Cruiser,bomb_artillery,BombArtillery,bomb_artillery_cruiser,prepared_materials,cruiser_yard,9.00,6.00,,0,steel;bulat;brass;aramid;elektron;bakelite;resin;glass_ceramic;iron;rubber,280;28;64;18;37;34;21;28;111;11,43953.87,"Автосборка по рангу, классу, фракции, роли и характеристикам корабля."
craft_capital_bomb_artillery_cruiser_r05,capital_bomb_artillery_cruiser_r05,Залп,5,capital,Империя,cruiser,Cruiser,bomb_artillery,BombArtillery,bomb_artillery_cruiser,prepared_materials,cruiser_yard,22.50,15.00,,0,steel;bulat;brass;aramid;elektron;resin;bakelite;glass_ceramic;rubber;munition_bundle,721;71;164;47;99;54;87;70;30;5,112419.00,"Автосборка по рангу, классу, фракции, роли и характеристикам корабля."
craft_capital_bomb_artillery_cruiser_r06,capital_bomb_artillery_cruiser_r06,Обвал,6,capital,Империя,cruiser,Cruiser,bomb_artillery,BombArtillery,bomb_artillery_cruiser,hull_and_machine_parts,cruiser_yard,60.00,40.00,,0,bulkhead;deck_section;armor_plate;actuator;hatch;beam;plating;gyroscope;steel;munition_bundle;calculator;weapon,38;39;16;5;26;35;22;2;342;15;1;10,289522.64,"Автосборка по рангу, классу, фракции, роли и характеристикам корабля."
craft_capital_bomb_artillery_cruiser_r07,capital_bomb_artillery_cruiser_r07,Шрапнель,7,capital,Империя,cruiser,Cruiser,bomb_artillery,BombArtillery,bomb_artillery_cruiser,hull_and_machine_parts,cruiser_yard,135.00,90.00,,0,bulkhead;deck_section;armor_plate;actuator;hatch;beam;plating;gyroscope;munition_bundle;steel;calculator;weapon,89;91;37;12;59;80;48;6;34;593;3;23,654720.57,"Автосборка по рангу, классу, фракции, роли и характеристикам корабля."
craft_capital_bomb_artillery_cruiser_r08,capital_bomb_artillery_cruiser_r08,Мортира,8,capital,Империя,cruiser,Cruiser,bomb_artillery,BombArtillery,bomb_artillery_cruiser,ship_blocks,cruiser_yard,270.00,180.00,,0,defense_block;weapon_block;power_block;propulsion_block;instrument_block;cargo_block;bulkhead;deck_section;armor_plate;actuator;hatch;beam;industry_block;steel,3;2;2;1;1;2;90;92;37;12;60;80;1;952,1701219.91,"Автосборка по рангу, классу, фракции, роли и характеристикам корабля."
craft_capital_bomb_artillery_cruiser_r09,capital_bomb_artillery_cruiser_r09,Бомбард,9,capital,Империя,cruiser,Cruiser,bomb_artillery,BombArtillery,bomb_artillery_cruiser,ship_blocks,cruiser_yard,495.00,330.00,,0,defense_block;weapon_block;power_block;propulsion_block;instrument_block;cargo_block;bulkhead;deck_section;armor_plate;actuator;industry_block;hatch;steel;beam,9;6;5;4;3;4;198;203;83;27;1;132;2620;173,4455845.80,"Автосборка по рангу, классу, фракции, роли и характеристикам корабля."
craft_capital_bomb_artillery_cruiser_r10,capital_bomb_artillery_cruiser_r10,Вулкан,10,capital,Империя,cruiser,Cruiser,bomb_artillery,BombArtillery,bomb_artillery_cruiser,faction_flagship_license,cruiser_yard,900.00,600.00,capital_flagship_license,1,weapon_block;defense_block;power_block;propulsion_block;instrument_block;cargo_block;steel;bulkhead;deck_section;armor_plate;actuator;hatch;beam;industry_block;gyroscope;bulat,13;20;11;7;6;9;10457;539;553;225;75;361;466;2;35;1084,10821753.22,"Автосборка по рангу, классу, фракции, роли и характеристикам корабля."
craft_capital_long_range_heavy_cruiser_r02,capital_long_range_heavy_cruiser_r02,Рейнджер,2,capital,Империя,cruiser,Cruiser,long_range_heavy,LongRangeHeavy,long_range_heavy_cruiser,raw_resources,cruiser_yard,1.60,1.07,,0,iron;charcoal;copper;calcite;magnesium;sylvine;bone_grit;nickel,119;105;34;22;18;6;10;3,6907.85,"Автосборка по рангу, классу, фракции, роли и характеристикам корабля."
craft_capital_long_range_heavy_cruiser_r03,capital_long_range_heavy_cruiser_r03,Пеленг,3,capital,Империя,cruiser,Cruiser,long_range_heavy,LongRangeHeavy,long_range_heavy_cruiser,raw_resources,cruiser_yard,3.75,2.50,,0,iron;charcoal;copper;calcite;magnesium;sylvine;bone_grit;nickel,308;277;89;58;47;17;26;9,18087.66,"Автосборка по рангу, классу, фракции, роли и характеристикам корабля."
craft_capital_long_range_heavy_cruiser_r04,capital_long_range_heavy_cruiser_r04,Рубикон,4,capital,Империя,cruiser,Cruiser,long_range_heavy,LongRangeHeavy,long_range_heavy_cruiser,prepared_materials,cruiser_yard,9.00,6.00,,0,steel;bulat;brass;bakelite;elektron;glass_ceramic;iron;aramid;resin;rubber,328;29;68;45;39;35;141;15;22;12,49122.63,"Автосборка по рангу, классу, фракции, роли и характеристикам корабля."
craft_capital_long_range_heavy_cruiser_r05,capital_long_range_heavy_cruiser_r05,Дальник,5,capital,Империя,cruiser,Cruiser,long_range_heavy,LongRangeHeavy,long_range_heavy_cruiser,prepared_materials,cruiser_yard,22.50,15.00,,0,steel;bulat;brass;bakelite;glass_ceramic;elektron;aramid;resin;rubber;bronze,772;71;161;104;86;91;37;52;30;74,114624.05,"Автосборка по рангу, классу, фракции, роли и характеристикам корабля."
craft_capital_long_range_heavy_cruiser_r06,capital_long_range_heavy_cruiser_r06,Зенит,6,capital,Империя,cruiser,Cruiser,long_range_heavy,LongRangeHeavy,long_range_heavy_cruiser,hull_and_machine_parts,cruiser_yard,60.00,40.00,,0,bulkhead;armor_plate;deck_section;hatch;beam;actuator;plating;gyroscope;steel;calculator;munition_bundle;sensor,46;18;42;29;39;4;24;2;385;1;15;2,312153.20,"Автосборка по рангу, классу, фракции, роли и характеристикам корабля."
craft_capital_long_range_heavy_cruiser_r07,capital_long_range_heavy_cruiser_r07,Канонир,7,capital,Империя,cruiser,Cruiser,long_range_heavy,LongRangeHeavy,long_range_heavy_cruiser,hull_and_machine_parts,cruiser_yard,135.00,90.00,,0,bulkhead;armor_plate;deck_section;hatch;beam;actuator;plating;gyroscope;calculator;steel;sensor;munition_bundle,109;42;100;68;90;10;55;6;3;681;5;34,725146.75,"Автосборка по рангу, классу, фракции, роли и характеристикам корабля."
craft_capital_long_range_heavy_cruiser_r08,capital_long_range_heavy_cruiser_r08,Магистраль,8,capital,Империя,cruiser,Cruiser,long_range_heavy,LongRangeHeavy,long_range_heavy_cruiser,ship_blocks,cruiser_yard,270.00,180.00,,0,defense_block;power_block;weapon_block;instrument_block;propulsion_block;cargo_block;bulkhead;armor_plate;deck_section;hatch;beam;actuator;steel;plating,5;2;2;1;1;2;114;43;102;70;92;10;1113;57,1894804.38,"Автосборка по рангу, классу, фракции, роли и характеристикам корабля."
craft_capital_long_range_heavy_cruiser_r09,capital_long_range_heavy_cruiser_r09,Баллиста,9,capital,Империя,cruiser,Cruiser,long_range_heavy,LongRangeHeavy,long_range_heavy_cruiser,ship_blocks,cruiser_yard,495.00,330.00,,0,defense_block;power_block;weapon_block;instrument_block;propulsion_block;cargo_block;bulkhead;armor_plate;deck_section;hatch;steel;beam;actuator;plating,11;5;5;4;4;4;228;88;206;142;2781;178;22;112,4532281.10,"Автосборка по рангу, классу, фракции, роли и характеристикам корабля."
craft_capital_long_range_heavy_cruiser_r10,capital_long_range_heavy_cruiser_r10,Монарх,10,capital,Империя,cruiser,Cruiser,long_range_heavy,LongRangeHeavy,long_range_heavy_cruiser,faction_flagship_license,cruiser_yard,900.00,600.00,capital_flagship_license,1,defense_block;weapon_block;power_block;instrument_block;propulsion_block;cargo_block;bulkhead;steel;armor_plate;deck_section;hatch;actuator;beam;plating;gyroscope;bulat,25;12;12;8;8;10;674;12065;260;615;425;66;517;327;38;1139,12060546.12,"Автосборка по рангу, классу, фракции, роли и характеристикам корабля."
craft_capital_repair_cruiser_r02,capital_repair_cruiser_r02,Кузнец,2,capital,Империя,cruiser,Cruiser,repair,Repair,repair_cruiser,raw_resources,cruiser_yard,1.60,1.07,,0,iron;magnesium;calcite;charcoal;copper;acid;leviathan_ichor;vespar,131;23;23;69;23;3;1;5,7273.01,"Автосборка по рангу, классу, фракции, роли и характеристикам корабля."
craft_capital_repair_cruiser_r03,capital_repair_cruiser_r03,Лекарь,3,capital,Империя,cruiser,Cruiser,repair,Repair,repair_cruiser,raw_resources,cruiser_yard,3.75,2.50,,0,iron;magnesium;calcite;charcoal;copper;acid;leviathan_ichor;vespar,303;57;55;166;54;8;2;13,17280.90,"Автосборка по рангу, классу, фракции, роли и характеристикам корабля."
craft_capital_repair_cruiser_r04,capital_repair_cruiser_r04,Шовник,4,capital,Империя,cruiser,Cruiser,repair,Repair,repair_cruiser,prepared_materials,cruiser_yard,9.00,6.00,,0,steel;resin;rubber;elektron;bulat;siloxane;brass;bakelite;iron;fluoroplastic,257;51;29;55;14;32;45;40;133;9,47107.26,"Автосборка по рангу, классу, фракции, роли и характеристикам корабля."
craft_capital_repair_cruiser_r05,capital_repair_cruiser_r05,Сварщик,5,capital,Империя,cruiser,Cruiser,repair,Repair,repair_cruiser,prepared_materials,cruiser_yard,22.50,15.00,,0,steel;resin;rubber;elektron;bulat;siloxane;brass;bakelite;fluoroplastic;leviathan_ichor,642;127;74;136;36;79;115;98;23;12,117240.91,"Автосборка по рангу, классу, фракции, роли и характеристикам корабля."
craft_capital_repair_cruiser_r06,capital_repair_cruiser_r06,Медик,6,capital,Империя,cruiser,Cruiser,repair,Repair,repair_cruiser,hull_and_machine_parts,cruiser_yard,60.00,40.00,,0,bulkhead;pump;beam;deck_section;sensor;plating;hatch;armor_plate;calculator;airlock;steel;actuator,40;6;37;28;4;25;20;9;1;12;281;2,274184.13,"Автосборка по рангу, классу, фракции, роли и характеристикам корабля."
craft_capital_repair_cruiser_r07,capital_repair_cruiser_r07,Скрепа,7,capital,Империя,cruiser,Cruiser,repair,Repair,repair_cruiser,hull_and_machine_parts,cruiser_yard,135.00,90.00,,0,bulkhead;pump;beam;deck_section;sensor;plating;hatch;armor_plate;calculator;airlock;actuator;gyroscope,103;15;91;73;10;60;52;25;4;31;6;4,697472.94,"Автосборка по рангу, классу, фракции, роли и характеристикам корабля."
craft_capital_repair_cruiser_r08,capital_repair_cruiser_r08,Спасатель,8,capital,Империя,cruiser,Cruiser,repair,Repair,repair_cruiser,ship_blocks,cruiser_yard,270.00,180.00,,0,defense_block;instrument_block;propulsion_block;power_block;industry_block;cargo_block;bulkhead;hangar_block;pump;deck_section;sensor;weapon_block;beam;plating,3;2;2;2;1;2;89;1;13;64;9;1;78;52,1869165.55,"Автосборка по рангу, классу, фракции, роли и характеристикам корабля."
craft_capital_repair_cruiser_r09,capital_repair_cruiser_r09,Асклепий,9,capital,Империя,cruiser,Cruiser,repair,Repair,repair_cruiser,ship_blocks,cruiser_yard,495.00,330.00,,0,defense_block;instrument_block;propulsion_block;power_block;cargo_block;industry_block;hangar_block;bulkhead;weapon_block;pump;sensor;deck_section;beam;hatch,12;5;4;5;5;2;1;218;2;32;23;159;185;113,4774941.04,"Автосборка по рангу, классу, фракции, роли и характеристикам корабля."
craft_capital_repair_cruiser_r10,capital_repair_cruiser_r10,Милосерд,10,capital,Империя,cruiser,Cruiser,repair,Repair,repair_cruiser,faction_flagship_license,cruiser_yard,900.00,600.00,capital_flagship_license,1,defense_block;instrument_block;propulsion_block;power_block;cargo_block;industry_block;bulkhead;hangar_block;pump;steel;weapon_block;sensor;deck_section;beam;hatch;plating,25;11;9;10;11;4;608;3;89;9252;4;66;447;505;318;340,11692188.90,"Автосборка по рангу, классу, фракции, роли и характеристикам корабля."
craft_capital_industrial_cruiser_r02,capital_industrial_cruiser_r02,Складень,2,capital,Империя,cruiser,Cruiser,industrial,Industrial,industrial_cruiser,raw_resources,cruiser_yard,1.60,1.07,,0,iron;calcite;magnesium;charcoal;copper;quartz;aerosil;vespar,136;27;25;87;18;11;14;3,7091.34,"Автосборка по рангу, классу, фракции, роли и характеристикам корабля."
craft_capital_industrial_cruiser_r03,capital_industrial_cruiser_r03,Мастер,3,capital,Империя,cruiser,Cruiser,industrial,Industrial,industrial_cruiser,raw_resources,cruiser_yard,3.75,2.50,,0,iron;calcite;magnesium;charcoal;copper;aerosil;quartz;vespar,327;65;61;215;44;41;25;9,17406.52,"Автосборка по рангу, классу, фракции, роли и характеристикам корабля."
craft_capital_industrial_cruiser_r04,capital_industrial_cruiser_r04,Сборщик,4,capital,Империя,cruiser,Cruiser,industrial,Industrial,industrial_cruiser,prepared_materials,cruiser_yard,9.00,6.00,,0,steel;resin;rubber;brass;elektron;bulat;iron;siloxane;bakelite;glass_ceramic,269;40;25;58;51;14;141;21;30;24,43954.46,"Автосборка по рангу, классу, фракции, роли и характеристикам корабля."
craft_capital_industrial_cruiser_r05,capital_industrial_cruiser_r05,Комбинат,5,capital,Империя,cruiser,Cruiser,industrial,Industrial,industrial_cruiser,prepared_materials,cruiser_yard,22.50,15.00,,0,steel;resin;rubber;brass;elektron;bulat;siloxane;glass_ceramic;bakelite;iron,728;112;72;159;138;38;60;71;80;254,119093.53,"Автосборка по рангу, классу, фракции, роли и характеристикам корабля."
craft_capital_industrial_cruiser_r06,capital_industrial_cruiser_r06,Универсал,6,capital,Империя,cruiser,Cruiser,industrial,Industrial,industrial_cruiser,hull_and_machine_parts,cruiser_yard,60.00,40.00,,0,bulkhead;beam;deck_section;pump;actuator;hatch;airlock;plating;steel;armor_plate;sensor;cowling,49;45;32;5;4;22;16;20;317;7;2;12,285456.05,"Автосборка по рангу, классу, фракции, роли и характеристикам корабля."
craft_capital_industrial_cruiser_r07,capital_industrial_cruiser_r07,Прометей,7,capital,Империя,cruiser,Cruiser,industrial,Industrial,industrial_cruiser,hull_and_machine_parts,cruiser_yard,135.00,90.00,,0,bulkhead;beam;deck_section;pump;actuator;hatch;airlock;plating;armor_plate;sensor;cowling;steel,131;119;86;13;11;59;46;53;20;7;34;640,768604.90,"Автосборка по рангу, классу, фракции, роли и характеристикам корабля."
craft_capital_industrial_cruiser_r08,capital_industrial_cruiser_r08,Арсенал,8,capital,Империя,cruiser,Cruiser,industrial,Industrial,industrial_cruiser,ship_blocks,cruiser_yard,270.00,180.00,,0,cargo_block;industry_block;power_block;defense_block;propulsion_block;instrument_block;bulkhead;beam;deck_section;pump;weapon_block;actuator;airlock;hatch,4;1;2;3;1;1;122;109;80;13;1;11;44;55,1913953.34,"Автосборка по рангу, классу, фракции, роли и характеристикам корабля."
craft_capital_industrial_cruiser_r09,capital_industrial_cruiser_r09,Мануфакт,9,capital,Империя,cruiser,Cruiser,industrial,Industrial,industrial_cruiser,ship_blocks,cruiser_yard,495.00,330.00,,0,cargo_block;industry_block;power_block;defense_block;propulsion_block;instrument_block;bulkhead;weapon_block;beam;deck_section;pump;actuator;airlock;steel,10;4;5;7;3;3;250;2;223;165;27;23;93;2418,4725694.01,"Автосборка по рангу, классу, фракции, роли и характеристикам корабля."
craft_capital_industrial_cruiser_r10,capital_industrial_cruiser_r10,Экспедитор,10,capital,Империя,cruiser,Cruiser,industrial,Industrial,industrial_cruiser,faction_flagship_license,cruiser_yard,900.00,600.00,capital_flagship_license,1,cargo_block;industry_block;power_block;defense_block;instrument_block;propulsion_block;bulkhead;steel;beam;pump;weapon_block;deck_section;actuator;airlock;hatch;plating,22;8;11;15;7;7;703;10003;626;79;4;464;68;269;322;275,11901167.59,"Автосборка по рангу, классу, фракции, роли и характеристикам корабля."
craft_capital_heavy_battleship_r02,capital_heavy_battleship_r02,Вал,2,capital,Империя,battleship,Battleship,heavy,Heavy,heavy_battleship,raw_resources,battleship_yard,1.60,1.07,,0,iron;calcite;magnesium;charcoal;copper;sylvine;bone_grit;nickel,190;40;34;108;35;13;13;4,10283.80,"Автосборка по рангу, классу, фракции, роли и характеристикам корабля."
craft_capital_heavy_battleship_r03,capital_heavy_battleship_r03,Гром,3,capital,Империя,battleship,Battleship,heavy,Heavy,heavy_battleship,raw_resources,battleship_yard,3.75,2.50,,0,iron;calcite;magnesium;charcoal;copper;sylvine;bone_grit;nickel,457;97;85;262;84;32;32;11,25007.10,"Автосборка по рангу, классу, фракции, роли и характеристикам корабля."
craft_capital_heavy_battleship_r04,capital_heavy_battleship_r04,Цитадель,4,capital,Империя,battleship,Battleship,heavy,Heavy,heavy_battleship,prepared_materials,battleship_yard,9.00,6.00,,0,steel;bulat;elektron;brass;rubber;resin;iron;bakelite;glass_ceramic;aramid,408;29;87;95;32;36;196;43;36;13,64656.06,"Автосборка по рангу, классу, фракции, роли и характеристикам корабля."
craft_capital_heavy_battleship_r05,capital_heavy_battleship_r05,Легион,5,capital,Империя,battleship,Battleship,heavy,Heavy,heavy_battleship,prepared_materials,battleship_yard,22.50,15.00,,0,steel;bulat;elektron;brass;rubber;resin;glass_ceramic;bakelite;iron;aramid,1012;73;222;238;81;90;94;106;323;33,158798.51,"Автосборка по рангу, классу, фракции, роли и характеристикам корабля."
craft_capital_heavy_battleship_r06,capital_heavy_battleship_r06,Реванш,6,capital,Империя,battleship,Battleship,heavy,Heavy,heavy_battleship,hull_and_machine_parts,battleship_yard,60.00,40.00,,0,bulkhead;deck_section;hatch;armor_plate;actuator;airlock;steel;beam;pump;gyroscope;plating;calculator,73;66;48;18;6;20;473;30;4;2;18;1,400165.16,"Автосборка по рангу, классу, фракции, роли и характеристикам корабля."
craft_capital_heavy_battleship_r07,capital_heavy_battleship_r07,Паладин,7,capital,Империя,battleship,Battleship,heavy,Heavy,heavy_battleship,hull_and_machine_parts,battleship_yard,135.00,90.00,,0,bulkhead;deck_section;hatch;armor_plate;actuator;airlock;beam;pump;steel;gyroscope;plating;calculator,186;167;122;44;15;50;74;9;890;6;43;3,994986.37,"Автосборка по рангу, классу, фракции, роли и характеристикам корабля."
craft_capital_heavy_battleship_r08,capital_heavy_battleship_r08,Император,8,capital,Империя,battleship,Battleship,heavy,Heavy,heavy_battleship,ship_blocks,battleship_yard,270.00,180.00,,0,cargo_block;defense_block;weapon_block;power_block;instrument_block;bulkhead;deck_section;propulsion_block;hatch;industry_block;armor_plate;actuator;steel;airlock,6;5;2;2;1;191;171;1;125;1;45;15;1440;52,2505534.39,"Автосборка по рангу, классу, фракции, роли и характеристикам корабля."
craft_capital_heavy_battleship_r09,capital_heavy_battleship_r09,Колосс,9,capital,Империя,battleship,Battleship,heavy,Heavy,heavy_battleship,ship_blocks,battleship_yard,495.00,330.00,,0,cargo_block;defense_block;weapon_block;instrument_block;power_block;propulsion_block;bulkhead;industry_block;deck_section;hatch;armor_plate;steel;actuator;airlock,16;15;6;4;5;3;444;2;399;291;105;4178;36;123,6914821.04,"Автосборка по рангу, классу, фракции, роли и характеристикам корабля."
craft_capital_heavy_battleship_r10,capital_heavy_battleship_r10,Титан,10,capital,Империя,battleship,Battleship,heavy,Heavy,heavy_battleship,faction_flagship_license,battleship_yard,900.00,600.00,capital_flagship_license,1,cargo_block;defense_block;weapon_block;instrument_block;power_block;bulkhead;deck_section;propulsion_block;steel;hatch;industry_block;armor_plate;actuator;airlock;beam;pump,33;29;11;9;10;1159;1045;7;15933;763;4;271;94;326;426;58,15987639.71,"Автосборка по рангу, классу, фракции, роли и характеристикам корабля."
craft_capital_industrial_battleship_r02,capital_industrial_battleship_r02,Баржа,2,capital,Империя,battleship,Battleship,industrial,Industrial,industrial_battleship,raw_resources,battleship_yard,1.60,1.07,,0,iron;calcite;magnesium;charcoal;sylvine;copper;bone_grit;nickel,219;48;48;81;13;17;8;3,10629.35,"Автосборка по рангу, классу, фракции, роли и характеристикам корабля."
craft_capital_industrial_battleship_r03,capital_industrial_battleship_r03,Прибой,3,capital,Империя,battleship,Battleship,industrial,Industrial,industrial_battleship,raw_resources,battleship_yard,3.75,2.50,,0,iron;calcite;magnesium;charcoal;sylvine;copper;bone_grit;quartz,535;118;116;208;32;42;21;19,26195.07,"Автосборка по рангу, классу, фракции, роли и характеристикам корабля."
craft_capital_industrial_battleship_r04,capital_industrial_battleship_r04,Караван,4,capital,Империя,battleship,Battleship,industrial,Industrial,industrial_battleship,prepared_materials,battleship_yard,9.00,6.00,,0,steel;elektron;rubber;brass;resin;iron;bulat;bakelite;calcite;magnesium,400;117;51;103;59;222;17;30;49;49,67940.74,"Автосборка по рангу, классу, фракции, роли и характеристикам корабля."
craft_capital_industrial_battleship_r05,capital_industrial_battleship_r05,Оплот,5,capital,Империя,battleship,Battleship,industrial,Industrial,industrial_battleship,prepared_materials,battleship_yard,22.50,15.00,,0,steel;elektron;rubber;brass;resin;bulat;iron;bakelite;glass_ceramic;siloxane,987;293;131;256;153;42;364;72;57;34,165487.82,"Автосборка по рангу, классу, фракции, роли и характеристикам корабля."
craft_capital_industrial_battleship_r06,capital_industrial_battleship_r06,Гранит,6,capital,Империя,battleship,Battleship,industrial,Industrial,industrial_battleship,hull_and_machine_parts,battleship_yard,60.00,40.00,,0,bulkhead;deck_section;hatch;airlock;actuator;pump;beam;steel;armor_plate;plating;sensor;rubber,82;65;48;35;6;7;34;439;9;13;2;61,414588.04,"Автосборка по рангу, классу, фракции, роли и характеристикам корабля."
craft_capital_industrial_battleship_r07,capital_industrial_battleship_r07,Атлас,7,capital,Империя,battleship,Battleship,industrial,Industrial,industrial_battleship,hull_and_machine_parts,battleship_yard,135.00,90.00,,0,bulkhead;deck_section;hatch;airlock;actuator;pump;beam;armor_plate;steel;plating;sensor;compressor,215;169;124;95;17;19;88;23;860;33;5;4,1080687.56,"Автосборка по рангу, классу, фракции, роли и характеристикам корабля."
craft_capital_industrial_battleship_r08,capital_industrial_battleship_r08,Верфь,8,capital,Империя,battleship,Battleship,industrial,Industrial,industrial_battleship,ship_blocks,battleship_yard,270.00,180.00,,0,cargo_block;industry_block;defense_block;bulkhead;power_block;deck_section;airlock;hatch;instrument_block;actuator;pump;propulsion_block;weapon_block;steel,9;2;4;222;2;175;100;129;1;19;20;1;1;1411,2852153.60,"Автосборка по рангу, классу, фракции, роли и характеристикам корабля."
craft_capital_industrial_battleship_r09,capital_industrial_battleship_r09,Магнат,9,capital,Империя,battleship,Battleship,industrial,Industrial,industrial_battleship,ship_blocks,battleship_yard,495.00,330.00,,0,cargo_block;industry_block;defense_block;power_block;bulkhead;instrument_block;deck_section;airlock;hatch;propulsion_block;weapon_block;actuator;pump;steel,23;6;10;4;463;3;366;213;269;2;2;40;44;3684,7090790.47,"Автосборка по рангу, классу, фракции, роли и характеристикам корабля."
craft_capital_industrial_battleship_r10,capital_industrial_battleship_r10,Доминион,10,capital,Империя,battleship,Battleship,industrial,Industrial,industrial_battleship,faction_flagship_license,battleship_yard,900.00,600.00,capital_flagship_license,1,cargo_block;industry_block;defense_block;bulkhead;power_block;deck_section;airlock;hatch;instrument_block;steel;actuator;pump;weapon_block;propulsion_block;rubber;beam,50;12;22;1287;9;1020;602;749;6;15056;116;125;5;4;2282;513,17707200.82,"Автосборка по рангу, классу, фракции, роли и характеристикам корабля."
craft_wind_houses_combat_frigate_r02,wind_houses_combat_frigate_r02,Шквал,2,wind_houses,Ветровые Дома,frigate,Frigate,combat,Combat,combat_frigate,raw_resources,frigate_yard,1.60,1.07,,0,magnesium;iron;charcoal;copper;claudium;aerosil;calcite;quartz,31;58;52;17;4;22;10;12,5116.57,"Автосборка по рангу, классу, фракции, роли и характеристикам корабля."
craft_wind_houses_combat_frigate_r03,wind_houses_combat_frigate_r03,Вихрь,3,wind_houses,Ветровые Дома,frigate,Frigate,combat,Combat,combat_frigate,raw_resources,frigate_yard,3.75,2.50,,0,magnesium;iron;charcoal;copper;claudium;aerosil;calcite;quartz,83;154;139;46;11;56;27;30,13543.28,"Автосборка по рангу, классу, фракции, роли и характеристикам корабля."
craft_wind_houses_combat_frigate_r04,wind_houses_combat_frigate_r04,Рывок,4,wind_houses,Ветровые Дома,frigate,Frigate,combat,Combat,combat_frigate,prepared_materials,frigate_yard,9.00,6.00,,0,steel;elektron;siloxane;orkit;bulat;aramid;brass;resin;invar;magnesium,135;79;31;16;10;14;32;16;9;31,31871.16,"Автосборка по рангу, классу, фракции, роли и характеристикам корабля."
craft_wind_houses_combat_frigate_r05,wind_houses_combat_frigate_r05,Порыв,5,wind_houses,Ветровые Дома,frigate,Frigate,combat,Combat,combat_frigate,prepared_materials,frigate_yard,22.50,15.00,,0,steel;elektron;siloxane;orkit;bulat;aramid;brass;invar;resin;textolite,329;197;76;40;26;35;78;23;39;11,79025.50,"Автосборка по рангу, классу, фракции, роли и характеристикам корабля."
craft_wind_houses_combat_frigate_r06,wind_houses_combat_frigate_r06,Буран,6,wind_houses,Ветровые Дома,frigate,Frigate,combat,Combat,combat_frigate,hull_and_machine_parts,frigate_yard,60.00,40.00,,0,actuator;engine;gyroscope;deck_section;bulkhead;cowling;plating;transmission;hatch;armor_plate;beam;steel,4;3;3;23;21;18;18;2;14;7;19;177,215820.09,"Автосборка по рангу, классу, фракции, роли и характеристикам корабля."
craft_wind_houses_combat_frigate_r07,wind_houses_combat_frigate_r07,Тайфун,7,wind_houses,Ветровые Дома,frigate,Frigate,combat,Combat,combat_frigate,hull_and_machine_parts,frigate_yard,135.00,90.00,,0,actuator;engine;gyroscope;deck_section;cowling;bulkhead;plating;transmission;hatch;armor_plate;beam;calculator,10;6;6;56;43;49;43;5;35;17;43;1,517185.70,"Автосборка по рангу, классу, фракции, роли и характеристикам корабля."
craft_wind_houses_combat_frigate_r08,wind_houses_combat_frigate_r08,Стрела,8,wind_houses,Ветровые Дома,frigate,Frigate,combat,Combat,combat_frigate,ship_blocks,frigate_yard,270.00,180.00,,0,propulsion_block;power_block;instrument_block;defense_block;weapon_block;cargo_block;actuator;engine;deck_section;gyroscope;bulkhead;cowling;plating;transmission,2;2;1;2;1;1;10;6;56;6;50;42;42;5,1302532.01,"Автосборка по рангу, классу, фракции, роли и характеристикам корабля."
craft_wind_houses_combat_frigate_r09,wind_houses_combat_frigate_r09,Молния,9,wind_houses,Ветровые Дома,frigate,Frigate,combat,Combat,combat_frigate,ship_blocks,frigate_yard,495.00,330.00,,0,propulsion_block;power_block;instrument_block;weapon_block;defense_block;cargo_block;actuator;deck_section;engine;gyroscope;bulkhead;cowling;plating;transmission,5;4;3;3;4;3;22;118;13;13;100;86;85;10,3166889.11,"Автосборка по рангу, классу, фракции, роли и характеристикам корабля."
craft_wind_houses_combat_frigate_r10,wind_houses_combat_frigate_r10,Шторм,10,wind_houses,Ветровые Дома,frigate,Frigate,combat,Combat,combat_frigate,faction_flagship_license,frigate_yard,900.00,600.00,wind_houses_flagship_license,1,propulsion_block;power_block;instrument_block;weapon_block;defense_block;cargo_block;actuator;deck_section;gyroscope;engine;steel;bulkhead;cowling;elektron;plating;hatch,11;10;6;7;10;8;66;362;39;39;5924;307;264;3298;260;229,8609772.39,"Автосборка по рангу, классу, фракции, роли и характеристикам корабля."
craft_wind_houses_cargo_frigate_r02,wind_houses_cargo_frigate_r02,Узел,2,wind_houses,Ветровые Дома,frigate,Frigate,cargo,Cargo,cargo_frigate,raw_resources,frigate_yard,1.60,1.07,,0,magnesium;iron;claudium;calcite;aerosil;quartz;charcoal;copper,35;64;4;11;21;12;27;8,4900.76,"Автосборка по рангу, классу, фракции, роли и характеристикам корабля."
craft_wind_houses_cargo_frigate_r03,wind_houses_cargo_frigate_r03,Сумка,3,wind_houses,Ветровые Дома,frigate,Frigate,cargo,Cargo,cargo_frigate,raw_resources,frigate_yard,3.75,2.50,,0,magnesium;iron;calcite;claudium;aerosil;quartz;charcoal;copper,86;158;29;9;49;29;73;20,12059.60,"Автосборка по рангу, классу, фракции, роли и характеристикам корабля."
craft_wind_houses_cargo_frigate_r04,wind_houses_cargo_frigate_r04,Курьер,4,wind_houses,Ветровые Дома,frigate,Frigate,cargo,Cargo,cargo_frigate,prepared_materials,frigate_yard,9.00,6.00,,0,elektron;steel;siloxane;orkit;resin;invar;brass;aramid;rubber;textolite,87;113;28;15;20;11;28;9;9;6,29553.86,"Автосборка по рангу, классу, фракции, роли и характеристикам корабля."
craft_wind_houses_cargo_frigate_r05,wind_houses_cargo_frigate_r05,Подхват,5,wind_houses,Ветровые Дома,frigate,Frigate,cargo,Cargo,cargo_frigate,prepared_materials,frigate_yard,22.50,15.00,,0,elektron;steel;siloxane;orkit;resin;invar;brass;rubber;aramid;textolite,229;305;71;40;51;30;77;24;23;15,78516.21,"Автосборка по рангу, классу, фракции, роли и характеристикам корабля."
craft_wind_houses_cargo_frigate_r06,wind_houses_cargo_frigate_r06,Почтарь,6,wind_houses,Ветровые Дома,frigate,Frigate,cargo,Cargo,cargo_frigate,hull_and_machine_parts,frigate_yard,60.00,40.00,,0,bulkhead;actuator;engine;deck_section;cowling;transmission;plating;hatch;beam;gyroscope;airlock;elektron,26;4;3;21;17;2;16;14;21;2;9;113,206477.40,"Автосборка по рангу, классу, фракции, роли и характеристикам корабля."
craft_wind_houses_cargo_frigate_r07,wind_houses_cargo_frigate_r07,Стропа,7,wind_houses,Ветровые Дома,frigate,Frigate,cargo,Cargo,cargo_frigate,hull_and_machine_parts,frigate_yard,135.00,90.00,,0,actuator;bulkhead;engine;deck_section;cowling;transmission;beam;hatch;plating;gyroscope;airlock;sensor,10;60;6;49;37;5;48;32;35;4;22;3,473875.63,"Автосборка по рангу, классу, фракции, роли и характеристикам корабля."
craft_wind_houses_cargo_frigate_r08,wind_houses_cargo_frigate_r08,Карабин,8,wind_houses,Ветровые Дома,frigate,Frigate,cargo,Cargo,cargo_frigate,ship_blocks,frigate_yard,270.00,180.00,,0,propulsion_block;cargo_block;power_block;instrument_block;industry_block;defense_block;actuator;bulkhead;engine;deck_section;cowling;transmission;beam;hatch,2;2;1;1;1;1;10;62;6;50;37;5;49;33,1213785.10,"Автосборка по рангу, классу, фракции, роли и характеристикам корабля."
craft_wind_houses_cargo_frigate_r09,wind_houses_cargo_frigate_r09,Экспресс,9,wind_houses,Ветровые Дома,frigate,Frigate,cargo,Cargo,cargo_frigate,ship_blocks,frigate_yard,495.00,330.00,,0,propulsion_block;cargo_block;power_block;instrument_block;industry_block;defense_block;actuator;bulkhead;engine;hangar_block;deck_section;cowling;transmission;hatch,5;6;3;2;1;3;22;131;12;1;105;78;10;70,3023440.36,"Автосборка по рангу, классу, фракции, роли и характеристикам корабля."
craft_wind_houses_cargo_frigate_r10,wind_houses_cargo_frigate_r10,Вьюнок,10,wind_houses,Ветровые Дома,frigate,Frigate,cargo,Cargo,cargo_frigate,faction_flagship_license,frigate_yard,900.00,600.00,wind_houses_flagship_license,1,propulsion_block;cargo_block;power_block;instrument_block;industry_block;defense_block;actuator;bulkhead;engine;deck_section;elektron;steel;cowling;hangar_block;hatch;beam,10;13;8;5;3;6;62;373;34;298;3297;4876;222;1;199;289,7584268.97,"Автосборка по рангу, классу, фракции, роли и характеристикам корабля."
craft_wind_houses_light_research_frigate_r02,wind_houses_light_research_frigate_r02,Блик,2,wind_houses,Ветровые Дома,frigate,Frigate,light_research,LightResearch,light_research_frigate,raw_resources,frigate_yard,1.60,1.07,,0,magnesium;iron;quartz;claudium;copper;aerosil;ionide;calcite,33;45;26;4;16;24;1;7,5063.71,"Автосборка по рангу, классу, фракции, роли и характеристикам корабля."
craft_wind_houses_light_research_frigate_r03,wind_houses_light_research_frigate_r03,Линза,3,wind_houses,Ветровые Дома,frigate,Frigate,light_research,LightResearch,light_research_frigate,raw_resources,frigate_yard,3.75,2.50,,0,magnesium;iron;quartz;copper;claudium;aerosil;ionide;calcite,83;113;69;44;11;59;4;17,13040.23,"Автосборка по рангу, классу, фракции, роли и характеристикам корабля."
craft_wind_houses_light_research_frigate_r04,wind_houses_light_research_frigate_r04,Эхо,4,wind_houses,Ветровые Дома,frigate,Frigate,light_research,LightResearch,light_research_frigate,prepared_materials,frigate_yard,9.00,6.00,,0,elektron;invar;steel;siloxane;orkit;textolite;melchior;glass_ceramic;resin;aramid,80;21;78;32;16;11;17;26;15;9,31962.70,"Автосборка по рангу, классу, фракции, роли и характеристикам корабля."
craft_wind_houses_light_research_frigate_r05,wind_houses_light_research_frigate_r05,Искра,5,wind_houses,Ветровые Дома,frigate,Frigate,light_research,LightResearch,light_research_frigate,prepared_materials,frigate_yard,22.50,15.00,,0,elektron;invar;steel;siloxane;orkit;textolite;melchior;glass_ceramic;resin;aramid,190;53;188;74;39;28;44;67;36;22,78050.85,"Автосборка по рангу, классу, фракции, роли и характеристикам корабля."
craft_wind_houses_light_research_frigate_r06,wind_houses_light_research_frigate_r06,Нить,6,wind_houses,Ветровые Дома,frigate,Frigate,light_research,LightResearch,light_research_frigate,hull_and_machine_parts,frigate_yard,60.00,40.00,,0,sensor;cowling;gyroscope;engine;transmission;plating;actuator;calculator;bulkhead;deck_section;beam;hatch,4;24;3;3;2;17;3;1;14;13;16;8,207517.08,"Автосборка по рангу, классу, фракции, роли и характеристикам корабля."
craft_wind_houses_light_research_frigate_r07,wind_houses_light_research_frigate_r07,Сфера,7,wind_houses,Ветровые Дома,frigate,Frigate,light_research,LightResearch,light_research_frigate,hull_and_machine_parts,frigate_yard,135.00,90.00,,0,sensor;cowling;gyroscope;engine;plating;transmission;actuator;calculator;bulkhead;deck_section;beam;hatch,10;56;7;6;39;5;6;3;34;32;36;19,489545.79,"Автосборка по рангу, классу, фракции, роли и характеристикам корабля."
craft_wind_houses_light_research_frigate_r08,wind_houses_light_research_frigate_r08,Купол,8,wind_houses,Ветровые Дома,frigate,Frigate,light_research,LightResearch,light_research_frigate,ship_blocks,frigate_yard,270.00,180.00,,0,propulsion_block;instrument_block;power_block;cargo_block;sensor;cowling;defense_block;gyroscope;engine;hangar_block;calculator;actuator;plating;transmission,2;2;1;1;11;58;1;7;6;1;4;7;40;5,1314670.44,"Автосборка по рангу, классу, фракции, роли и характеристикам корабля."
craft_wind_houses_light_research_frigate_r09,wind_houses_light_research_frigate_r09,Призма,9,wind_houses,Ветровые Дома,frigate,Frigate,light_research,LightResearch,light_research_frigate,ship_blocks,frigate_yard,495.00,330.00,,0,propulsion_block;instrument_block;power_block;cargo_block;defense_block;sensor;cowling;hangar_block;gyroscope;engine;calculator;actuator;plating;transmission,6;5;3;3;2;23;121;1;15;13;8;14;83;10,3221784.60,"Автосборка по рангу, классу, фракции, роли и характеристикам корабля."
craft_wind_houses_light_research_frigate_r10,wind_houses_light_research_frigate_r10,Зефир,10,wind_houses,Ветровые Дома,frigate,Frigate,light_research,LightResearch,light_research_frigate,faction_flagship_license,frigate_yard,900.00,600.00,wind_houses_flagship_license,1,instrument_block;propulsion_block;power_block;cargo_block;sensor;cowling;defense_block;gyroscope;engine;hangar_block;calculator;elektron;actuator;plating;transmission;bulkhead,11;12;7;7;63;333;5;40;35;1;22;2981;39;226;28;209,7793953.10,"Автосборка по рангу, классу, фракции, роли и характеристикам корабля."
craft_wind_houses_combat_cruiser_r02,wind_houses_combat_cruiser_r02,Налет,2,wind_houses,Ветровые Дома,cruiser,Cruiser,combat,Combat,combat_cruiser,raw_resources,cruiser_yard,1.60,1.07,,0,iron;magnesium;charcoal;copper;calcite;claudium;aerosil;quartz,96;36;86;28;18;4;22;12,7087.76,"Автосборка по рангу, классу, фракции, роли и характеристикам корабля."
craft_wind_houses_combat_cruiser_r03,wind_houses_combat_cruiser_r03,Буревей,3,wind_houses,Ветровые Дома,cruiser,Cruiser,combat,Combat,combat_cruiser,raw_resources,cruiser_yard,3.75,2.50,,0,iron;magnesium;charcoal;copper;calcite;claudium;aerosil;quartz,244;92;216;71;46;11;57;31,18000.26,"Автосборка по рангу, классу, фракции, роли и характеристикам корабля."
craft_wind_houses_combat_cruiser_r04,wind_houses_combat_cruiser_r04,Раскат,4,wind_houses,Ветровые Дома,cruiser,Cruiser,combat,Combat,combat_cruiser,prepared_materials,cruiser_yard,9.00,6.00,,0,steel;elektron;bulat;brass;siloxane;aramid;orkit;resin;invar;bakelite,236;92;20;54;33;19;18;21;11;28,45723.90,"Автосборка по рангу, классу, фракции, роли и характеристикам корабля."
craft_wind_houses_combat_cruiser_r05,wind_houses_combat_cruiser_r05,Шквальный,5,wind_houses,Ветровые Дома,cruiser,Cruiser,combat,Combat,combat_cruiser,prepared_materials,cruiser_yard,22.50,15.00,,0,steel;elektron;bulat;brass;siloxane;orkit;aramid;resin;invar;bakelite,537;213;45;121;72;42;43;48;26;65,104046.80,"Автосборка по рангу, классу, фракции, роли и характеристикам корабля."
craft_wind_houses_combat_cruiser_r06,wind_houses_combat_cruiser_r06,Гроза,6,wind_houses,Ветровые Дома,cruiser,Cruiser,combat,Combat,combat_cruiser,hull_and_machine_parts,cruiser_yard,60.00,40.00,,0,bulkhead;deck_section;actuator;armor_plate;hatch;gyroscope;engine;plating;beam;cowling;transmission;steel,35;35;5;12;23;3;3;23;28;18;2;287,290060.36,"Автосборка по рангу, классу, фракции, роли и характеристикам корабля."
craft_wind_houses_combat_cruiser_r07,wind_houses_combat_cruiser_r07,Ракетник,7,wind_houses,Ветровые Дома,cruiser,Cruiser,combat,Combat,combat_cruiser,hull_and_machine_parts,cruiser_yard,135.00,90.00,,0,bulkhead;deck_section;actuator;armor_plate;hatch;gyroscope;engine;plating;beam;cowling;transmission;steel,83;84;13;29;56;7;6;52;65;40;5;511,676077.58,"Автосборка по рангу, классу, фракции, роли и характеристикам корабля."
craft_wind_houses_combat_cruiser_r08,wind_houses_combat_cruiser_r08,Смерч,8,wind_houses,Ветровые Дома,cruiser,Cruiser,combat,Combat,combat_cruiser,ship_blocks,cruiser_yard,270.00,180.00,,0,propulsion_block;power_block;defense_block;weapon_block;instrument_block;cargo_block;bulkhead;deck_section;actuator;armor_plate;hatch;gyroscope;engine;plating,2;2;3;2;1;2;84;85;13;31;57;7;6;51,1750733.25,"Автосборка по рангу, классу, фракции, роли и характеристикам корабля."
craft_wind_houses_combat_cruiser_r09,wind_houses_combat_cruiser_r09,Ураган,9,wind_houses,Ветровые Дома,cruiser,Cruiser,combat,Combat,combat_cruiser,ship_blocks,cruiser_yard,495.00,330.00,,0,propulsion_block;power_block;defense_block;weapon_block;instrument_block;cargo_block;bulkhead;deck_section;actuator;armor_plate;hatch;gyroscope;steel;engine,6;6;9;5;4;5;191;195;30;71;131;17;2359;15,4702695.26,"Автосборка по рангу, классу, фракции, роли и характеристикам корабля."
craft_wind_houses_combat_cruiser_r10,wind_houses_combat_cruiser_r10,Циклон,10,wind_houses,Ветровые Дома,cruiser,Cruiser,combat,Combat,combat_cruiser,faction_flagship_license,cruiser_yard,900.00,600.00,wind_houses_flagship_license,1,propulsion_block;power_block;defense_block;weapon_block;instrument_block;cargo_block;bulkhead;steel;deck_section;actuator;armor_plate;hatch;gyroscope;engine;plating;beam,12;12;18;10;7;10;512;9278;521;80;194;351;44;38;298;370,11105543.87,"Автосборка по рангу, классу, фракции, роли и характеристикам корабля."
craft_wind_houses_torpedo_recon_cruiser_r02,wind_houses_torpedo_recon_cruiser_r02,Клин,2,wind_houses,Ветровые Дома,cruiser,Cruiser,torpedo_recon,TorpedoRecon,torpedo_recon_cruiser,raw_resources,cruiser_yard,1.60,1.07,,0,magnesium;iron;copper;quartz;charcoal;claudium;aerosil;calcite,36;72;32;29;68;4;24;12,6841.61,"Автосборка по рангу, классу, фракции, роли и характеристикам корабля."
craft_wind_houses_torpedo_recon_cruiser_r03,wind_houses_torpedo_recon_cruiser_r03,Плавник,3,wind_houses,Ветровые Дома,cruiser,Cruiser,torpedo_recon,TorpedoRecon,torpedo_recon_cruiser,raw_resources,cruiser_yard,3.75,2.50,,0,magnesium;iron;copper;quartz;charcoal;claudium;aerosil;calcite,84;166;78;73;158;10;55;28,16183.77,"Автосборка по рангу, классу, фракции, роли и характеристикам корабля."
craft_wind_houses_torpedo_recon_cruiser_r04,wind_houses_torpedo_recon_cruiser_r04,Маркер,4,wind_houses,Ветровые Дома,cruiser,Cruiser,torpedo_recon,TorpedoRecon,torpedo_recon_cruiser,prepared_materials,cruiser_yard,9.00,6.00,,0,steel;elektron;invar;siloxane;glass_ceramic;textolite;bulat;melchior;aramid;orkit,168;90;25;34;43;14;13;22;18;17,44627.56,"Автосборка по рангу, классу, фракции, роли и характеристикам корабля."
craft_wind_houses_torpedo_recon_cruiser_r05,wind_houses_torpedo_recon_cruiser_r05,Курсор,5,wind_houses,Ветровые Дома,cruiser,Cruiser,torpedo_recon,TorpedoRecon,torpedo_recon_cruiser,prepared_materials,cruiser_yard,22.50,15.00,,0,steel;elektron;invar;glass_ceramic;siloxane;bulat;textolite;melchior;aramid;orkit,384;196;58;99;72;30;30;51;40;38,100377.59,"Автосборка по рангу, классу, фракции, роли и характеристикам корабля."
craft_wind_houses_torpedo_recon_cruiser_r06,wind_houses_torpedo_recon_cruiser_r06,Нырок,6,wind_houses,Ветровые Дома,cruiser,Cruiser,torpedo_recon,TorpedoRecon,torpedo_recon_cruiser,hull_and_machine_parts,cruiser_yard,60.00,40.00,,0,gyroscope;sensor;actuator;cowling;deck_section;bulkhead;calculator;engine;plating;hatch;beam;transmission,4;5;5;25;27;25;2;3;20;17;25;2,286349.90,"Автосборка по рангу, классу, фракции, роли и характеристикам корабля."
craft_wind_houses_torpedo_recon_cruiser_r07,wind_houses_torpedo_recon_cruiser_r07,Пеленгатор,7,wind_houses,Ветровые Дома,cruiser,Cruiser,torpedo_recon,TorpedoRecon,torpedo_recon_cruiser,hull_and_machine_parts,cruiser_yard,135.00,90.00,,0,gyroscope;sensor;actuator;cowling;deck_section;bulkhead;calculator;engine;plating;hatch;beam;transmission,9;12;12;60;67;63;5;6;48;42;60;6,700525.18,"Автосборка по рангу, классу, фракции, роли и характеристикам корабля."
craft_wind_houses_torpedo_recon_cruiser_r08,wind_houses_torpedo_recon_cruiser_r08,Фантом,8,wind_houses,Ветровые Дома,cruiser,Cruiser,torpedo_recon,TorpedoRecon,torpedo_recon_cruiser,ship_blocks,cruiser_yard,270.00,180.00,,0,instrument_block;propulsion_block;power_block;cargo_block;weapon_block;defense_block;gyroscope;sensor;actuator;cowling;deck_section;bulkhead;calculator;industry_block,2;2;2;2;1;2;9;12;12;59;68;63;5;1,1794574.65,"Автосборка по рангу, классу, фракции, роли и характеристикам корабля."
craft_wind_houses_torpedo_recon_cruiser_r09,wind_houses_torpedo_recon_cruiser_r09,Наводчик,9,wind_houses,Ветровые Дома,cruiser,Cruiser,torpedo_recon,TorpedoRecon,torpedo_recon_cruiser,ship_blocks,cruiser_yard,495.00,330.00,,0,instrument_block;propulsion_block;power_block;weapon_block;cargo_block;defense_block;gyroscope;sensor;industry_block;actuator;cowling;deck_section;hangar_block;bulkhead,6;6;4;3;5;5;19;25;1;25;122;140;1;132,4429695.08,"Автосборка по рангу, классу, фракции, роли и характеристикам корабля."
craft_wind_houses_torpedo_recon_cruiser_r10,wind_houses_torpedo_recon_cruiser_r10,Комета,10,wind_houses,Ветровые Дома,cruiser,Cruiser,torpedo_recon,TorpedoRecon,torpedo_recon_cruiser,faction_flagship_license,cruiser_yard,900.00,600.00,wind_houses_flagship_license,1,instrument_block;propulsion_block;power_block;cargo_block;weapon_block;defense_block;sensor;gyroscope;actuator;cowling;deck_section;bulkhead;steel;industry_block;calculator;engine,14;14;10;11;8;11;73;56;75;358;414;393;7046;2;31;36,11354188.24,"Автосборка по рангу, классу, фракции, роли и характеристикам корабля."
craft_wind_houses_industrial_cruiser_r02,wind_houses_industrial_cruiser_r02,Сачок,2,wind_houses,Ветровые Дома,cruiser,Cruiser,industrial,Industrial,industrial_cruiser,raw_resources,cruiser_yard,1.60,1.07,,0,iron;magnesium;calcite;charcoal;aerosil;quartz;claudium;copper,115;40;23;79;27;17;4;15,7585.52,"Автосборка по рангу, классу, фракции, роли и характеристикам корабля."
craft_wind_houses_industrial_cruiser_r03,wind_houses_industrial_cruiser_r03,Трал,3,wind_houses,Ветровые Дома,cruiser,Cruiser,industrial,Industrial,industrial_cruiser,raw_resources,cruiser_yard,3.75,2.50,,0,iron;magnesium;calcite;charcoal;aerosil;quartz;claudium;copper,270;93;56;189;67;40;9;35,17912.54,"Автосборка по рангу, классу, фракции, роли и характеристикам корабля."
craft_wind_houses_industrial_cruiser_r04,wind_houses_industrial_cruiser_r04,Сбор,4,wind_houses,Ветровые Дома,cruiser,Cruiser,industrial,Industrial,industrial_cruiser,prepared_materials,cruiser_yard,9.00,6.00,,0,steel;elektron;resin;rubber;siloxane;brass;invar;orkit;bulat;iron,215;88;38;23;34;51;14;15;10;115,44239.60,"Автосборка по рангу, классу, фракции, роли и характеристикам корабля."
craft_wind_houses_industrial_cruiser_r05,wind_houses_industrial_cruiser_r05,Поток,5,wind_houses,Ветровые Дома,cruiser,Cruiser,industrial,Industrial,industrial_cruiser,prepared_materials,cruiser_yard,22.50,15.00,,0,steel;elektron;resin;rubber;siloxane;brass;invar;bulat;orkit;textolite,565;230;101;62;90;135;39;27;38;22,116754.72,"Автосборка по рангу, классу, фракции, роли и характеристикам корабля."
craft_wind_houses_industrial_cruiser_r06,wind_houses_industrial_cruiser_r06,Сифон,6,wind_houses,Ветровые Дома,cruiser,Cruiser,industrial,Industrial,industrial_cruiser,hull_and_machine_parts,cruiser_yard,60.00,40.00,,0,bulkhead;actuator;beam;deck_section;pump;airlock;cowling;hatch;plating;engine;sensor;gyroscope,41;5;38;27;5;17;19;18;18;2;3;2,279333.14,"Автосборка по рангу, классу, фракции, роли и характеристикам корабля."
craft_wind_houses_industrial_cruiser_r07,wind_houses_industrial_cruiser_r07,Захват,7,wind_houses,Ветровые Дома,cruiser,Cruiser,industrial,Industrial,industrial_cruiser,hull_and_machine_parts,cruiser_yard,135.00,90.00,,0,bulkhead;actuator;beam;pump;deck_section;airlock;cowling;hatch;engine;sensor;plating;gyroscope,106;14;94;12;69;45;48;47;5;7;45;5,718037.74,"Автосборка по рангу, классу, фракции, роли и характеристикам корабля."
craft_wind_houses_industrial_cruiser_r08,wind_houses_industrial_cruiser_r08,Пылесбор,8,wind_houses,Ветровые Дома,cruiser,Cruiser,industrial,Industrial,industrial_cruiser,ship_blocks,cruiser_yard,270.00,180.00,,0,cargo_block;industry_block;propulsion_block;power_block;instrument_block;defense_block;bulkhead;actuator;beam;pump;airlock;deck_section;hangar_block;cowling,4;1;2;2;1;2;98;13;86;11;42;63;1;45,1797568.74,"Автосборка по рангу, классу, фракции, роли и характеристикам корабля."
craft_wind_houses_industrial_cruiser_r09,wind_houses_industrial_cruiser_r09,Меркурий,9,wind_houses,Ветровые Дома,cruiser,Cruiser,industrial,Industrial,industrial_cruiser,ship_blocks,cruiser_yard,495.00,330.00,,0,cargo_block;industry_block;propulsion_block;power_block;instrument_block;defense_block;bulkhead;actuator;hangar_block;beam;pump;airlock;deck_section;cowling,10;4;5;5;4;5;215;29;1;186;25;93;139;98,4669468.82,"Автосборка по рангу, классу, фракции, роли и характеристикам корабля."
craft_wind_houses_industrial_cruiser_r10,wind_houses_industrial_cruiser_r10,Магистраль,10,wind_houses,Ветровые Дома,cruiser,Cruiser,industrial,Industrial,industrial_cruiser,faction_flagship_license,cruiser_yard,900.00,600.00,wind_houses_flagship_license,1,cargo_block;industry_block;propulsion_block;power_block;instrument_block;defense_block;bulkhead;actuator;steel;beam;pump;airlock;deck_section;hangar_block;cowling;hatch,23;9;10;11;8;11;648;88;8723;552;75;282;418;2;294;290,12244920.13,"Автосборка по рангу, классу, фракции, роли и характеристикам корабля."
craft_wind_houses_light_interceptor_cruiser_r02,wind_houses_light_interceptor_cruiser_r02,Перехват,2,wind_houses,Ветровые Дома,cruiser,Cruiser,light_interceptor,LightInterceptor,light_interceptor_cruiser,raw_resources,cruiser_yard,1.60,1.07,,0,magnesium;iron;quartz;copper;claudium;aerosil;charcoal;calcite,39;72;30;25;5;26;49;11,6675.51,"Автосборка по рангу, классу, фракции, роли и характеристикам корабля."
craft_wind_houses_light_interceptor_cruiser_r03,wind_houses_light_interceptor_cruiser_r03,Спица,3,wind_houses,Ветровые Дома,cruiser,Cruiser,light_interceptor,LightInterceptor,light_interceptor_cruiser,raw_resources,cruiser_yard,3.75,2.50,,0,magnesium;iron;quartz;copper;claudium;aerosil;charcoal;calcite,105;190;82;70;13;71;132;31,18078.77,"Автосборка по рангу, классу, фракции, роли и характеристикам корабля."
craft_wind_houses_light_interceptor_cruiser_r04,wind_houses_light_interceptor_cruiser_r04,Клинок,4,wind_houses,Ветровые Дома,cruiser,Cruiser,light_interceptor,LightInterceptor,light_interceptor_cruiser,prepared_materials,cruiser_yard,9.00,6.00,,0,elektron;steel;invar;siloxane;orkit;textolite;glass_ceramic;melchior;aramid;resin,102;149;25;39;20;13;37;20;14;21,43234.92,"Автосборка по рангу, классу, фракции, роли и характеристикам корабля."
craft_wind_houses_light_interceptor_cruiser_r05,wind_houses_light_interceptor_cruiser_r05,Игла,5,wind_houses,Ветровые Дома,cruiser,Cruiser,light_interceptor,LightInterceptor,light_interceptor_cruiser,prepared_materials,cruiser_yard,22.50,15.00,,0,elektron;steel;invar;siloxane;orkit;textolite;glass_ceramic;melchior;aramid;resin,269;404;68;103;53;36;103;55;39;56,115964.71,"Автосборка по рангу, классу, фракции, роли и характеристикам корабля."
craft_wind_houses_light_interceptor_cruiser_r06,wind_houses_light_interceptor_cruiser_r06,Страж,6,wind_houses,Ветровые Дома,cruiser,Cruiser,light_interceptor,LightInterceptor,light_interceptor_cruiser,hull_and_machine_parts,cruiser_yard,60.00,40.00,,0,gyroscope;cowling;sensor;engine;actuator;bulkhead;deck_section;plating;transmission;calculator;beam;hatch,4;27;5;3;4;25;25;23;2;2;25;15,279548.00,"Автосборка по рангу, классу, фракции, роли и характеристикам корабля."
craft_wind_houses_light_interceptor_cruiser_r07,wind_houses_light_interceptor_cruiser_r07,Гепард,7,wind_houses,Ветровые Дома,cruiser,Cruiser,light_interceptor,LightInterceptor,light_interceptor_cruiser,hull_and_machine_parts,cruiser_yard,135.00,90.00,,0,gyroscope;cowling;sensor;engine;actuator;bulkhead;deck_section;plating;transmission;calculator;beam;hatch,9;67;11;8;10;61;60;55;6;4;58;38,684486.91,"Автосборка по рангу, классу, фракции, роли и характеристикам корабля."
craft_wind_houses_light_interceptor_cruiser_r08,wind_houses_light_interceptor_cruiser_r08,Резец,8,wind_houses,Ветровые Дома,cruiser,Cruiser,light_interceptor,LightInterceptor,light_interceptor_cruiser,ship_blocks,cruiser_yard,270.00,180.00,,0,propulsion_block;instrument_block;power_block;cargo_block;defense_block;weapon_block;gyroscope;sensor;cowling;engine;actuator;bulkhead;deck_section;plating,3;2;2;2;2;1;9;12;69;8;11;65;65;57,1826819.67,"Автосборка по рангу, классу, фракции, роли и характеристикам корабля."
craft_wind_houses_light_interceptor_cruiser_r09,wind_houses_light_interceptor_cruiser_r09,Искатель,9,wind_houses,Ветровые Дома,cruiser,Cruiser,light_interceptor,LightInterceptor,light_interceptor_cruiser,ship_blocks,cruiser_yard,495.00,330.00,,0,propulsion_block;instrument_block;power_block;defense_block;cargo_block;weapon_block;gyroscope;sensor;cowling;actuator;engine;bulkhead;deck_section;hangar_block,8;7;5;5;5;2;21;26;152;24;17;144;142;1,4728328.06,"Автосборка по рангу, классу, фракции, роли и характеристикам корабля."
craft_wind_houses_light_interceptor_cruiser_r10,wind_houses_light_interceptor_cruiser_r10,Фалькон,10,wind_houses,Ветровые Дома,cruiser,Cruiser,light_interceptor,LightInterceptor,light_interceptor_cruiser,faction_flagship_license,cruiser_yard,900.00,600.00,wind_houses_flagship_license,1,propulsion_block;instrument_block;power_block;defense_block;cargo_block;weapon_block;gyroscope;sensor;cowling;actuator;engine;bulkhead;deck_section;steel;plating;elektron,16;14;11;11;10;5;55;71;408;64;45;386;380;6474;330;3931,11101413.25,"Автосборка по рангу, классу, фракции, роли и характеристикам корабля."
craft_wind_houses_repair_battleship_r02,wind_houses_repair_battleship_r02,Причал,2,wind_houses,Ветровые Дома,battleship,Battleship,repair,Repair,repair_battleship,raw_resources,battleship_yard,1.60,1.07,,0,iron;magnesium;calcite;copper;sylvine;charcoal;quartz;acid,173;50;37;25;14;64;16;3,10009.22,"Автосборка по рангу, классу, фракции, роли и характеристикам корабля."
craft_wind_houses_repair_battleship_r03,wind_houses_repair_battleship_r03,Покров,3,wind_houses,Ветровые Дома,battleship,Battleship,repair,Repair,repair_battleship,raw_resources,battleship_yard,3.75,2.50,,0,iron;magnesium;calcite;copper;sylvine;charcoal;quartz;acid,465;135;99;69;40;169;45;7,27026.49,"Автосборка по рангу, классу, фракции, роли и характеристикам корабля."
craft_wind_houses_repair_battleship_r04,wind_houses_repair_battleship_r04,Эскорт,4,wind_houses,Ветровые Дома,battleship,Battleship,repair,Repair,repair_battleship,prepared_materials,battleship_yard,9.00,6.00,,0,steel;elektron;rubber;resin;brass;bulat;iron;siloxane;glass_ceramic;invar,339;134;46;59;83;17;179;31;36;15,66395.44,"Автосборка по рангу, классу, фракции, роли и характеристикам корабля."
craft_wind_houses_repair_battleship_r05,wind_houses_repair_battleship_r05,Берег,5,wind_houses,Ветровые Дома,battleship,Battleship,repair,Repair,repair_battleship,prepared_materials,battleship_yard,22.50,15.00,,0,steel;elektron;rubber;resin;brass;bulat;siloxane;glass_ceramic;invar;iron,914;356;124;159;223;47;78;99;41;322,175395.02,"Автосборка по рангу, классу, фракции, роли и характеристикам корабля."
craft_wind_houses_repair_battleship_r06,wind_houses_repair_battleship_r06,Патрон,6,wind_houses,Ветровые Дома,battleship,Battleship,repair,Repair,repair_battleship,hull_and_machine_parts,battleship_yard,60.00,40.00,,0,bulkhead;deck_section;hatch;airlock;pump;actuator;sensor;armor_plate;steel;gyroscope;calculator;beam,71;61;45;28;7;6;5;12;401;2;2;24,415956.54,"Автосборка по рангу, классу, фракции, роли и характеристикам корабля."
craft_wind_houses_repair_battleship_r07,wind_houses_repair_battleship_r07,Фарос,7,wind_houses,Ветровые Дома,battleship,Battleship,repair,Repair,repair_battleship,hull_and_machine_parts,battleship_yard,135.00,90.00,,0,bulkhead;deck_section;hatch;airlock;pump;actuator;sensor;armor_plate;gyroscope;calculator;beam;plating,193;166;123;78;18;16;13;31;7;5;62;46,1120158.46,"Автосборка по рангу, классу, фракции, роли и характеристикам корабля."
craft_wind_houses_repair_battleship_r08,wind_houses_repair_battleship_r08,Целитель,8,wind_houses,Ветровые Дома,battleship,Battleship,repair,Repair,repair_battleship,ship_blocks,battleship_yard,270.00,180.00,,0,cargo_block;defense_block;instrument_block;propulsion_block;industry_block;power_block;bulkhead;deck_section;hatch;weapon_block;airlock;pump;actuator;hangar_block,6;5;2;2;1;2;183;158;117;1;75;18;15;1,2718549.95,"Автосборка по рангу, классу, фракции, роли и характеристикам корабля."
craft_wind_houses_repair_battleship_r09,wind_houses_repair_battleship_r09,Архонт,9,wind_houses,Ветровые Дома,battleship,Battleship,repair,Repair,repair_battleship,ship_blocks,battleship_yard,495.00,330.00,,0,cargo_block;defense_block;instrument_block;industry_block;propulsion_block;power_block;bulkhead;deck_section;weapon_block;hatch;airlock;hangar_block;pump;actuator,17;13;6;3;5;4;389;336;3;249;160;1;38;32,6865863.70,"Автосборка по рангу, классу, фракции, роли и характеристикам корабля."
craft_wind_houses_repair_battleship_r10,wind_houses_repair_battleship_r10,Маяк,10,wind_houses,Ветровые Дома,battleship,Battleship,repair,Repair,repair_battleship,faction_flagship_license,battleship_yard,900.00,600.00,wind_houses_flagship_license,1,cargo_block;defense_block;instrument_block;industry_block;propulsion_block;power_block;bulkhead;deck_section;hatch;steel;weapon_block;airlock;pump;actuator;hangar_block;sensor,35;28;12;6;10;9;1068;927;687;13042;6;442;104;89;2;71,16648396.91,"Автосборка по рангу, классу, фракции, роли и характеристикам корабля."
craft_wind_houses_industrial_battleship_r02,wind_houses_industrial_battleship_r02,Гондола,2,wind_houses,Ветровые Дома,battleship,Battleship,industrial,Industrial,industrial_battleship,raw_resources,battleship_yard,1.60,1.07,,0,iron;magnesium;calcite;charcoal;sylvine;aerosil;copper;quartz,200;58;44;71;12;22;13;13,10602.15,"Автосборка по рангу, классу, фракции, роли и характеристикам корабля."
craft_wind_houses_industrial_battleship_r03,wind_houses_industrial_battleship_r03,Транзит,3,wind_houses,Ветровые Дома,battleship,Battleship,industrial,Industrial,industrial_battleship,raw_resources,battleship_yard,3.75,2.50,,0,iron;magnesium;calcite;charcoal;sylvine;quartz;copper;aerosil,525;150;117;194;32;40;39;59,28247.52,"Автосборка по рангу, классу, фракции, роли и характеристикам корабля."
craft_wind_houses_industrial_battleship_r04,wind_houses_industrial_battleship_r04,Каравелла,4,wind_houses,Ветровые Дома,battleship,Battleship,industrial,Industrial,industrial_battleship,prepared_materials,battleship_yard,9.00,6.00,,0,steel;elektron;rubber;resin;brass;iron;bulat;siloxane;invar;magnesium,361;146;49;59;96;204;13;25;13;58,67599.05,"Автосборка по рангу, классу, фракции, роли и характеристикам корабля."
craft_wind_houses_industrial_battleship_r05,wind_houses_industrial_battleship_r05,Магнит,5,wind_houses,Ветровые Дома,battleship,Battleship,industrial,Industrial,industrial_battleship,prepared_materials,battleship_yard,22.50,15.00,,0,steel;elektron;rubber;resin;brass;bulat;siloxane;iron;invar;glass_ceramic,876;351;121;145;235;33;61;330;33;66,161662.34,"Автосборка по рангу, классу, фракции, роли и характеристикам корабля."
craft_wind_houses_industrial_battleship_r06,wind_houses_industrial_battleship_r06,Линия,6,wind_houses,Ветровые Дома,battleship,Battleship,industrial,Industrial,industrial_battleship,hull_and_machine_parts,battleship_yard,60.00,40.00,,0,bulkhead;deck_section;airlock;hatch;actuator;pump;beam;steel;sensor;cowling;armor_plate;plating,79;62;36;46;7;7;31;409;3;14;6;13,416404.22,"Автосборка по рангу, классу, фракции, роли и характеристикам корабля."
craft_wind_houses_industrial_battleship_r07,wind_houses_industrial_battleship_r07,Грузовик,7,wind_houses,Ветровые Дома,battleship,Battleship,industrial,Industrial,industrial_battleship,hull_and_machine_parts,battleship_yard,135.00,90.00,,0,bulkhead;deck_section;airlock;hatch;actuator;pump;beam;sensor;steel;cowling;armor_plate;plating,200;157;92;116;19;17;76;7;772;35;16;32,1040649.51,"Автосборка по рангу, классу, фракции, роли и характеристикам корабля."
craft_wind_houses_industrial_battleship_r08,wind_houses_industrial_battleship_r08,Транспорт,8,wind_houses,Ветровые Дома,battleship,Battleship,industrial,Industrial,industrial_battleship,ship_blocks,battleship_yard,270.00,180.00,,0,cargo_block;industry_block;defense_block;bulkhead;power_block;instrument_block;propulsion_block;deck_section;airlock;hatch;actuator;pump;steel;hangar_block,8;2;3;194;2;1;1;152;89;112;18;17;1181;1,2604277.51,"Автосборка по рангу, классу, фракции, роли и характеристикам корабля."
craft_wind_houses_industrial_battleship_r09,wind_houses_industrial_battleship_r09,Конвейер,9,wind_houses,Ветровые Дома,battleship,Battleship,industrial,Industrial,industrial_battleship,ship_blocks,battleship_yard,495.00,330.00,,0,cargo_block;industry_block;defense_block;instrument_block;power_block;propulsion_block;bulkhead;deck_section;airlock;hatch;actuator;pump;steel;hangar_block,22;5;8;3;4;3;412;325;192;240;39;36;3133;1,6535225.42,"Автосборка по рангу, классу, фракции, роли и характеристикам корабля."
craft_wind_houses_industrial_battleship_r10,wind_houses_industrial_battleship_r10,Монсун,10,wind_houses,Ветровые Дома,battleship,Battleship,industrial,Industrial,industrial_battleship,faction_flagship_license,battleship_yard,900.00,600.00,wind_houses_flagship_license,1,cargo_block;industry_block;defense_block;bulkhead;instrument_block;power_block;deck_section;propulsion_block;airlock;hatch;steel;actuator;pump;elektron;hangar_block;rubber,52;12;18;1277;8;9;1013;7;598;747;14214;122;110;5731;2;2083,17868927.63,"Автосборка по рангу, классу, фракции, роли и характеристикам корабля."
craft_mist_synod_siphon_scout_frigate_r02,mist_synod_siphon_scout_frigate_r02,Туманец,2,mist_synod,Туманный Синод,frigate,Frigate,siphon_scout,SiphonScout,siphon_scout_frigate,raw_resources,frigate_yard,1.60,1.07,,0,magnesium;iron;aerosil;vespar;quartz;copper;fulgur;ionide,24;41;37;8;20;14;2;1,4904.76,"Автосборка по рангу, классу, фракции, роли и характеристикам корабля."
craft_mist_synod_siphon_scout_frigate_r03,mist_synod_siphon_scout_frigate_r03,Сифон,3,mist_synod,Туманный Синод,frigate,Frigate,siphon_scout,SiphonScout,siphon_scout_frigate,raw_resources,frigate_yard,3.75,2.50,,0,magnesium;iron;aerosil;vespar;quartz;copper;ionide;fulgur,59;101;91;21;53;37;4;5,12387.77,"Автосборка по рангу, классу, фракции, роли и характеристикам корабля."
craft_mist_synod_siphon_scout_frigate_r04,mist_synod_siphon_scout_frigate_r04,Муть,4,mist_synod,Туманный Синод,frigate,Frigate,siphon_scout,SiphonScout,siphon_scout_frigate,prepared_materials,frigate_yard,9.00,6.00,,0,siloxane;elektron;steel;resin;rubber;glass_ceramic;invar;fluoroplastic;textolite;orkit,42;57;75;33;15;29;12;7;8;10,30500.50,"Автосборка по рангу, классу, фракции, роли и характеристикам корабля."
craft_mist_synod_siphon_scout_frigate_r05,mist_synod_siphon_scout_frigate_r05,Облачник,5,mist_synod,Туманный Синод,frigate,Frigate,siphon_scout,SiphonScout,siphon_scout_frigate,prepared_materials,frigate_yard,22.50,15.00,,0,siloxane;elektron;steel;resin;rubber;glass_ceramic;invar;fluoroplastic;textolite;orkit,105;140;198;84;38;75;30;19;21;23,76683.58,"Автосборка по рангу, классу, фракции, роли и характеристикам корабля."
craft_mist_synod_siphon_scout_frigate_r06,mist_synod_siphon_scout_frigate_r06,Дымарь,6,mist_synod,Туманный Синод,frigate,Frigate,siphon_scout,SiphonScout,siphon_scout_frigate,hull_and_machine_parts,frigate_yard,60.00,40.00,,0,cowling;sensor;compressor;plating;pump;gyroscope;engine;bulkhead;actuator;beam;deck_section;airlock,28;4;3;19;3;2;2;14;2;18;14;9,206171.92,"Автосборка по рангу, классу, фракции, роли и характеристикам корабля."
craft_mist_synod_siphon_scout_frigate_r07,mist_synod_siphon_scout_frigate_r07,Нобель,7,mist_synod,Туманный Синод,frigate,Frigate,siphon_scout,SiphonScout,siphon_scout_frigate,hull_and_machine_parts,frigate_yard,135.00,90.00,,0,cowling;sensor;compressor;pump;plating;gyroscope;engine;bulkhead;actuator;beam;deck_section;airlock,63;9;6;8;42;5;4;34;5;41;32;20,474927.75,"Автосборка по рангу, классу, фракции, роли и характеристикам корабля."
craft_mist_synod_siphon_scout_frigate_r08,mist_synod_siphon_scout_frigate_r08,Завеса,8,mist_synod,Туманный Синод,frigate,Frigate,siphon_scout,SiphonScout,siphon_scout_frigate,ship_blocks,frigate_yard,270.00,180.00,,0,instrument_block;propulsion_block;industry_block;power_block;cargo_block;defense_block;cowling;sensor;compressor;pump;gyroscope;weapon_block;plating;engine,2;1;1;1;2;1;46;6;5;5;4;1;30;4,1200017.55,"Автосборка по рангу, классу, фракции, роли и характеристикам корабля."
craft_mist_synod_siphon_scout_frigate_r09,mist_synod_siphon_scout_frigate_r09,Пульсар,9,mist_synod,Туманный Синод,frigate,Frigate,siphon_scout,SiphonScout,siphon_scout_frigate,ship_blocks,frigate_yard,495.00,330.00,,0,instrument_block;propulsion_block;industry_block;power_block;cargo_block;defense_block;cowling;sensor;weapon_block;pump;compressor;gyroscope;plating;hangar_block,4;4;2;3;5;3;131;19;1;17;13;10;85;1,3318163.72,"Автосборка по рангу, классу, фракции, роли и характеристикам корабля."
craft_mist_synod_siphon_scout_frigate_r10,mist_synod_siphon_scout_frigate_r10,Нимб,10,mist_synod,Туманный Синод,frigate,Frigate,siphon_scout,SiphonScout,siphon_scout_frigate,faction_flagship_license,frigate_yard,900.00,600.00,mist_synod_flagship_license,1,instrument_block;propulsion_block;industry_block;power_block;cargo_block;defense_block;cowling;sensor;pump;compressor;gyroscope;weapon_block;plating;actuator;bulkhead;engine,9;9;4;7;10;5;356;51;46;36;28;2;228;32;199;22,7725674.95,"Автосборка по рангу, классу, фракции, роли и характеристикам корабля."
craft_mist_synod_dome_recon_frigate_r02,mist_synod_dome_recon_frigate_r02,Кокон,2,mist_synod,Туманный Синод,frigate,Frigate,dome_recon,DomeRecon,dome_recon_frigate,raw_resources,frigate_yard,1.60,1.07,,0,magnesium;iron;quartz;aerosil;copper;vespar;ionide;claudium,24;40;23;28;15;6;1;3,4589.53,"Автосборка по рангу, классу, фракции, роли и характеристикам корабля."
craft_mist_synod_dome_recon_frigate_r03,mist_synod_dome_recon_frigate_r03,Завесник,3,mist_synod,Туманный Синод,frigate,Frigate,dome_recon,DomeRecon,dome_recon_frigate,raw_resources,frigate_yard,3.75,2.50,,0,magnesium;iron;quartz;aerosil;copper;vespar;ionide;claudium,67;109;66;81;45;16;4;8,13059.05,"Автосборка по рангу, классу, фракции, роли и характеристикам корабля."
craft_mist_synod_dome_recon_frigate_r04,mist_synod_dome_recon_frigate_r04,Мираж,4,mist_synod,Туманный Синод,frigate,Frigate,dome_recon,DomeRecon,dome_recon_frigate,prepared_materials,frigate_yard,9.00,6.00,,0,elektron;siloxane;steel;invar;resin;glass_ceramic;textolite;melchior;orkit;rubber,64;41;83;18;30;36;11;17;12;12,33449.87,"Автосборка по рангу, классу, фракции, роли и характеристикам корабля."
craft_mist_synod_dome_recon_frigate_r05,mist_synod_dome_recon_frigate_r05,Полость,5,mist_synod,Туманный Синод,frigate,Frigate,dome_recon,DomeRecon,dome_recon_frigate,prepared_materials,frigate_yard,22.50,15.00,,0,elektron;siloxane;steel;invar;resin;glass_ceramic;textolite;melchior;orkit;rubber,145;92;183;43;67;84;27;40;26;27,76697.53,"Автосборка по рангу, классу, фракции, роли и характеристикам корабля."
craft_mist_synod_dome_recon_frigate_r06,mist_synod_dome_recon_frigate_r06,Ореол,6,mist_synod,Туманный Синод,frigate,Frigate,dome_recon,DomeRecon,dome_recon_frigate,hull_and_machine_parts,frigate_yard,60.00,40.00,,0,sensor;cowling;gyroscope;plating;calculator;engine;bulkhead;beam;actuator;pump;compressor;deck_section,5;26;2;17;1;2;13;16;2;2;2;12,193073.44,"Автосборка по рангу, классу, фракции, роли и характеристикам корабля."
craft_mist_synod_dome_recon_frigate_r07,mist_synod_dome_recon_frigate_r07,Сфера,7,mist_synod,Туманный Синод,frigate,Frigate,dome_recon,DomeRecon,dome_recon_frigate,hull_and_machine_parts,frigate_yard,135.00,90.00,,0,sensor;cowling;gyroscope;plating;calculator;engine;bulkhead;actuator;pump;beam;compressor;deck_section,12;68;6;45;4;5;34;5;6;41;4;32,515228.15,"Автосборка по рангу, классу, фракции, роли и характеристикам корабля."
craft_mist_synod_dome_recon_frigate_r08,mist_synod_dome_recon_frigate_r08,Затвор,8,mist_synod,Туманный Синод,frigate,Frigate,dome_recon,DomeRecon,dome_recon_frigate,ship_blocks,frigate_yard,270.00,180.00,,0,instrument_block;propulsion_block;power_block;cargo_block;industry_block;sensor;cowling;defense_block;gyroscope;hangar_block;calculator;plating;engine;bulkhead,2;2;1;1;1;6;30;1;3;1;2;19;3;14,1213729.19,"Автосборка по рангу, классу, фракции, роли и характеристикам корабля."
craft_mist_synod_dome_recon_frigate_r09,mist_synod_dome_recon_frigate_r09,Фантом,9,mist_synod,Туманный Синод,frigate,Frigate,dome_recon,DomeRecon,dome_recon_frigate,ship_blocks,frigate_yard,495.00,330.00,,0,instrument_block;propulsion_block;power_block;cargo_block;industry_block;defense_block;sensor;cowling;hangar_block;gyroscope;calculator;plating;weapon_block;engine,5;4;3;4;1;2;24;123;1;12;7;79;1;8,3123899.47,"Автосборка по рангу, классу, фракции, роли и характеристикам корабля."
craft_mist_synod_dome_recon_frigate_r10,mist_synod_dome_recon_frigate_r10,Покров,10,mist_synod,Туманный Синод,frigate,Frigate,dome_recon,DomeRecon,dome_recon_frigate,faction_flagship_license,frigate_yard,900.00,600.00,mist_synod_flagship_license,1,instrument_block;propulsion_block;power_block;cargo_block;industry_block;sensor;cowling;defense_block;gyroscope;hangar_block;calculator;plating;engine;elektron;bulkhead;actuator,12;10;7;8;3;71;363;5;35;1;22;228;24;2274;185;29,7896443.99,"Автосборка по рангу, классу, фракции, роли и характеристикам корабля."
craft_mist_synod_gunline_cruiser_r02,mist_synod_gunline_cruiser_r02,Искатель,2,mist_synod,Туманный Синод,cruiser,Cruiser,gunline,Gunline,gunline_cruiser,raw_resources,cruiser_yard,1.60,1.07,,0,iron;charcoal;magnesium;copper;calcite;aerosil;vespar;sylvine,100;95;23;30;18;26;6;6,6823.76,"Автосборка по рангу, классу, фракции, роли и характеристикам корабля."
craft_mist_synod_gunline_cruiser_r03,mist_synod_gunline_cruiser_r03,Факел,3,mist_synod,Туманный Синод,cruiser,Cruiser,gunline,Gunline,gunline_cruiser,raw_resources,cruiser_yard,3.75,2.50,,0,iron;charcoal;magnesium;copper;calcite;aerosil;vespar;sylvine,251;244;60;76;47;67;16;17,17445.46,"Автосборка по рангу, классу, фракции, роли и характеристикам корабля."
craft_mist_synod_gunline_cruiser_r04,mist_synod_gunline_cruiser_r04,Гарпия,4,mist_synod,Туманный Синод,cruiser,Cruiser,gunline,Gunline,gunline_cruiser,prepared_materials,cruiser_yard,9.00,6.00,,0,steel;bulat;elektron;resin;siloxane;brass;rubber;aramid;glass_ceramic;bakelite,226;20;51;33;32;50;17;13;27;28,41750.15,"Автосборка по рангу, классу, фракции, роли и характеристикам корабля."
craft_mist_synod_gunline_cruiser_r05,mist_synod_gunline_cruiser_r05,Пламенник,5,mist_synod,Туманный Синод,cruiser,Cruiser,gunline,Gunline,gunline_cruiser,prepared_materials,cruiser_yard,22.50,15.00,,0,steel;bulat;elektron;resin;brass;siloxane;rubber;aramid;glass_ceramic;bakelite,611;57;137;86;137;85;46;36;75;76,112910.95,"Автосборка по рангу, классу, фракции, роли и характеристикам корабля."
craft_mist_synod_gunline_cruiser_r06,mist_synod_gunline_cruiser_r06,Фосфор,6,mist_synod,Туманный Синод,cruiser,Cruiser,gunline,Gunline,gunline_cruiser,hull_and_machine_parts,cruiser_yard,60.00,40.00,,0,bulkhead;deck_section;armor_plate;hatch;actuator;plating;beam;gyroscope;cowling;pump;steel;munition_bundle,37;38;14;25;4;25;31;2;18;3;319;13,289720.40,"Автосборка по рангу, классу, фракции, роли и характеристикам корабля."
craft_mist_synod_gunline_cruiser_r07,mist_synod_gunline_cruiser_r07,Жаровня,7,mist_synod,Туманный Синод,cruiser,Cruiser,gunline,Gunline,gunline_cruiser,hull_and_machine_parts,cruiser_yard,135.00,90.00,,0,bulkhead;deck_section;armor_plate;actuator;hatch;plating;beam;gyroscope;cowling;pump;steel;munition_bundle,87;90;35;11;59;57;71;6;41;8;565;32,672605.66,"Автосборка по рангу, классу, фракции, роли и характеристикам корабля."
craft_mist_synod_gunline_cruiser_r08,mist_synod_gunline_cruiser_r08,Солнцепек,8,mist_synod,Туманный Синод,cruiser,Cruiser,gunline,Gunline,gunline_cruiser,ship_blocks,cruiser_yard,270.00,180.00,,0,defense_block;weapon_block;power_block;instrument_block;propulsion_block;cargo_block;industry_block;bulkhead;deck_section;armor_plate;hatch;actuator;plating;beam,3;2;2;1;1;2;1;83;86;34;57;10;55;66,1731935.21,"Автосборка по рангу, классу, фракции, роли и характеристикам корабля."
craft_mist_synod_gunline_cruiser_r09,mist_synod_gunline_cruiser_r09,Гелиос,9,mist_synod,Туманный Синод,cruiser,Cruiser,gunline,Gunline,gunline_cruiser,ship_blocks,cruiser_yard,495.00,330.00,,0,defense_block;weapon_block;power_block;instrument_block;propulsion_block;cargo_block;industry_block;bulkhead;deck_section;armor_plate;actuator;hatch;steel;plating,9;5;5;4;4;5;1;181;186;74;23;124;2328;116,4479627.75,"Автосборка по рангу, классу, фракции, роли и характеристикам корабля."
craft_mist_synod_gunline_cruiser_r10,mist_synod_gunline_cruiser_r10,Пирофор,10,mist_synod,Туманный Синод,cruiser,Cruiser,gunline,Gunline,gunline_cruiser,faction_flagship_license,cruiser_yard,900.00,600.00,mist_synod_flagship_license,1,defense_block;weapon_block;power_block;instrument_block;propulsion_block;cargo_block;industry_block;steel;bulkhead;deck_section;armor_plate;actuator;hatch;plating;gyroscope;beam,19;11;10;7;8;11;3;9282;494;506;203;63;340;312;34;374,10702753.55,"Автосборка по рангу, классу, фракции, роли и характеристикам корабля."
craft_mist_synod_toxic_cloud_cruiser_r02,mist_synod_toxic_cloud_cruiser_r02,Травник,2,mist_synod,Туманный Синод,cruiser,Cruiser,toxic_cloud,ToxicCloud,toxic_cloud_cruiser,raw_resources,cruiser_yard,1.60,1.07,,0,iron;magnesium;vespar;aerosil;charcoal;calcite;copper;fulgur,89;26;11;41;60;15;18;2,6646.34,"Автосборка по рангу, классу, фракции, роли и характеристикам корабля."
craft_mist_synod_toxic_cloud_cruiser_r03,mist_synod_toxic_cloud_cruiser_r03,Испарин,3,mist_synod,Туманный Синод,cruiser,Cruiser,toxic_cloud,ToxicCloud,toxic_cloud_cruiser,raw_resources,cruiser_yard,3.75,2.50,,0,iron;magnesium;vespar;aerosil;charcoal;calcite;copper;fulgur,214;65;27;105;149;36;45;6,16483.60,"Автосборка по рангу, классу, фракции, роли и характеристикам корабля."
craft_mist_synod_toxic_cloud_cruiser_r04,mist_synod_toxic_cloud_cruiser_r04,Едок,4,mist_synod,Туманный Синод,cruiser,Cruiser,toxic_cloud,ToxicCloud,toxic_cloud_cruiser,prepared_materials,cruiser_yard,9.00,6.00,,0,steel;resin;siloxane;elektron;rubber;fluoroplastic;brass;bulat;glass_ceramic;iron,174;50;51;61;24;11;37;9;27;85,41690.35,"Автосборка по рангу, классу, фракции, роли и характеристикам корабля."
craft_mist_synod_toxic_cloud_cruiser_r05,mist_synod_toxic_cloud_cruiser_r05,Смог,5,mist_synod,Туманный Синод,cruiser,Cruiser,toxic_cloud,ToxicCloud,toxic_cloud_cruiser,prepared_materials,cruiser_yard,22.50,15.00,,0,steel;resin;siloxane;elektron;rubber;fluoroplastic;bulat;glass_ceramic;brass;bakelite,452;129;132;157;64;27;26;82;97;58,109485.53,"Автосборка по рангу, классу, фракции, роли и характеристикам корабля."
craft_mist_synod_toxic_cloud_cruiser_r06,mist_synod_toxic_cloud_cruiser_r06,Кислота,6,mist_synod,Туманный Синод,cruiser,Cruiser,toxic_cloud,ToxicCloud,toxic_cloud_cruiser,hull_and_machine_parts,cruiser_yard,60.00,40.00,,0,cowling;bulkhead;plating;pump;deck_section;compressor;beam;sensor;hatch;airlock;actuator;armor_plate,27;30;26;5;27;3;29;3;17;12;3;7,264635.28,"Автосборка по рангу, классу, фракции, роли и характеристикам корабля."
craft_mist_synod_toxic_cloud_cruiser_r07,mist_synod_toxic_cloud_cruiser_r07,Хмарь,7,mist_synod,Туманный Синод,cruiser,Cruiser,toxic_cloud,ToxicCloud,toxic_cloud_cruiser,hull_and_machine_parts,cruiser_yard,135.00,90.00,,0,cowling;bulkhead;pump;plating;deck_section;compressor;beam;sensor;hatch;airlock;armor_plate;actuator,76;83;13;72;76;10;78;9;49;34;21;8,744295.15,"Автосборка по рангу, классу, фракции, роли и характеристикам корабля."
craft_mist_synod_toxic_cloud_cruiser_r08,mist_synod_toxic_cloud_cruiser_r08,Реагент,8,mist_synod,Туманный Синод,cruiser,Cruiser,toxic_cloud,ToxicCloud,toxic_cloud_cruiser,ship_blocks,cruiser_yard,270.00,180.00,,0,instrument_block;cargo_block;propulsion_block;industry_block;power_block;defense_block;weapon_block;cowling;bulkhead;pump;plating;deck_section;compressor;sensor,2;3;2;1;2;2;1;66;71;11;62;66;8;8,1739731.19,"Автосборка по рангу, классу, фракции, роли и характеристикам корабля."
craft_mist_synod_toxic_cloud_cruiser_r09,mist_synod_toxic_cloud_cruiser_r09,Морок,9,mist_synod,Туманный Синод,cruiser,Cruiser,toxic_cloud,ToxicCloud,toxic_cloud_cruiser,ship_blocks,cruiser_yard,495.00,330.00,,0,instrument_block;cargo_block;propulsion_block;industry_block;power_block;defense_block;weapon_block;cowling;bulkhead;deck_section;pump;plating;compressor;sensor,5;8;4;3;5;7;3;150;161;149;25;139;18;18,4685791.86,"Автосборка по рангу, классу, фракции, роли и характеристикам корабля."
craft_mist_synod_toxic_cloud_cruiser_r10,mist_synod_toxic_cloud_cruiser_r10,Каустик,10,mist_synod,Туманный Синод,cruiser,Cruiser,toxic_cloud,ToxicCloud,toxic_cloud_cruiser,faction_flagship_license,cruiser_yard,900.00,600.00,mist_synod_flagship_license,1,instrument_block;cargo_block;propulsion_block;industry_block;power_block;defense_block;weapon_block;cowling;bulkhead;steel;deck_section;pump;plating;compressor;sensor;hatch,10;17;10;6;11;15;6;434;473;7896;437;73;398;53;52;289,11818199.45,"Автосборка по рангу, классу, фракции, роли и характеристикам корабля."
craft_mist_synod_chemical_cruiser_r02,mist_synod_chemical_cruiser_r02,Колба,2,mist_synod,Туманный Синод,cruiser,Cruiser,chemical,Chemical,chemical_cruiser,raw_resources,cruiser_yard,1.60,1.07,,0,iron;magnesium;calcite;vespar;aerosil;charcoal;fulgur;copper,98;23;19;9;34;61;2;12,6378.33,"Автосборка по рангу, классу, фракции, роли и характеристикам корабля."
craft_mist_synod_chemical_cruiser_r03,mist_synod_chemical_cruiser_r03,Смеситель,3,mist_synod,Туманный Синод,cruiser,Cruiser,chemical,Chemical,chemical_cruiser,raw_resources,cruiser_yard,3.75,2.50,,0,iron;magnesium;calcite;vespar;aerosil;charcoal;fulgur;copper,263;63;52;26;93;174;6;34,17534.68,"Автосборка по рангу, классу, фракции, роли и характеристикам корабля."
craft_mist_synod_chemical_cruiser_r04,mist_synod_chemical_cruiser_r04,Алхимик,4,mist_synod,Туманный Синод,cruiser,Cruiser,chemical,Chemical,chemical_cruiser,prepared_materials,cruiser_yard,9.00,6.00,,0,steel;resin;rubber;siloxane;elektron;fluoroplastic;brass;bulat;glass_ceramic;iron,198;55;32;44;57;11;45;9;29;104,44916.09,"Автосборка по рангу, классу, фракции, роли и характеристикам корабля."
craft_mist_synod_chemical_cruiser_r05,mist_synod_chemical_cruiser_r05,Мембрана,5,mist_synod,Туманный Синод,cruiser,Cruiser,chemical,Chemical,chemical_cruiser,prepared_materials,cruiser_yard,22.50,15.00,,0,steel;resin;rubber;siloxane;elektron;fluoroplastic;brass;bulat;glass_ceramic;bakelite,503;137;81;109;138;28;114;25;78;53,112511.07,"Автосборка по рангу, классу, фракции, роли и характеристикам корабля."
craft_mist_synod_chemical_cruiser_r06,mist_synod_chemical_cruiser_r06,Реактор,6,mist_synod,Туманный Синод,cruiser,Cruiser,chemical,Chemical,chemical_cruiser,hull_and_machine_parts,cruiser_yard,60.00,40.00,,0,bulkhead;pump;beam;airlock;compressor;cowling;deck_section;plating;hatch;sensor;actuator;steel,38;6;36;18;4;22;26;21;18;3;3;251,281577.60,"Автосборка по рангу, классу, фракции, роли и характеристикам корабля."
craft_mist_synod_chemical_cruiser_r07,mist_synod_chemical_cruiser_r07,Сепаратор,7,mist_synod,Туманный Синод,cruiser,Cruiser,chemical,Chemical,chemical_cruiser,hull_and_machine_parts,cruiser_yard,135.00,90.00,,0,bulkhead;pump;beam;airlock;compressor;cowling;deck_section;plating;sensor;hatch;actuator;armor_plate,99;16;90;46;9;58;66;52;8;45;8;14,724551.49,"Автосборка по рангу, классу, фракции, роли и характеристикам корабля."
craft_mist_synod_chemical_cruiser_r08,mist_synod_chemical_cruiser_r08,Конденсор,8,mist_synod,Туманный Синод,cruiser,Cruiser,chemical,Chemical,chemical_cruiser,ship_blocks,cruiser_yard,270.00,180.00,,0,industry_block;cargo_block;power_block;instrument_block;propulsion_block;defense_block;bulkhead;pump;beam;airlock;compressor;cowling;deck_section;sensor,1;4;2;1;1;2;88;14;79;42;8;52;59;7,1703981.52,"Автосборка по рангу, классу, фракции, роли и характеристикам корабля."
craft_mist_synod_chemical_cruiser_r09,mist_synod_chemical_cruiser_r09,Лаборат,9,mist_synod,Туманный Синод,cruiser,Cruiser,chemical,Chemical,chemical_cruiser,ship_blocks,cruiser_yard,495.00,330.00,,0,industry_block;cargo_block;instrument_block;power_block;propulsion_block;defense_block;bulkhead;pump;airlock;weapon_block;beam;compressor;cowling;deck_section,4;10;4;4;3;5;196;31;94;1;176;19;117;130,4550690.87,"Автосборка по рангу, классу, фракции, роли и характеристикам корабля."
craft_mist_synod_chemical_cruiser_r10,mist_synod_chemical_cruiser_r10,Формула,10,mist_synod,Туманный Синод,cruiser,Cruiser,chemical,Chemical,chemical_cruiser,faction_flagship_license,cruiser_yard,900.00,600.00,mist_synod_flagship_license,1,industry_block;cargo_block;instrument_block;power_block;propulsion_block;defense_block;bulkhead;pump;steel;airlock;compressor;beam;cowling;deck_section;sensor;weapon_block,9;21;8;9;7;11;541;86;7655;258;52;476;322;356;45;3,10935404.23,"Автосборка по рангу, классу, фракции, роли и характеристикам корабля."
craft_mist_synod_repair_cruiser_r02,mist_synod_repair_cruiser_r02,Смола,2,mist_synod,Туманный Синод,cruiser,Cruiser,repair,Repair,repair_cruiser,raw_resources,cruiser_yard,1.60,1.07,,0,iron;magnesium;vespar;calcite;aerosil;acid;charcoal;copper,103;27;12;18;32;3;53;17,7084.50,"Автосборка по рангу, классу, фракции, роли и характеристикам корабля."
craft_mist_synod_repair_cruiser_r03,mist_synod_repair_cruiser_r03,Латка,3,mist_synod,Туманный Синод,cruiser,Cruiser,repair,Repair,repair_cruiser,raw_resources,cruiser_yard,3.75,2.50,,0,iron;magnesium;vespar;calcite;aerosil;acid;charcoal;copper,256;63;31;46;80;9;134;43,17745.81,"Автосборка по рангу, классу, фракции, роли и характеристикам корабля."
craft_mist_synod_repair_cruiser_r04,mist_synod_repair_cruiser_r04,Терапевт,4,mist_synod,Туманный Синод,cruiser,Cruiser,repair,Repair,repair_cruiser,prepared_materials,cruiser_yard,9.00,6.00,,0,steel;resin;rubber;siloxane;elektron;fluoroplastic;glass_ceramic;bulat;brass;leviathan_ichor,163;59;33;47;53;14;25;8;30;4,42834.17,"Автосборка по рангу, классу, фракции, роли и характеристикам корабля."
craft_mist_synod_repair_cruiser_r05,mist_synod_repair_cruiser_r05,Полимер,5,mist_synod,Туманный Синод,cruiser,Cruiser,repair,Repair,repair_cruiser,prepared_materials,cruiser_yard,22.50,15.00,,0,steel;resin;rubber;siloxane;elektron;fluoroplastic;bulat;glass_ceramic;brass;leviathan_ichor,405;148;84;118;130;35;21;67;75;10,107686.29,"Автосборка по рангу, классу, фракции, роли и характеристикам корабля."
craft_mist_synod_repair_cruiser_r06,mist_synod_repair_cruiser_r06,Бальзам,6,mist_synod,Туманный Синод,cruiser,Cruiser,repair,Repair,repair_cruiser,hull_and_machine_parts,cruiser_yard,60.00,40.00,,0,pump;sensor;bulkhead;airlock;cowling;plating;deck_section;beam;hatch;calculator;armor_plate;compressor,8;5;32;18;22;24;23;28;16;1;7;2,286640.50,"Автосборка по рангу, классу, фракции, роли и характеристикам корабля."
craft_mist_synod_repair_cruiser_r07,mist_synod_repair_cruiser_r07,Целитель,7,mist_synod,Туманный Синод,cruiser,Cruiser,repair,Repair,repair_cruiser,hull_and_machine_parts,cruiser_yard,135.00,90.00,,0,pump;sensor;bulkhead;airlock;cowling;plating;deck_section;beam;hatch;calculator;armor_plate;compressor,21;14;84;47;57;60;62;70;44;4;19;6,752987.69,"Автосборка по рангу, классу, фракции, роли и характеристикам корабля."
craft_mist_synod_repair_cruiser_r08,mist_synod_repair_cruiser_r08,Регенер,8,mist_synod,Туманный Синод,cruiser,Cruiser,repair,Repair,repair_cruiser,ship_blocks,cruiser_yard,270.00,180.00,,0,instrument_block;defense_block;industry_block;propulsion_block;cargo_block;power_block;pump;hangar_block;sensor;bulkhead;airlock;cowling;plating;deck_section,2;3;1;1;2;1;18;1;12;72;40;48;49;53,1801577.12,"Автосборка по рангу, классу, фракции, роли и характеристикам корабля."
craft_mist_synod_repair_cruiser_r09,mist_synod_repair_cruiser_r09,Астрал,9,mist_synod,Туманный Синод,cruiser,Cruiser,repair,Repair,repair_cruiser,ship_blocks,cruiser_yard,495.00,330.00,,0,instrument_block;defense_block;industry_block;propulsion_block;cargo_block;power_block;hangar_block;pump;sensor;bulkhead;weapon_block;airlock;cowling;deck_section,5;9;3;4;6;4;1;40;26;155;1;88;103;114,4656656.98,"Автосборка по рангу, классу, фракции, роли и характеристикам корабля."
craft_mist_synod_repair_cruiser_r10,mist_synod_repair_cruiser_r10,Амальгама,10,mist_synod,Туманный Синод,cruiser,Cruiser,repair,Repair,repair_cruiser,faction_flagship_license,cruiser_yard,900.00,600.00,mist_synod_flagship_license,1,instrument_block;defense_block;industry_block;propulsion_block;cargo_block;power_block;pump;hangar_block;sensor;bulkhead;airlock;steel;cowling;weapon_block;deck_section;plating,13;20;7;8;13;9;116;3;77;453;259;6740;305;3;334;295,11764444.77,"Автосборка по рангу, классу, фракции, роли и характеристикам корабля."
craft_mist_synod_heavy_egg_battleship_r02,mist_synod_heavy_egg_battleship_r02,Ядро,2,mist_synod,Туманный Синод,battleship,Battleship,heavy_egg,HeavyEgg,heavy_egg_battleship,raw_resources,battleship_yard,1.60,1.07,,0,iron;magnesium;calcite;charcoal;copper;sylvine;vespar;aerosil,171;37;36;104;33;14;5;20,9879.72,"Автосборка по рангу, классу, фракции, роли и характеристикам корабля."
craft_mist_synod_heavy_egg_battleship_r03,mist_synod_heavy_egg_battleship_r03,Овоид,3,mist_synod,Туманный Синод,battleship,Battleship,heavy_egg,HeavyEgg,heavy_egg_battleship,raw_resources,battleship_yard,3.75,2.50,,0,iron;magnesium;calcite;charcoal;copper;sylvine;vespar;aerosil,467;103;100;280;89;38;14;53,27025.79,"Автосборка по рангу, классу, фракции, роли и характеристикам корабля."
craft_mist_synod_heavy_egg_battleship_r04,mist_synod_heavy_egg_battleship_r04,Пламень,4,mist_synod,Туманный Синод,battleship,Battleship,heavy_egg,HeavyEgg,heavy_egg_battleship,prepared_materials,battleship_yard,9.00,6.00,,0,steel;elektron;bulat;rubber;brass;resin;iron;siloxane;glass_ceramic;bakelite,387;105;28;40;96;52;183;27;35;37,67810.25,"Автосборка по рангу, классу, фракции, роли и характеристикам корабля."
craft_mist_synod_heavy_egg_battleship_r05,mist_synod_heavy_egg_battleship_r05,Саламандр,5,mist_synod,Туманный Синод,battleship,Battleship,heavy_egg,HeavyEgg,heavy_egg_battleship,prepared_materials,battleship_yard,22.50,15.00,,0,steel;elektron;bulat;rubber;brass;resin;glass_ceramic;siloxane;bakelite;aramid,959;263;70;103;240;131;88;65;89;34,166447.47,"Автосборка по рангу, классу, фракции, роли и характеристикам корабля."
craft_mist_synod_heavy_egg_battleship_r06,mist_synod_heavy_egg_battleship_r06,Пекло,6,mist_synod,Туманный Синод,battleship,Battleship,heavy_egg,HeavyEgg,heavy_egg_battleship,hull_and_machine_parts,battleship_yard,60.00,40.00,,0,bulkhead;deck_section;hatch;actuator;armor_plate;airlock;pump;steel;plating;beam;gyroscope;cowling,67;64;46;6;16;24;5;428;18;23;2;12,387973.49,"Автосборка по рангу, классу, фракции, роли и характеристикам корабля."
craft_mist_synod_heavy_egg_battleship_r07,mist_synod_heavy_egg_battleship_r07,Сириус,7,mist_synod,Туманный Синод,battleship,Battleship,heavy_egg,HeavyEgg,heavy_egg_battleship,hull_and_machine_parts,battleship_yard,135.00,90.00,,0,bulkhead;deck_section;hatch;actuator;airlock;armor_plate;pump;plating;steel;beam;gyroscope;cowling,186;176;127;16;66;42;14;47;874;61;5;32,1046843.08,"Автосборка по рангу, классу, фракции, роли и характеристикам корабля."
craft_mist_synod_heavy_egg_battleship_r08,mist_synod_heavy_egg_battleship_r08,Солнцебой,8,mist_synod,Туманный Синод,battleship,Battleship,heavy_egg,HeavyEgg,heavy_egg_battleship,ship_blocks,battleship_yard,270.00,180.00,,0,cargo_block;defense_block;weapon_block;industry_block;power_block;bulkhead;instrument_block;deck_section;hatch;propulsion_block;actuator;airlock;armor_plate;pump,6;5;2;1;2;183;1;174;126;1;16;66;40;13,2603316.86,"Автосборка по рангу, классу, фракции, роли и характеристикам корабля."
craft_mist_synod_heavy_egg_battleship_r09,mist_synod_heavy_egg_battleship_r09,Апофеоз,9,mist_synod,Туманный Синод,battleship,Battleship,heavy_egg,HeavyEgg,heavy_egg_battleship,ship_blocks,battleship_yard,495.00,330.00,,0,cargo_block;defense_block;industry_block;weapon_block;power_block;instrument_block;bulkhead;deck_section;propulsion_block;hatch;actuator;airlock;steel;armor_plate,18;13;3;5;5;3;407;388;3;280;36;150;3735;88,6795665.89,"Автосборка по рангу, классу, фракции, роли и характеристикам корабля."
craft_mist_synod_heavy_egg_battleship_r10,mist_synod_heavy_egg_battleship_r10,Инферно,10,mist_synod,Туманный Синод,battleship,Battleship,heavy_egg,HeavyEgg,heavy_egg_battleship,faction_flagship_license,battleship_yard,900.00,600.00,mist_synod_flagship_license,1,cargo_block;defense_block;industry_block;weapon_block;power_block;bulkhead;instrument_block;deck_section;hatch;steel;propulsion_block;actuator;airlock;armor_plate;pump;elektron,38;25;6;11;9;1085;7;1033;748;14470;5;96;404;229;79;4480,15994758.81,"Автосборка по рангу, классу, фракции, роли и характеристикам корабля."
craft_mist_synod_gas_combine_battleship_r02,mist_synod_gas_combine_battleship_r02,Сосуд,2,mist_synod,Туманный Синод,battleship,Battleship,gas_combine,GasCombine,gas_combine_battleship,raw_resources,battleship_yard,1.60,1.07,,0,iron;magnesium;calcite;vespar;aerosil;charcoal;sylvine;copper,168;42;36;12;40;63;10;16,9810.35,"Автосборка по рангу, классу, фракции, роли и характеристикам корабля."
craft_mist_synod_gas_combine_battleship_r03,mist_synod_gas_combine_battleship_r03,Баллон,3,mist_synod,Туманный Синод,battleship,Battleship,gas_combine,GasCombine,gas_combine_battleship,raw_resources,battleship_yard,3.75,2.50,,0,iron;magnesium;calcite;vespar;aerosil;charcoal;sylvine;copper,442;111;96;30;106;167;27;44,26012.85,"Автосборка по рангу, классу, фракции, роли и характеристикам корабля."
craft_mist_synod_gas_combine_battleship_r04,mist_synod_gas_combine_battleship_r04,Гало,4,mist_synod,Туманный Синод,battleship,Battleship,gas_combine,GasCombine,gas_combine_battleship,prepared_materials,battleship_yard,9.00,6.00,,0,steel;rubber;elektron;resin;brass;siloxane;fluoroplastic;bulat;glass_ceramic;iron,304;52;106;72;77;42;12;13;41;167,65509.98,"Автосборка по рангу, классу, фракции, роли и характеристикам корабля."
craft_mist_synod_gas_combine_battleship_r05,mist_synod_gas_combine_battleship_r05,Дистилль,5,mist_synod,Туманный Синод,battleship,Battleship,gas_combine,GasCombine,gas_combine_battleship,prepared_materials,battleship_yard,22.50,15.00,,0,steel;rubber;elektron;resin;brass;siloxane;bulat;glass_ceramic;fluoroplastic;iron,786;135;279;183;201;107;35;108;30;287,166494.82,"Автосборка по рангу, классу, фракции, роли и характеристикам корабля."
craft_mist_synod_gas_combine_battleship_r06,mist_synod_gas_combine_battleship_r06,Атмосфер,6,mist_synod,Туманный Синод,battleship,Battleship,gas_combine,GasCombine,gas_combine_battleship,hull_and_machine_parts,battleship_yard,60.00,40.00,,0,bulkhead;deck_section;airlock;hatch;pump;actuator;compressor;cowling;sensor;beam;steel;armor_plate,73;59;35;43;8;5;4;22;4;29;393;8,426229.81,"Автосборка по рангу, классу, фракции, роли и характеристикам корабля."
craft_mist_synod_gas_combine_battleship_r07,mist_synod_gas_combine_battleship_r07,Облачник,7,mist_synod,Туманный Синод,battleship,Battleship,gas_combine,GasCombine,gas_combine_battleship,hull_and_machine_parts,battleship_yard,135.00,90.00,,0,bulkhead;deck_section;airlock;hatch;pump;actuator;compressor;cowling;sensor;beam;armor_plate;plating,193;155;92;114;21;14;10;58;10;74;21;45,1111800.19,"Автосборка по рангу, классу, фракции, роли и характеристикам корабля."
craft_mist_synod_gas_combine_battleship_r08,mist_synod_gas_combine_battleship_r08,Барокамера,8,mist_synod,Туманный Синод,battleship,Battleship,gas_combine,GasCombine,gas_combine_battleship,ship_blocks,battleship_yard,270.00,180.00,,0,cargo_block;industry_block;defense_block;instrument_block;power_block;bulkhead;deck_section;propulsion_block;airlock;hatch;pump;actuator;weapon_block;compressor,8;2;3;2;2;188;152;1;91;112;20;14;1;9,2730695.06,"Автосборка по рангу, классу, фракции, роли и характеристикам корабля."
craft_mist_synod_gas_combine_battleship_r09,mist_synod_gas_combine_battleship_r09,Небула,9,mist_synod,Туманный Синод,battleship,Battleship,gas_combine,GasCombine,gas_combine_battleship,ship_blocks,battleship_yard,495.00,330.00,,0,cargo_block;industry_block;defense_block;instrument_block;power_block;bulkhead;propulsion_block;deck_section;airlock;hatch;pump;weapon_block;actuator;steel,22;5;8;4;4;392;3;318;189;234;42;2;29;3099,6702951.13,"Автосборка по рангу, классу, фракции, роли и характеристикам корабля."
craft_mist_synod_gas_combine_battleship_r10,mist_synod_gas_combine_battleship_r10,Комбинат,10,mist_synod,Туманный Синод,battleship,Battleship,gas_combine,GasCombine,gas_combine_battleship,faction_flagship_license,battleship_yard,900.00,600.00,mist_synod_flagship_license,1,cargo_block;industry_block;defense_block;instrument_block;bulkhead;power_block;deck_section;airlock;propulsion_block;hatch;steel;pump;actuator;weapon_block;rubber;elektron,47;11;18;9;1096;9;893;532;6;657;12685;116;82;4;2182;4691,16445671.01,"Автосборка по рангу, классу, фракции, роли и характеристикам корабля."
craft_stone_vault_ore_tug_frigate_r02,stone_vault_ore_tug_frigate_r02,Бадья,2,stone_vault,Каменный Свод,frigate,Frigate,ore_tug,OreTug,ore_tug_frigate,raw_resources,frigate_yard,1.60,1.07,,0,iron;calcite;magnesium;charcoal;copper;bone_grit;quartz;claudium,95;21;19;51;9;6;6;1,4806.27,"Автосборка по рангу, классу, фракции, роли и характеристикам корабля."
craft_stone_vault_ore_tug_frigate_r03,stone_vault_ore_tug_frigate_r03,Крюк,3,stone_vault,Каменный Свод,frigate,Frigate,ore_tug,OreTug,ore_tug_frigate,raw_resources,frigate_yard,3.75,2.50,,0,iron;calcite;magnesium;charcoal;copper;bone_grit;quartz;claudium,234;52;48;131;21;15;15;3,11946.92,"Автосборка по рангу, классу, фракции, роли и характеристикам корабля."
craft_stone_vault_ore_tug_frigate_r04,stone_vault_ore_tug_frigate_r04,Тягач,4,stone_vault,Каменный Свод,frigate,Frigate,ore_tug,OreTug,ore_tug_frigate,prepared_materials,frigate_yard,9.00,6.00,,0,steel;elektron;bulat;brass;rubber;resin;iron;bakelite;orkit;siloxane,189;42;11;38;14;18;102;23;6;9,29119.52,"Автосборка по рангу, классу, фракции, роли и характеристикам корабля."
craft_stone_vault_ore_tug_frigate_r05,stone_vault_ore_tug_frigate_r05,Желоб,5,stone_vault,Каменный Свод,frigate,Frigate,ore_tug,OreTug,ore_tug_frigate,prepared_materials,frigate_yard,22.50,15.00,,0,steel;elektron;bulat;brass;rubber;resin;bakelite;iron;orkit;siloxane,500;109;31;100;38;48;59;179;14;22,75010.59,"Автосборка по рангу, классу, фракции, роли и характеристикам корабля."
craft_stone_vault_ore_tug_frigate_r06,stone_vault_ore_tug_frigate_r06,Вагон,6,stone_vault,Каменный Свод,frigate,Frigate,ore_tug,OreTug,ore_tug_frigate,hull_and_machine_parts,frigate_yard,60.00,40.00,,0,bulkhead;beam;deck_section;hatch;actuator;armor_plate;pump;airlock;steel;plating;engine;gyroscope,38;29;21;16;3;7;2;9;233;12;1;1,188944.74,"Автосборка по рангу, классу, фракции, роли и характеристикам корабля."
craft_stone_vault_ore_tug_frigate_r07,stone_vault_ore_tug_frigate_r07,Рудник,7,stone_vault,Каменный Свод,frigate,Frigate,ore_tug,OreTug,ore_tug_frigate,hull_and_machine_parts,frigate_yard,135.00,90.00,,0,bulkhead;beam;deck_section;hatch;actuator;armor_plate;pump;airlock;plating;steel;engine;gyroscope,95;71;52;41;7;17;6;23;29;436;2;2,465739.99,"Автосборка по рангу, классу, фракции, роли и характеристикам корабля."
craft_stone_vault_ore_tug_frigate_r08,stone_vault_ore_tug_frigate_r08,Скрепер,8,stone_vault,Каменный Свод,frigate,Frigate,ore_tug,OreTug,ore_tug_frigate,ship_blocks,frigate_yard,270.00,180.00,,0,cargo_block;defense_block;power_block;industry_block;propulsion_block;bulkhead;instrument_block;beam;deck_section;actuator;hatch;armor_plate;steel;pump,3;2;1;1;1;88;1;65;48;7;37;16;639;5,1214311.70,"Автосборка по рангу, классу, фракции, роли и характеристикам корабля."
craft_stone_vault_ore_tug_frigate_r09,stone_vault_ore_tug_frigate_r09,Буксир,9,stone_vault,Каменный Свод,frigate,Frigate,ore_tug,OreTug,ore_tug_frigate,ship_blocks,frigate_yard,495.00,330.00,,0,cargo_block;defense_block;power_block;industry_block;propulsion_block;bulkhead;instrument_block;beam;deck_section;actuator;steel;hatch;weapon_block;armor_plate,7;6;4;2;3;216;1;159;119;18;1961;93;1;39,3158250.36,"Автосборка по рангу, классу, фракции, роли и характеристикам корабля."
craft_stone_vault_ore_tug_frigate_r10,stone_vault_ore_tug_frigate_r10,Карьер,10,stone_vault,Каменный Свод,frigate,Frigate,ore_tug,OreTug,ore_tug_frigate,faction_flagship_license,frigate_yard,900.00,600.00,stone_vault_flagship_license,1,cargo_block;defense_block;power_block;industry_block;propulsion_block;bulkhead;steel;instrument_block;beam;deck_section;actuator;hatch;armor_plate;pump;airlock;weapon_block,15;13;8;4;6;618;8219;3;450;343;51;267;112;40;155;2,8076872.09,"Автосборка по рангу, классу, фракции, роли и характеристикам корабля."
craft_stone_vault_single_gun_line_frigate_r02,stone_vault_single_gun_line_frigate_r02,Штырь,2,stone_vault,Каменный Свод,frigate,Frigate,single_gun_line,SingleGunLine,single_gun_line_frigate,raw_resources,frigate_yard,1.60,1.07,,0,iron;calcite;charcoal;magnesium;copper;bone_grit;nickel;quartz,92;21;73;15;17;9;3;6,5154.86,"Автосборка по рангу, классу, фракции, роли и характеристикам корабля."
craft_stone_vault_single_gun_line_frigate_r03,stone_vault_single_gun_line_frigate_r03,Болт,3,stone_vault,Каменный Свод,frigate,Frigate,single_gun_line,SingleGunLine,single_gun_line_frigate,raw_resources,frigate_yard,3.75,2.50,,0,iron;calcite;charcoal;magnesium;copper;bone_grit;nickel;quartz,233;52;184;38;44;23;7;14,13114.13,"Автосборка по рангу, классу, фракции, роли и характеристикам корабля."
craft_stone_vault_single_gun_line_frigate_r04,stone_vault_single_gun_line_frigate_r04,Клин,4,stone_vault,Каменный Свод,frigate,Frigate,single_gun_line,SingleGunLine,single_gun_line_frigate,prepared_materials,frigate_yard,9.00,6.00,,0,steel;bulat;brass;elektron;bakelite;iron;rubber;resin;aramid;glass_ceramic,219;20;41;30;31;101;11;14;9;18,32915.53,"Автосборка по рангу, классу, фракции, роли и характеристикам корабля."
craft_stone_vault_single_gun_line_frigate_r05,stone_vault_single_gun_line_frigate_r05,Ствол,5,stone_vault,Каменный Свод,frigate,Frigate,single_gun_line,SingleGunLine,single_gun_line_frigate,prepared_materials,frigate_yard,22.50,15.00,,0,steel;bulat;brass;elektron;bakelite;rubber;resin;aramid;glass_ceramic;iron,521;48;98;77;73;26;34;21;43;160,77297.69,"Автосборка по рангу, классу, фракции, роли и характеристикам корабля."
craft_stone_vault_single_gun_line_frigate_r06,stone_vault_single_gun_line_frigate_r06,Пролом,6,stone_vault,Каменный Свод,frigate,Frigate,single_gun_line,SingleGunLine,single_gun_line_frigate,hull_and_machine_parts,frigate_yard,60.00,40.00,,0,bulkhead;armor_plate;deck_section;beam;hatch;actuator;plating;steel;gyroscope;pump;engine;bulat,37;13;23;29;18;3;15;271;1;2;1;26,208188.88,"Автосборка по рангу, классу, фракции, роли и характеристикам корабля."
craft_stone_vault_single_gun_line_frigate_r07,stone_vault_single_gun_line_frigate_r07,Ударник,7,stone_vault,Каменный Свод,frigate,Frigate,single_gun_line,SingleGunLine,single_gun_line_frigate,hull_and_machine_parts,frigate_yard,135.00,90.00,,0,bulkhead;armor_plate;deck_section;beam;hatch;actuator;plating;gyroscope;steel;pump;engine;munition_bundle,88;31;57;67;43;8;34;3;489;5;2;18,492099.45,"Автосборка по рангу, классу, фракции, роли и характеристикам корабля."
craft_stone_vault_single_gun_line_frigate_r08,stone_vault_single_gun_line_frigate_r08,Буревест,8,stone_vault,Каменный Свод,frigate,Frigate,single_gun_line,SingleGunLine,single_gun_line_frigate,ship_blocks,frigate_yard,270.00,180.00,,0,defense_block;power_block;propulsion_block;weapon_block;cargo_block;instrument_block;bulkhead;armor_plate;industry_block;deck_section;beam;hatch;actuator;steel,3;2;1;1;1;1;62;22;1;40;47;31;5;541,1278866.26,"Автосборка по рангу, классу, фракции, роли и характеристикам корабля."
craft_stone_vault_single_gun_line_frigate_r09,stone_vault_single_gun_line_frigate_r09,Пробой,9,stone_vault,Каменный Свод,frigate,Frigate,single_gun_line,SingleGunLine,single_gun_line_frigate,ship_blocks,frigate_yard,495.00,330.00,,0,defense_block;power_block;propulsion_block;weapon_block;cargo_block;instrument_block;bulkhead;industry_block;armor_plate;deck_section;steel;beam;hatch;actuator,8;4;2;3;4;2;180;1;64;118;1988;133;90;16,3109819.77,"Автосборка по рангу, классу, фракции, роли и характеристикам корабля."
craft_stone_vault_single_gun_line_frigate_r10,stone_vault_single_gun_line_frigate_r10,Монолит,10,stone_vault,Каменный Свод,frigate,Frigate,single_gun_line,SingleGunLine,single_gun_line_frigate,faction_flagship_license,frigate_yard,900.00,600.00,stone_vault_flagship_license,1,defense_block;power_block;weapon_block;propulsion_block;cargo_block;instrument_block;bulkhead;steel;armor_plate;industry_block;deck_section;hatch;actuator;beam;bulat;plating,17;8;6;5;8;4;509;8235;181;2;335;257;46;370;801;193,7814631.43,"Автосборка по рангу, классу, фракции, роли и характеристикам корабля."
craft_stone_vault_armored_gun_cruiser_r02,stone_vault_armored_gun_cruiser_r02,Плита,2,stone_vault,Каменный Свод,cruiser,Cruiser,armored_gun,ArmoredGun,armored_gun_cruiser,raw_resources,cruiser_yard,1.60,1.07,,0,iron;calcite;charcoal;copper;magnesium;bone_grit;nickel;monazite,119;27;89;22;13;12;4;1,6354.94,"Автосборка по рангу, классу, фракции, роли и характеристикам корабля."
craft_stone_vault_armored_gun_cruiser_r03,stone_vault_armored_gun_cruiser_r03,Заслон,3,stone_vault,Каменный Свод,cruiser,Cruiser,armored_gun,ArmoredGun,armored_gun_cruiser,raw_resources,cruiser_yard,3.75,2.50,,0,iron;calcite;charcoal;copper;magnesium;bone_grit;nickel;monazite,312;70;236;58;33;33;10;1,16799.66,"Автосборка по рангу, классу, фракции, роли и характеристикам корабля."
craft_stone_vault_armored_gun_cruiser_r04,stone_vault_armored_gun_cruiser_r04,Каземат,4,stone_vault,Каменный Свод,cruiser,Cruiser,armored_gun,ArmoredGun,armored_gun_cruiser,prepared_materials,cruiser_yard,9.00,6.00,,0,steel;bulat;brass;bakelite;iron;rubber;glass_ceramic;resin;elektron;aramid,287;27;52;41;132;15;25;16;21;9,41277.91,"Автосборка по рангу, классу, фракции, роли и характеристикам корабля."
craft_stone_vault_armored_gun_cruiser_r05,stone_vault_armored_gun_cruiser_r05,Надел,5,stone_vault,Каменный Свод,cruiser,Cruiser,armored_gun,ArmoredGun,armored_gun_cruiser,prepared_materials,cruiser_yard,22.50,15.00,,0,steel;bulat;brass;bakelite;rubber;glass_ceramic;resin;elektron;iron;aramid,740;70;136;106;38;63;43;61;227;24,105050.02,"Автосборка по рангу, классу, фракции, роли и характеристикам корабля."
craft_stone_vault_armored_gun_cruiser_r06,stone_vault_armored_gun_cruiser_r06,Панцирь,6,stone_vault,Каменный Свод,cruiser,Cruiser,armored_gun,ArmoredGun,armored_gun_cruiser,hull_and_machine_parts,cruiser_yard,60.00,40.00,,0,bulkhead;armor_plate;deck_section;hatch;beam;actuator;steel;plating;pump;gyroscope;bulat;munition_bundle,53;19;33;26;38;4;386;18;3;1;37;10,284743.63,"Автосборка по рангу, классу, фракции, роли и характеристикам корабля."
craft_stone_vault_armored_gun_cruiser_r07,stone_vault_armored_gun_cruiser_r07,Утес,7,stone_vault,Каменный Свод,cruiser,Cruiser,armored_gun,ArmoredGun,armored_gun_cruiser,hull_and_machine_parts,cruiser_yard,135.00,90.00,,0,bulkhead;armor_plate;deck_section;hatch;beam;actuator;plating;steel;pump;gyroscope;munition_bundle;airlock,133;48;84;66;93;10;44;729;7;4;26;15,701937.79,"Автосборка по рангу, классу, фракции, роли и характеристикам корабля."
craft_stone_vault_armored_gun_cruiser_r08,stone_vault_armored_gun_cruiser_r08,Донжон,8,stone_vault,Каменный Свод,cruiser,Cruiser,armored_gun,ArmoredGun,armored_gun_cruiser,ship_blocks,cruiser_yard,270.00,180.00,,0,defense_block;power_block;weapon_block;cargo_block;bulkhead;propulsion_block;instrument_block;armor_plate;deck_section;industry_block;hatch;beam;actuator;steel,4;2;2;2;116;1;1;42;75;1;59;79;9;1013,1769609.04,"Автосборка по рангу, классу, фракции, роли и характеристикам корабля."
craft_stone_vault_armored_gun_cruiser_r09,stone_vault_armored_gun_cruiser_r09,Бронник,9,stone_vault,Каменный Свод,cruiser,Cruiser,armored_gun,ArmoredGun,armored_gun_cruiser,ship_blocks,cruiser_yard,495.00,330.00,,0,defense_block;power_block;weapon_block;cargo_block;propulsion_block;instrument_block;bulkhead;armor_plate;industry_block;deck_section;steel;hatch;beam;actuator,12;5;5;5;3;2;282;103;1;185;3087;144;191;22,4513451.03,"Автосборка по рангу, классу, фракции, роли и характеристикам корабля."
craft_stone_vault_armored_gun_cruiser_r10,stone_vault_armored_gun_cruiser_r10,Бастион,10,stone_vault,Каменный Свод,cruiser,Cruiser,armored_gun,ArmoredGun,armored_gun_cruiser,faction_flagship_license,cruiser_yard,900.00,600.00,stone_vault_flagship_license,1,defense_block;power_block;weapon_block;cargo_block;bulkhead;propulsion_block;instrument_block;steel;armor_plate;deck_section;hatch;industry_block;beam;actuator;bulat;plating,26;11;10;11;778;5;5;12510;285;517;402;2;522;61;1244;251,11177271.52,"Автосборка по рангу, классу, фракции, роли и характеристикам корабля."
craft_stone_vault_magnet_hauler_cruiser_r02,stone_vault_magnet_hauler_cruiser_r02,Захват,2,stone_vault,Каменный Свод,cruiser,Cruiser,magnet_hauler,MagnetHauler,magnet_hauler_cruiser,raw_resources,cruiser_yard,1.60,1.07,,0,iron;calcite;magnesium;charcoal;copper;bone_grit;nickel;quartz,134;30;21;69;11;10;3;8,6494.94,"Автосборка по рангу, классу, фракции, роли и характеристикам корабля."
craft_stone_vault_magnet_hauler_cruiser_r03,stone_vault_magnet_hauler_cruiser_r03,Трос,3,stone_vault,Каменный Свод,cruiser,Cruiser,magnet_hauler,MagnetHauler,magnet_hauler_cruiser,raw_resources,cruiser_yard,3.75,2.50,,0,iron;calcite;magnesium;charcoal;copper;bone_grit;quartz;nickel,333;75;52;179;29;24;20;7,16274.15,"Автосборка по рангу, классу, фракции, роли и характеристикам корабля."
craft_stone_vault_magnet_hauler_cruiser_r04,stone_vault_magnet_hauler_cruiser_r04,Ковш,4,stone_vault,Каменный Свод,cruiser,Cruiser,magnet_hauler,MagnetHauler,magnet_hauler_cruiser,prepared_materials,cruiser_yard,9.00,6.00,,0,steel;bulat;brass;rubber;elektron;iron;resin;bakelite;calcite;bronze,283;17;54;21;45;155;26;36;35;22,41756.32,"Автосборка по рангу, классу, фракции, роли и характеристикам корабля."
craft_stone_vault_magnet_hauler_cruiser_r05,stone_vault_magnet_hauler_cruiser_r05,Грузарь,5,stone_vault,Каменный Свод,cruiser,Cruiser,magnet_hauler,MagnetHauler,magnet_hauler_cruiser,prepared_materials,cruiser_yard,22.50,15.00,,0,steel;bulat;brass;rubber;elektron;resin;bakelite;iron;glass_ceramic;bronze,724;45;138;55;115;65;91;262;44;55,104397.69,"Автосборка по рангу, классу, фракции, роли и характеристикам корабля."
craft_stone_vault_magnet_hauler_cruiser_r06,stone_vault_magnet_hauler_cruiser_r06,Магнетит,6,stone_vault,Каменный Свод,cruiser,Cruiser,magnet_hauler,MagnetHauler,magnet_hauler_cruiser,hull_and_machine_parts,cruiser_yard,60.00,40.00,,0,bulkhead;beam;deck_section;hatch;actuator;armor_plate;pump;airlock;steel;plating;sensor;calculator,56;43;29;23;4;10;4;14;341;16;2;1,272237.54,"Автосборка по рангу, классу, фракции, роли и характеристикам корабля."
craft_stone_vault_magnet_hauler_cruiser_r07,stone_vault_magnet_hauler_cruiser_r07,Лебедка,7,stone_vault,Каменный Свод,cruiser,Cruiser,magnet_hauler,MagnetHauler,magnet_hauler_cruiser,hull_and_machine_parts,cruiser_yard,135.00,90.00,,0,bulkhead;beam;deck_section;hatch;actuator;armor_plate;pump;airlock;plating;steel;sensor;calculator,130;97;66;53;9;24;9;32;36;587;4;1,620609.70,"Автосборка по рангу, классу, фракции, роли и характеристикам корабля."
craft_stone_vault_magnet_hauler_cruiser_r08,stone_vault_magnet_hauler_cruiser_r08,Подъемник,8,stone_vault,Каменный Свод,cruiser,Cruiser,magnet_hauler,MagnetHauler,magnet_hauler_cruiser,ship_blocks,cruiser_yard,270.00,180.00,,0,cargo_block;defense_block;industry_block;power_block;bulkhead;propulsion_block;instrument_block;beam;deck_section;hatch;actuator;armor_plate;pump;steel,3;3;1;2;136;1;1;101;69;55;10;25;9;974,1629864.96,"Автосборка по рангу, классу, фракции, роли и характеристикам корабля."
craft_stone_vault_magnet_hauler_cruiser_r09,stone_vault_magnet_hauler_cruiser_r09,Рельс,9,stone_vault,Каменный Свод,cruiser,Cruiser,magnet_hauler,MagnetHauler,magnet_hauler_cruiser,ship_blocks,cruiser_yard,495.00,330.00,,0,cargo_block;defense_block;industry_block;power_block;propulsion_block;instrument_block;bulkhead;beam;steel;deck_section;hatch;actuator;armor_plate;pump,8;8;2;4;3;2;279;203;2499;142;114;21;52;19,3968814.30,"Автосборка по рангу, классу, фракции, роли и характеристикам корабля."
craft_stone_vault_magnet_hauler_cruiser_r10,stone_vault_magnet_hauler_cruiser_r10,Титанит,10,stone_vault,Каменный Свод,cruiser,Cruiser,magnet_hauler,MagnetHauler,magnet_hauler_cruiser,faction_flagship_license,cruiser_yard,900.00,600.00,stone_vault_flagship_license,1,cargo_block;defense_block;industry_block;power_block;bulkhead;propulsion_block;instrument_block;steel;beam;deck_section;actuator;hatch;armor_plate;pump;airlock;hangar_block,19;18;6;9;818;6;5;10723;590;413;62;334;154;57;207;1,10422637.34,"Автосборка по рангу, классу, фракции, роли и характеристикам корабля."
craft_stone_vault_refinery_cruiser_r02,stone_vault_refinery_cruiser_r02,Дробь,2,stone_vault,Каменный Свод,cruiser,Cruiser,refinery,Refinery,refinery_cruiser,raw_resources,cruiser_yard,1.60,1.07,,0,iron;calcite;charcoal;magnesium;copper;bone_grit;quartz;nickel,151;35;89;20;11;10;10;3,7290.51,"Автосборка по рангу, классу, фракции, роли и характеристикам корабля."
craft_stone_vault_refinery_cruiser_r03,stone_vault_refinery_cruiser_r03,Сито,3,stone_vault,Каменный Свод,cruiser,Cruiser,refinery,Refinery,refinery_cruiser,raw_resources,cruiser_yard,3.75,2.50,,0,iron;calcite;charcoal;magnesium;copper;bone_grit;quartz;nickel,362;84;218;49;26;25;25;8,17610.66,"Автосборка по рангу, классу, фракции, роли и характеристикам корабля."
craft_stone_vault_refinery_cruiser_r04,stone_vault_refinery_cruiser_r04,Толчея,4,stone_vault,Каменный Свод,cruiser,Cruiser,refinery,Refinery,refinery_cruiser,prepared_materials,cruiser_yard,9.00,6.00,,0,steel;bulat;rubber;brass;resin;iron;elektron;bakelite;calcite;glass_ceramic,300;19;27;57;33;164;36;37;39;18,44940.80,"Автосборка по рангу, классу, фракции, роли и характеристикам корабля."
craft_stone_vault_refinery_cruiser_r05,stone_vault_refinery_cruiser_r05,Мельница,5,stone_vault,Каменный Свод,cruiser,Cruiser,refinery,Refinery,refinery_cruiser,prepared_materials,cruiser_yard,22.50,15.00,,0,steel;bulat;rubber;brass;resin;elektron;bakelite;iron;glass_ceramic;bronze,776;51;69;150;84;93;93;281;52;55,113576.33,"Автосборка по рангу, классу, фракции, роли и характеристикам корабля."
craft_stone_vault_refinery_cruiser_r06,stone_vault_refinery_cruiser_r06,Фракция,6,stone_vault,Каменный Свод,cruiser,Cruiser,refinery,Refinery,refinery_cruiser,hull_and_machine_parts,cruiser_yard,60.00,40.00,,0,bulkhead;beam;pump;deck_section;hatch;actuator;armor_plate;airlock;steel;plating;sensor;bulat,57;48;5;25;21;4;10;15;347;15;2;23,274126.43,"Автосборка по рангу, классу, фракции, роли и характеристикам корабля."
craft_stone_vault_refinery_cruiser_r07,stone_vault_refinery_cruiser_r07,Концентрат,7,stone_vault,Каменный Свод,cruiser,Cruiser,refinery,Refinery,refinery_cruiser,hull_and_machine_parts,cruiser_yard,135.00,90.00,,0,bulkhead;beam;pump;deck_section;actuator;hatch;armor_plate;airlock;plating;steel;sensor;cowling,155;128;13;69;10;56;27;42;40;707;4;14,735014.47,"Автосборка по рангу, классу, фракции, роли и характеристикам корабля."
craft_stone_vault_refinery_cruiser_r08,stone_vault_refinery_cruiser_r08,Плавень,8,stone_vault,Каменный Свод,cruiser,Cruiser,refinery,Refinery,refinery_cruiser,ship_blocks,cruiser_yard,270.00,180.00,,0,cargo_block;industry_block;defense_block;power_block;bulkhead;propulsion_block;instrument_block;beam;pump;actuator;deck_section;hatch;armor_plate;airlock,4;1;3;2;146;1;1;120;12;10;65;53;26;40,1773867.38,"Автосборка по рангу, классу, фракции, роли и характеристикам корабля."
craft_stone_vault_refinery_cruiser_r09,stone_vault_refinery_cruiser_r09,Агрегат,9,stone_vault,Каменный Свод,cruiser,Cruiser,refinery,Refinery,refinery_cruiser,ship_blocks,cruiser_yard,495.00,330.00,,0,cargo_block;industry_block;defense_block;power_block;bulkhead;propulsion_block;instrument_block;beam;steel;pump;actuator;deck_section;hatch;armor_plate,10;3;8;5;310;2;2;249;2794;26;22;138;113;55,4443921.98,"Автосборка по рангу, классу, фракции, роли и характеристикам корабля."
craft_stone_vault_refinery_cruiser_r10,stone_vault_refinery_cruiser_r10,Рафинад,10,stone_vault,Каменный Свод,cruiser,Cruiser,refinery,Refinery,refinery_cruiser,faction_flagship_license,cruiser_yard,900.00,600.00,stone_vault_flagship_license,1,cargo_block;industry_block;defense_block;power_block;bulkhead;propulsion_block;steel;instrument_block;beam;pump;actuator;deck_section;armor_plate;hatch;airlock;bulat,23;8;20;11;932;5;12348;5;747;79;68;412;170;339;257;879,11991693.33,"Автосборка по рангу, классу, фракции, роли и характеристикам корабля."
craft_stone_vault_heavy_gun_battleship_r02,stone_vault_heavy_gun_battleship_r02,Скала,2,stone_vault,Каменный Свод,battleship,Battleship,heavy_gun,HeavyGun,heavy_gun_battleship,raw_resources,battleship_yard,1.60,1.07,,0,iron;calcite;magnesium;charcoal;copper;sylvine;bone_grit;nickel,184;42;27;103;26;10;16;5,9639.92,"Автосборка по рангу, классу, фракции, роли и характеристикам корабля."
craft_stone_vault_heavy_gun_battleship_r03,stone_vault_heavy_gun_battleship_r03,Обелиск,3,stone_vault,Каменный Свод,battleship,Battleship,heavy_gun,HeavyGun,heavy_gun_battleship,raw_resources,battleship_yard,3.75,2.50,,0,iron;calcite;magnesium;charcoal;copper;sylvine;bone_grit;nickel,511;118;78;285;73;29;44;13,26948.38,"Автосборка по рангу, классу, фракции, роли и характеристикам корабля."
craft_stone_vault_heavy_gun_battleship_r04,stone_vault_heavy_gun_battleship_r04,Крепь,4,stone_vault,Каменный Свод,battleship,Battleship,heavy_gun,HeavyGun,heavy_gun_battleship,prepared_materials,battleship_yard,9.00,6.00,,0,steel;bulat;brass;rubber;elektron;iron;resin;bakelite;glass_ceramic;aramid,437;34;96;35;77;214;35;49;31;11,67280.23,"Автосборка по рангу, классу, фракции, роли и характеристикам корабля."
craft_stone_vault_heavy_gun_battleship_r05,stone_vault_heavy_gun_battleship_r05,Глыба,5,stone_vault,Каменный Свод,battleship,Battleship,heavy_gun,HeavyGun,heavy_gun_battleship,prepared_materials,battleship_yard,22.50,15.00,,0,steel;bulat;brass;rubber;elektron;resin;bakelite;iron;glass_ceramic;aramid,1061;84;234;87;191;85;118;346;77;27,160908.28,"Автосборка по рангу, классу, фракции, роли и характеристикам корабля."
craft_stone_vault_heavy_gun_battleship_r06,stone_vault_heavy_gun_battleship_r06,Основа,6,stone_vault,Каменный Свод,battleship,Battleship,heavy_gun,HeavyGun,heavy_gun_battleship,hull_and_machine_parts,battleship_yard,60.00,40.00,,0,bulkhead;deck_section;hatch;armor_plate;actuator;airlock;steel;beam;pump;plating;gyroscope;munition_bundle,81;61;47;20;6;21;500;33;4;15;1;12,402060.87,"Автосборка по рангу, классу, фракции, роли и характеристикам корабля."
craft_stone_vault_heavy_gun_battleship_r07,stone_vault_heavy_gun_battleship_r07,Циклоп,7,stone_vault,Каменный Свод,battleship,Battleship,heavy_gun,HeavyGun,heavy_gun_battleship,hull_and_machine_parts,battleship_yard,135.00,90.00,,0,bulkhead;deck_section;hatch;armor_plate;actuator;airlock;beam;pump;steel;plating;gyroscope;munition_bundle,201;154;118;49;15;52;79;11;929;36;4;28,983858.17,"Автосборка по рангу, классу, фракции, роли и характеристикам корабля."
craft_stone_vault_heavy_gun_battleship_r08,stone_vault_heavy_gun_battleship_r08,Сатурн,8,stone_vault,Каменный Свод,battleship,Battleship,heavy_gun,HeavyGun,heavy_gun_battleship,ship_blocks,battleship_yard,270.00,180.00,,0,cargo_block;defense_block;power_block;bulkhead;weapon_block;industry_block;deck_section;hatch;instrument_block;armor_plate;propulsion_block;actuator;steel;airlock,6;6;2;216;2;1;166;127;1;52;1;16;1573;57,2549294.22,"Автосборка по рангу, классу, фракции, роли и характеристикам корабля."
craft_stone_vault_heavy_gun_battleship_r09,stone_vault_heavy_gun_battleship_r09,Колокол,9,stone_vault,Каменный Свод,battleship,Battleship,heavy_gun,HeavyGun,heavy_gun_battleship,ship_blocks,battleship_yard,495.00,330.00,,0,cargo_block;defense_block;power_block;weapon_block;industry_block;bulkhead;instrument_block;deck_section;hatch;propulsion_block;armor_plate;steel;actuator;airlock,17;16;5;5;2;480;3;371;285;2;115;4361;35;128,6668540.81,"Автосборка по рангу, классу, фракции, роли и характеристикам корабля."
craft_stone_vault_heavy_gun_battleship_r10,stone_vault_heavy_gun_battleship_r10,Громада,10,stone_vault,Каменный Свод,battleship,Battleship,heavy_gun,HeavyGun,heavy_gun_battleship,faction_flagship_license,battleship_yard,900.00,600.00,stone_vault_flagship_license,1,cargo_block;defense_block;bulkhead;power_block;weapon_block;industry_block;deck_section;steel;hatch;instrument_block;armor_plate;propulsion_block;actuator;airlock;pump;beam,34;31;1255;10;10;5;974;16658;748;5;298;4;92;339;67;466,15542978.79,"Автосборка по рангу, классу, фракции, роли и характеристикам корабля."
craft_stone_vault_ore_foundry_battleship_r02,stone_vault_ore_foundry_battleship_r02,Ванна,2,stone_vault,Каменный Свод,battleship,Battleship,ore_foundry,OreFoundry,ore_foundry_battleship,raw_resources,battleship_yard,1.60,1.07,,0,iron;calcite;magnesium;charcoal;sylvine;copper;bone_grit;nickel,193;45;35;80;9;11;11;3,9217.73,"Автосборка по рангу, классу, фракции, роли и характеристикам корабля."
craft_stone_vault_ore_foundry_battleship_r03,stone_vault_ore_foundry_battleship_r03,Печь,3,stone_vault,Каменный Свод,battleship,Battleship,ore_foundry,OreFoundry,ore_foundry_battleship,raw_resources,battleship_yard,3.75,2.50,,0,iron;calcite;magnesium;charcoal;sylvine;copper;bone_grit;nickel,531;125;98;225;25;31;29;9,25545.56,"Автосборка по рангу, классу, фракции, роли и характеристикам корабля."
craft_stone_vault_ore_foundry_battleship_r04,stone_vault_ore_foundry_battleship_r04,Горн,4,stone_vault,Каменный Свод,battleship,Battleship,ore_foundry,OreFoundry,ore_foundry_battleship,prepared_materials,battleship_yard,9.00,6.00,,0,steel;rubber;elektron;brass;resin;bulat;iron;bakelite;calcite;magnesium,393;45;94;93;48;20;219;35;52;41,63667.09,"Автосборка по рангу, классу, фракции, роли и характеристикам корабля."
craft_stone_vault_ore_foundry_battleship_r05,stone_vault_ore_foundry_battleship_r05,Домна,5,stone_vault,Каменный Свод,battleship,Battleship,ore_foundry,OreFoundry,ore_foundry_battleship,prepared_materials,battleship_yard,22.50,15.00,,0,steel;rubber;elektron;brass;resin;bulat;iron;bakelite;glass_ceramic;calcite,1018;117;250;243;125;52;378;87;53;89,160277.86,"Автосборка по рангу, классу, фракции, роли и характеристикам корабля."
craft_stone_vault_ore_foundry_battleship_r06,stone_vault_ore_foundry_battleship_r06,Литейня,6,stone_vault,Каменный Свод,battleship,Battleship,ore_foundry,OreFoundry,ore_foundry_battleship,hull_and_machine_parts,battleship_yard,60.00,40.00,,0,bulkhead;deck_section;hatch;airlock;actuator;pump;beam;steel;armor_plate;plating;rubber;elektron,84;57;44;30;6;6;38;449;10;12;52;112,391506.41,"Автосборка по рангу, классу, фракции, роли и характеристикам корабля."
craft_stone_vault_ore_foundry_battleship_r07,stone_vault_ore_foundry_battleship_r07,Ковшарь,7,stone_vault,Каменный Свод,battleship,Battleship,ore_foundry,OreFoundry,ore_foundry_battleship,hull_and_machine_parts,battleship_yard,135.00,90.00,,0,bulkhead;deck_section;hatch;airlock;actuator;pump;beam;armor_plate;steel;plating;sensor;rubber,212;144;111;78;15;15;93;26;845;28;4;99,968434.14,"Автосборка по рангу, классу, фракции, роли и характеристикам корабля."
craft_stone_vault_ore_foundry_battleship_r08,stone_vault_ore_foundry_battleship_r08,Металлург,8,stone_vault,Каменный Свод,battleship,Battleship,ore_foundry,OreFoundry,ore_foundry_battleship,ship_blocks,battleship_yard,270.00,180.00,,0,cargo_block;industry_block;defense_block;bulkhead;power_block;deck_section;hatch;airlock;actuator;instrument_block;pump;propulsion_block;steel;beam,8;2;4;239;2;163;125;88;17;1;17;1;1506;102,2665131.34,"Автосборка по рангу, классу, фракции, роли и характеристикам корабля."
craft_stone_vault_ore_foundry_battleship_r09,stone_vault_ore_foundry_battleship_r09,Гранулит,9,stone_vault,Каменный Свод,battleship,Battleship,ore_foundry,OreFoundry,ore_foundry_battleship,ship_blocks,battleship_yard,495.00,330.00,,0,cargo_block;industry_block;defense_block;bulkhead;power_block;deck_section;hatch;instrument_block;airlock;actuator;propulsion_block;steel;pump;beam,21;5;11;486;4;335;258;2;182;36;2;3831;35;204,6355432.41,"Автосборка по рангу, классу, фракции, роли и характеристикам корабля."
craft_stone_vault_ore_foundry_battleship_r10,stone_vault_ore_foundry_battleship_r10,Завод,10,stone_vault,Каменный Свод,battleship,Battleship,ore_foundry,OreFoundry,ore_foundry_battleship,faction_flagship_license,battleship_yard,900.00,600.00,stone_vault_flagship_license,1,cargo_block;industry_block;defense_block;bulkhead;power_block;deck_section;steel;hatch;airlock;actuator;instrument_block;pump;propulsion_block;beam;armor_plate;elektron,46;10;22;1344;8;934;15496;718;508;100;4;96;3;550;162;4123,15755097.66,"Автосборка по рангу, классу, фракции, роли и характеристикам корабля."
craft_factory_ark_x_ray_scout_frigate_r02,factory_ark_x_ray_scout_frigate_r02,Шестерня,2,factory_ark,Заводные Ковчеги,frigate,Frigate,x_ray_scout,XRayScout,x_ray_scout_frigate,raw_resources,frigate_yard,1.60,1.07,,0,magnesium;quartz;iron;copper;ionide;claudium;aerosil;charcoal,24;31;45;22;2;3;15;30,4821.07,"Автосборка по рангу, классу, фракции, роли и характеристикам корабля."
craft_factory_ark_x_ray_scout_frigate_r03,factory_ark_x_ray_scout_frigate_r03,Искатель,3,factory_ark,Заводные Ковчеги,frigate,Frigate,x_ray_scout,XRayScout,x_ray_scout_frigate,raw_resources,frigate_yard,3.75,2.50,,0,magnesium;quartz;iron;copper;ionide;claudium;charcoal;aerosil,63;84;121;60;5;7;80;39,12938.70,"Автосборка по рангу, классу, фракции, роли и характеристикам корабля."
craft_factory_ark_x_ray_scout_frigate_r04,factory_ark_x_ray_scout_frigate_r04,Резонанс,4,factory_ark,Заводные Ковчеги,frigate,Frigate,x_ray_scout,XRayScout,x_ray_scout_frigate,prepared_materials,frigate_yard,9.00,6.00,,0,invar;textolite;elektron;steel;melchior;glass_ceramic;siloxane;orkit;resin;brass,26;18;55;83;27;33;21;10;14;22,32375.40,"Автосборка по рангу, классу, фракции, роли и характеристикам корабля."
craft_factory_ark_x_ray_scout_frigate_r05,factory_ark_x_ray_scout_frigate_r05,Линза,5,factory_ark,Заводные Ковчеги,frigate,Frigate,x_ray_scout,XRayScout,x_ray_scout_frigate,prepared_materials,frigate_yard,22.50,15.00,,0,invar;textolite;elektron;steel;melchior;glass_ceramic;siloxane;orkit;resin;brass,60;43;127;187;64;80;49;22;31;48,75091.57,"Автосборка по рангу, классу, фракции, роли и характеристикам корабля."
craft_factory_ark_x_ray_scout_frigate_r06,factory_ark_x_ray_scout_frigate_r06,Зонд,6,factory_ark,Заводные Ковчеги,frigate,Frigate,x_ray_scout,XRayScout,x_ray_scout_frigate,hull_and_machine_parts,frigate_yard,60.00,40.00,,0,sensor;calculator;actuator;gyroscope;cowling;deck_section;plating;engine;bulkhead;beam;hatch;transmission,6;2;3;2;17;15;13;1;12;15;10;1,194364.93,"Автосборка по рангу, классу, фракции, роли и характеристикам корабля."
craft_factory_ark_x_ray_scout_frigate_r07,factory_ark_x_ray_scout_frigate_r07,Ведун,7,factory_ark,Заводные Ковчеги,frigate,Frigate,x_ray_scout,XRayScout,x_ray_scout_frigate,hull_and_machine_parts,frigate_yard,135.00,90.00,,0,sensor;calculator;gyroscope;actuator;cowling;deck_section;plating;engine;bulkhead;beam;hatch;transmission,14;6;6;9;46;40;36;4;33;39;26;3,523738.23,"Автосборка по рангу, классу, фракции, роли и характеристикам корабля."
craft_factory_ark_x_ray_scout_frigate_r08,factory_ark_x_ray_scout_frigate_r08,Оптик,8,factory_ark,Заводные Ковчеги,frigate,Frigate,x_ray_scout,XRayScout,x_ray_scout_frigate,ship_blocks,frigate_yard,270.00,180.00,,0,instrument_block;propulsion_block;hangar_block;power_block;sensor;cargo_block;defense_block;calculator;industry_block;gyroscope;actuator;cowling;weapon_block;deck_section,2;1;1;1;7;1;1;3;1;3;4;21;1;20,1216776.83,"Автосборка по рангу, классу, фракции, роли и характеристикам корабля."
craft_factory_ark_x_ray_scout_frigate_r09,factory_ark_x_ray_scout_frigate_r09,Смотритель,9,factory_ark,Заводные Ковчеги,frigate,Frigate,x_ray_scout,XRayScout,x_ray_scout_frigate,ship_blocks,frigate_yard,495.00,330.00,,0,instrument_block;propulsion_block;hangar_block;power_block;defense_block;cargo_block;sensor;industry_block;calculator;gyroscope;actuator;weapon_block;cowling;deck_section,6;4;2;2;2;2;26;1;11;11;16;1;83;73,3082314.05,"Автосборка по рангу, классу, фракции, роли и характеристикам корабля."
craft_factory_ark_x_ray_scout_frigate_r10,factory_ark_x_ray_scout_frigate_r10,Спектр,10,factory_ark,Заводные Ковчеги,frigate,Frigate,x_ray_scout,XRayScout,x_ray_scout_frigate,faction_flagship_license,frigate_yard,900.00,600.00,factory_ark_flagship_license,1,instrument_block;propulsion_block;hangar_block;power_block;sensor;defense_block;cargo_block;calculator;industry_block;gyroscope;actuator;cowling;weapon_block;invar;deck_section;textolite,12;9;4;5;75;5;5;31;2;33;46;242;2;1004;211;700,7666567.41,"Автосборка по рангу, классу, фракции, роли и характеристикам корабля."
craft_factory_ark_escort_frigate_r02,factory_ark_escort_frigate_r02,Стражок,2,factory_ark,Заводные Ковчеги,frigate,Frigate,escort,Escort,escort_frigate,raw_resources,frigate_yard,1.60,1.07,,0,iron;magnesium;quartz;copper;calcite;charcoal;claudium;aerosil,63;26;20;17;9;34;3;14,4663.49,"Автосборка по рангу, классу, фракции, роли и характеристикам корабля."
craft_factory_ark_escort_frigate_r03,factory_ark_escort_frigate_r03,Скоба,3,factory_ark,Заводные Ковчеги,frigate,Frigate,escort,Escort,escort_frigate,raw_resources,frigate_yard,3.75,2.50,,0,iron;magnesium;quartz;copper;calcite;charcoal;claudium;aerosil,171;73;59;50;26;102;7;41,13383.56,"Автосборка по рангу, классу, фракции, роли и характеристикам корабля."
craft_factory_ark_escort_frigate_r04,factory_ark_escort_frigate_r04,Заступ,4,factory_ark,Заводные Ковчеги,frigate,Frigate,escort,Escort,escort_frigate,prepared_materials,frigate_yard,9.00,6.00,,0,steel;elektron;textolite;invar;siloxane;melchior;resin;rubber;brass;orkit,113;60;16;19;25;18;23;12;28;10,32430.82,"Автосборка по рангу, классу, фракции, роли и характеристикам корабля."
craft_factory_ark_escort_frigate_r05,factory_ark_escort_frigate_r05,Проводник,5,factory_ark,Заводные Ковчеги,frigate,Frigate,escort,Escort,escort_frigate,prepared_materials,frigate_yard,22.50,15.00,,0,steel;elektron;textolite;invar;resin;siloxane;melchior;rubber;brass;orkit,280;151;38;47;58;60;44;32;69;26,80409.68,"Автосборка по рангу, классу, фракции, роли и характеристикам корабля."
craft_factory_ark_escort_frigate_r06,factory_ark_escort_frigate_r06,Фиксатор,6,factory_ark,Заводные Ковчеги,frigate,Frigate,escort,Escort,escort_frigate,hull_and_machine_parts,frigate_yard,60.00,40.00,,0,sensor;actuator;calculator;deck_section;bulkhead;plating;beam;cowling;hatch;gyroscope;pump;airlock,4;4;2;21;19;18;23;15;14;2;3;10,214911.05,"Автосборка по рангу, классу, фракции, роли и характеристикам корабля."
craft_factory_ark_escort_frigate_r07,factory_ark_escort_frigate_r07,Караул,7,factory_ark,Заводные Ковчеги,frigate,Frigate,escort,Escort,escort_frigate,hull_and_machine_parts,frigate_yard,135.00,90.00,,0,sensor;calculator;actuator;deck_section;bulkhead;plating;beam;cowling;gyroscope;hatch;pump;airlock,11;5;9;51;46;42;54;36;4;34;7;25,530716.95,"Автосборка по рангу, классу, фракции, роли и характеристикам корабля."
craft_factory_ark_escort_frigate_r08,factory_ark_escort_frigate_r08,Патрон,8,factory_ark,Заводные Ковчеги,frigate,Frigate,escort,Escort,escort_frigate,ship_blocks,frigate_yard,270.00,180.00,,0,instrument_block;propulsion_block;hangar_block;power_block;defense_block;industry_block;cargo_block;sensor;calculator;actuator;deck_section;bulkhead;plating;cowling,2;1;1;1;2;1;1;8;4;6;39;34;31;28,1310798.95,"Автосборка по рангу, классу, фракции, роли и характеристикам корабля."
craft_factory_ark_escort_frigate_r09,factory_ark_escort_frigate_r09,Оберег,9,factory_ark,Заводные Ковчеги,frigate,Frigate,escort,Escort,escort_frigate,ship_blocks,frigate_yard,495.00,330.00,,0,instrument_block;propulsion_block;hangar_block;power_block;defense_block;industry_block;cargo_block;sensor;calculator;actuator;weapon_block;deck_section;bulkhead;plating,5;4;2;3;4;1;3;21;9;17;1;100;88;79,3358254.08,"Автосборка по рангу, классу, фракции, роли и характеристикам корабля."
craft_factory_ark_escort_frigate_r10,factory_ark_escort_frigate_r10,Эскорт,10,factory_ark,Заводные Ковчеги,frigate,Frigate,escort,Escort,escort_frigate,faction_flagship_license,frigate_yard,900.00,600.00,factory_ark_flagship_license,1,instrument_block;propulsion_block;hangar_block;power_block;defense_block;industry_block;cargo_block;sensor;calculator;actuator;deck_section;bulkhead;weapon_block;plating;pump;steel,10;8;4;7;9;3;6;58;25;48;273;239;2;216;39;4006,7908173.91,"Автосборка по рангу, классу, фракции, роли и характеристикам корабля."
craft_factory_ark_automaton_tender_frigate_r02,factory_ark_automaton_tender_frigate_r02,Капсула,2,factory_ark,Заводные Ковчеги,frigate,Frigate,automaton_tender,AutomatonTender,automaton_tender_frigate,raw_resources,frigate_yard,1.60,1.07,,0,iron;magnesium;quartz;copper;calcite;charcoal;automaton_coil;automaton_relay,57;26;23;16;9;33;1;1,4663.24,"Автосборка по рангу, классу, фракции, роли и характеристикам корабля."
craft_factory_ark_automaton_tender_frigate_r03,factory_ark_automaton_tender_frigate_r03,Захватчик,3,factory_ark,Заводные Ковчеги,frigate,Frigate,automaton_tender,AutomatonTender,automaton_tender_frigate,raw_resources,frigate_yard,3.75,2.50,,0,iron;magnesium;quartz;copper;calcite;automaton_coil;charcoal;automaton_brass_valve,165;72;65;44;27;4;96;2,13239.89,"Автосборка по рангу, классу, фракции, роли и характеристикам корабля."
craft_factory_ark_automaton_tender_frigate_r04,factory_ark_automaton_tender_frigate_r04,Сборщик,4,factory_ark,Заводные Ковчеги,frigate,Frigate,automaton_tender,AutomatonTender,automaton_tender_frigate,prepared_materials,frigate_yard,9.00,6.00,,0,textolite;steel;elektron;invar;melchior;rubber;brass;siloxane;resin;orkit,21;95;55;21;22;12;28;18;16;8,31040.80,"Автосборка по рангу, классу, фракции, роли и характеристикам корабля."
craft_factory_ark_automaton_tender_frigate_r05,factory_ark_automaton_tender_frigate_r05,Таль,5,factory_ark,Заводные Ковчеги,frigate,Frigate,automaton_tender,AutomatonTender,automaton_tender_frigate,prepared_materials,frigate_yard,22.50,15.00,,0,textolite;steel;invar;elektron;melchior;rubber;brass;resin;siloxane;glass_ceramic,50;238;52;129;54;30;71;40;41;41,76233.77,"Автосборка по рангу, классу, фракции, роли и характеристикам корабля."
craft_factory_ark_automaton_tender_frigate_r06,factory_ark_automaton_tender_frigate_r06,Манипул,6,factory_ark,Заводные Ковчеги,frigate,Frigate,automaton_tender,AutomatonTender,automaton_tender_frigate,hull_and_machine_parts,frigate_yard,60.00,40.00,,0,actuator;sensor;calculator;deck_section;airlock;bulkhead;hatch;beam;pump;plating;cowling;gyroscope,4;4;2;18;12;16;13;18;2;12;11;1,192466.04,"Автосборка по рангу, классу, фракции, роли и характеристикам корабля."
craft_factory_ark_automaton_tender_frigate_r07,factory_ark_automaton_tender_frigate_r07,Носильщик,7,factory_ark,Заводные Ковчеги,frigate,Frigate,automaton_tender,AutomatonTender,automaton_tender_frigate,hull_and_machine_parts,frigate_yard,135.00,90.00,,0,actuator;sensor;calculator;airlock;deck_section;bulkhead;hatch;beam;pump;cowling;plating;gyroscope,11;9;4;31;46;40;33;46;6;27;29;3,484412.74,"Автосборка по рангу, классу, фракции, роли и характеристикам корабля."
craft_factory_ark_automaton_tender_frigate_r08,factory_ark_automaton_tender_frigate_r08,Ловец,8,factory_ark,Заводные Ковчеги,frigate,Frigate,automaton_tender,AutomatonTender,automaton_tender_frigate,ship_blocks,frigate_yard,270.00,180.00,,0,instrument_block;hangar_block;industry_block;propulsion_block;power_block;cargo_block;defense_block;actuator;sensor;calculator;airlock;deck_section;bulkhead;hatch,2;1;1;1;1;1;1;11;9;4;30;44;39;32,1309730.18,"Автосборка по рангу, классу, фракции, роли и характеристикам корабля."
craft_factory_ark_automaton_tender_frigate_r09,factory_ark_automaton_tender_frigate_r09,Сальважер,9,factory_ark,Заводные Ковчеги,frigate,Frigate,automaton_tender,AutomatonTender,automaton_tender_frigate,ship_blocks,frigate_yard,495.00,330.00,,0,instrument_block;hangar_block;industry_block;propulsion_block;power_block;cargo_block;defense_block;actuator;sensor;calculator;airlock;deck_section;bulkhead;hatch,4;2;2;3;3;4;2;23;19;9;63;93;83;66,3278067.31,"Автосборка по рангу, классу, фракции, роли и характеристикам корабля."
craft_factory_ark_automaton_tender_frigate_r10,factory_ark_automaton_tender_frigate_r10,Тендер,10,factory_ark,Заводные Ковчеги,frigate,Frigate,automaton_tender,AutomatonTender,automaton_tender_frigate,faction_flagship_license,frigate_yard,900.00,600.00,factory_ark_flagship_license,1,instrument_block;hangar_block;industry_block;propulsion_block;power_block;cargo_block;actuator;defense_block;sensor;calculator;airlock;deck_section;bulkhead;hatch;pump;beam,10;6;5;6;6;9;72;6;59;28;194;283;255;202;39;278,8602607.53,"Автосборка по рангу, классу, фракции, роли и характеристикам корабля."
craft_factory_ark_modular_survey_cruiser_r02,factory_ark_modular_survey_cruiser_r02,Модуль,2,factory_ark,Заводные Ковчеги,cruiser,Cruiser,modular_survey,ModularSurvey,modular_survey_cruiser,raw_resources,cruiser_yard,1.60,1.07,,0,iron;quartz;magnesium;copper;ionide;calcite;charcoal;nickel,77;41;25;31;3;13;37;4,6612.27,"Автосборка по рангу, классу, фракции, роли и характеристикам корабля."
craft_factory_ark_modular_survey_cruiser_r03,factory_ark_modular_survey_cruiser_r03,Архив,3,factory_ark,Заводные Ковчеги,cruiser,Cruiser,modular_survey,ModularSurvey,modular_survey_cruiser,raw_resources,cruiser_yard,3.75,2.50,,0,iron;quartz;copper;magnesium;ionide;calcite;charcoal;nickel,197;111;85;63;8;33;99;11,17491.78,"Автосборка по рангу, классу, фракции, роли и характеристикам корабля."
craft_factory_ark_modular_survey_cruiser_r04,factory_ark_modular_survey_cruiser_r04,Контур,4,factory_ark,Заводные Ковчеги,cruiser,Cruiser,modular_survey,ModularSurvey,modular_survey_cruiser,prepared_materials,cruiser_yard,9.00,6.00,,0,invar;textolite;steel;melchior;glass_ceramic;elektron;siloxane;brass;resin;rubber,38;28;133;45;54;55;19;29;17;10,44818.69,"Автосборка по рангу, классу, фракции, роли и характеристикам корабля."
craft_factory_ark_modular_survey_cruiser_r05,factory_ark_modular_survey_cruiser_r05,Дешифр,5,factory_ark,Заводные Ковчеги,cruiser,Cruiser,modular_survey,ModularSurvey,modular_survey_cruiser,prepared_materials,cruiser_yard,22.50,15.00,,0,invar;textolite;steel;melchior;glass_ceramic;elektron;siloxane;brass;resin;rubber,97;70;329;113;136;138;47;72;43;24,112096.09,"Автосборка по рангу, классу, фракции, роли и характеристикам корабля."
craft_factory_ark_modular_survey_cruiser_r06,factory_ark_modular_survey_cruiser_r06,Матрица,6,factory_ark,Заводные Ковчеги,cruiser,Cruiser,modular_survey,ModularSurvey,modular_survey_cruiser,hull_and_machine_parts,cruiser_yard,60.00,40.00,,0,sensor;calculator;actuator;gyroscope;bulkhead;cowling;deck_section;hatch;beam;plating;airlock;pump,8;3;4;3;24;20;22;16;23;17;9;2,278246.95,"Автосборка по рангу, классу, фракции, роли и характеристикам корабля."
craft_factory_ark_modular_survey_cruiser_r07,factory_ark_modular_survey_cruiser_r07,Лабиринт,7,factory_ark,Заводные Ковчеги,cruiser,Cruiser,modular_survey,ModularSurvey,modular_survey_cruiser,hull_and_machine_parts,cruiser_yard,135.00,90.00,,0,sensor;calculator;actuator;gyroscope;bulkhead;cowling;deck_section;hatch;plating;beam;airlock;pump,21;9;10;7;60;51;55;40;43;55;24;5,705176.26,"Автосборка по рангу, классу, фракции, роли и характеристикам корабля."
craft_factory_ark_modular_survey_cruiser_r08,factory_ark_modular_survey_cruiser_r08,Оракул,8,factory_ark,Заводные Ковчеги,cruiser,Cruiser,modular_survey,ModularSurvey,modular_survey_cruiser,ship_blocks,cruiser_yard,270.00,180.00,,0,instrument_block;propulsion_block;hangar_block;power_block;sensor;defense_block;cargo_block;industry_block;calculator;actuator;gyroscope;bulkhead;cowling;deck_section,3;2;1;1;19;2;1;1;8;10;7;54;47;50,1770036.44,"Автосборка по рангу, классу, фракции, роли и характеристикам корабля."
craft_factory_ark_modular_survey_cruiser_r09,factory_ark_modular_survey_cruiser_r09,Хронист,9,factory_ark,Заводные Ковчеги,cruiser,Cruiser,modular_survey,ModularSurvey,modular_survey_cruiser,ship_blocks,cruiser_yard,495.00,330.00,,0,instrument_block;propulsion_block;hangar_block;power_block;defense_block;cargo_block;industry_block;sensor;calculator;actuator;gyroscope;bulkhead;cowling;deck_section,8;4;3;3;4;3;1;40;17;20;14;113;98;105,4392034.94,"Автосборка по рангу, классу, фракции, роли и характеристикам корабля."
craft_factory_ark_modular_survey_cruiser_r10,factory_ark_modular_survey_cruiser_r10,Синтакс,10,factory_ark,Заводные Ковчеги,cruiser,Cruiser,modular_survey,ModularSurvey,modular_survey_cruiser,faction_flagship_license,cruiser_yard,900.00,600.00,factory_ark_flagship_license,1,instrument_block;propulsion_block;hangar_block;sensor;power_block;defense_block;cargo_block;industry_block;calculator;actuator;gyroscope;bulkhead;cowling;invar;deck_section;textolite,18;10;6;118;7;10;8;3;51;59;41;332;287;1515;305;1100,11115631.28,"Автосборка по рангу, классу, фракции, роли и характеристикам корабля."
craft_factory_ark_combat_ark_cruiser_r02,factory_ark_combat_ark_cruiser_r02,Блок,2,factory_ark,Заводные Ковчеги,cruiser,Cruiser,combat_ark,CombatArk,combat_ark_cruiser,raw_resources,cruiser_yard,1.60,1.07,,0,iron;copper;magnesium;charcoal;quartz;calcite;ionide;automaton_relay,91;36;23;83;24;17;1;2,6684.36,"Автосборка по рангу, классу, фракции, роли и характеристикам корабля."
craft_factory_ark_combat_ark_cruiser_r03,factory_ark_combat_ark_cruiser_r03,Секстант,3,factory_ark,Заводные Ковчеги,cruiser,Cruiser,combat_ark,CombatArk,combat_ark_cruiser,raw_resources,cruiser_yard,3.75,2.50,,0,iron;copper;magnesium;charcoal;quartz;calcite;ionide;automaton_relay,228;91;59;209;63;43;4;4,16939.58,"Автосборка по рангу, классу, фракции, роли и характеристикам корабля."
craft_factory_ark_combat_ark_cruiser_r04,factory_ark_combat_ark_cruiser_r04,Реле,4,factory_ark,Заводные Ковчеги,cruiser,Cruiser,combat_ark,CombatArk,combat_ark_cruiser,prepared_materials,cruiser_yard,9.00,6.00,,0,steel;textolite;bulat;invar;elektron;melchior;brass;glass_ceramic;rubber;aramid,193;22;17;22;50;25;52;36;15;10,43161.17,"Автосборка по рангу, классу, фракции, роли и характеристикам корабля."
craft_factory_ark_combat_ark_cruiser_r05,factory_ark_combat_ark_cruiser_r05,Каретка,5,factory_ark,Заводные Ковчеги,cruiser,Cruiser,combat_ark,CombatArk,combat_ark_cruiser,prepared_materials,cruiser_yard,22.50,15.00,,0,steel;textolite;bulat;invar;elektron;melchior;brass;glass_ceramic;rubber;aramid,473;55;43;57;123;64;126;92;36;25,107642.44,"Автосборка по рангу, классу, фракции, роли и характеристикам корабля."
craft_factory_ark_combat_ark_cruiser_r06,factory_ark_combat_ark_cruiser_r06,Ковчег,6,factory_ark,Заводные Ковчеги,cruiser,Cruiser,combat_ark,CombatArk,combat_ark_cruiser,hull_and_machine_parts,cruiser_yard,60.00,40.00,,0,actuator;sensor;calculator;deck_section;hatch;bulkhead;armor_plate;gyroscope;airlock;beam;plating;pump,6;5;3;34;24;26;10;2;12;21;15;2,279036.92,"Автосборка по рангу, классу, фракции, роли и характеристикам корабля."
craft_factory_ark_combat_ark_cruiser_r07,factory_ark_combat_ark_cruiser_r07,Батарея,7,factory_ark,Заводные Ковчеги,cruiser,Cruiser,combat_ark,CombatArk,combat_ark_cruiser,hull_and_machine_parts,cruiser_yard,135.00,90.00,,0,actuator;sensor;calculator;deck_section;hatch;bulkhead;armor_plate;gyroscope;airlock;beam;plating;pump,15;13;7;86;62;67;26;6;31;53;36;6,713750.63,"Автосборка по рангу, классу, фракции, роли и характеристикам корабля."
craft_factory_ark_combat_ark_cruiser_r08,factory_ark_combat_ark_cruiser_r08,Механик,8,factory_ark,Заводные Ковчеги,cruiser,Cruiser,combat_ark,CombatArk,combat_ark_cruiser,ship_blocks,cruiser_yard,270.00,180.00,,0,instrument_block;hangar_block;defense_block;power_block;weapon_block;propulsion_block;industry_block;cargo_block;actuator;sensor;calculator;deck_section;hatch;bulkhead,2;1;3;1;1;1;1;1;15;12;7;83;60;64,1830934.76,"Автосборка по рангу, классу, фракции, роли и характеристикам корабля."
craft_factory_ark_combat_ark_cruiser_r09,factory_ark_combat_ark_cruiser_r09,Рота,9,factory_ark,Заводные Ковчеги,cruiser,Cruiser,combat_ark,CombatArk,combat_ark_cruiser,ship_blocks,cruiser_yard,495.00,330.00,,0,instrument_block;hangar_block;defense_block;power_block;weapon_block;propulsion_block;industry_block;cargo_block;actuator;sensor;calculator;deck_section;hatch;bulkhead,6;3;7;4;4;3;2;4;32;27;15;179;129;138,4719414.04,"Автосборка по рангу, классу, фракции, роли и характеристикам корабля."
craft_factory_ark_combat_ark_cruiser_r10,factory_ark_combat_ark_cruiser_r10,Армада,10,factory_ark,Заводные Ковчеги,cruiser,Cruiser,combat_ark,CombatArk,combat_ark_cruiser,faction_flagship_license,cruiser_yard,900.00,600.00,factory_ark_flagship_license,1,instrument_block;hangar_block;defense_block;power_block;weapon_block;propulsion_block;industry_block;cargo_block;actuator;sensor;calculator;deck_section;hatch;steel;bulkhead;armor_plate,14;6;15;8;8;7;4;8;93;77;42;516;371;7342;398;160,11863282.64,"Автосборка по рангу, классу, фракции, роли и характеристикам корабля."
craft_factory_ark_assault_cruiser_r02,factory_ark_assault_cruiser_r02,Штурм,2,factory_ark,Заводные Ковчеги,cruiser,Cruiser,assault,Assault,assault_cruiser,raw_resources,cruiser_yard,1.60,1.07,,0,iron;copper;charcoal;magnesium;calcite;quartz;sylvine;acid,100;33;85;21;19;17;6;2,6512.86,"Автосборка по рангу, классу, фракции, роли и характеристикам корабля."
craft_factory_ark_assault_cruiser_r03,factory_ark_assault_cruiser_r03,Клещи,3,factory_ark,Заводные Ковчеги,cruiser,Cruiser,assault,Assault,assault_cruiser,raw_resources,cruiser_yard,3.75,2.50,,0,iron;copper;charcoal;magnesium;calcite;quartz;sylvine;acid,275;92;234;57;52;46;18;5,18120.82,"Автосборка по рангу, классу, фракции, роли и характеристикам корабля."
craft_factory_ark_assault_cruiser_r04,factory_ark_assault_cruiser_r04,Привод,4,factory_ark,Заводные Ковчеги,cruiser,Cruiser,assault,Assault,assault_cruiser,prepared_materials,cruiser_yard,9.00,6.00,,0,steel;bulat;textolite;brass;elektron;invar;rubber;resin;melchior;glass_ceramic,229;20;16;54;47;17;18;25;18;32,43458.01,"Автосборка по рангу, классу, фракции, роли и характеристикам корабля."
craft_factory_ark_assault_cruiser_r05,factory_ark_assault_cruiser_r05,Грань,5,factory_ark,Заводные Ковчеги,cruiser,Cruiser,assault,Assault,assault_cruiser,prepared_materials,cruiser_yard,22.50,15.00,,0,steel;bulat;textolite;brass;elektron;invar;rubber;resin;glass_ceramic;melchior,565;50;38;132;115;43;47;63;79;45,107509.61,"Автосборка по рангу, классу, фракции, роли и характеристикам корабля."
craft_factory_ark_assault_cruiser_r06,factory_ark_assault_cruiser_r06,Импульс,6,factory_ark,Заводные Ковчеги,cruiser,Cruiser,assault,Assault,assault_cruiser,hull_and_machine_parts,cruiser_yard,60.00,40.00,,0,deck_section;actuator;bulkhead;calculator;sensor;hatch;armor_plate;pump;beam;gyroscope;airlock;plating,35;5;33;2;4;25;12;4;26;2;12;17,294002.08,"Автосборка по рангу, классу, фракции, роли и характеристикам корабля."
craft_factory_ark_assault_cruiser_r07,factory_ark_assault_cruiser_r07,Врезка,7,factory_ark,Заводные Ковчеги,cruiser,Cruiser,assault,Assault,assault_cruiser,hull_and_machine_parts,cruiser_yard,135.00,90.00,,0,actuator;deck_section;bulkhead;calculator;armor_plate;sensor;hatch;pump;beam;gyroscope;airlock;plating,14;86;81;6;31;11;61;10;63;5;31;41,735155.00,"Автосборка по рангу, классу, фракции, роли и характеристикам корабля."
craft_factory_ark_assault_cruiser_r08,factory_ark_assault_cruiser_r08,Жнец,8,factory_ark,Заводные Ковчеги,cruiser,Cruiser,assault,Assault,assault_cruiser,ship_blocks,cruiser_yard,270.00,180.00,,0,instrument_block;defense_block;power_block;hangar_block;weapon_block;propulsion_block;industry_block;cargo_block;actuator;bulkhead;deck_section;calculator;sensor;armor_plate,2;3;1;1;1;1;1;1;13;76;79;6;10;29,1787567.83,"Автосборка по рангу, классу, фракции, роли и характеристикам корабля."
craft_factory_ark_assault_cruiser_r09,factory_ark_assault_cruiser_r09,Пролом,9,factory_ark,Заводные Ковчеги,cruiser,Cruiser,assault,Assault,assault_cruiser,ship_blocks,cruiser_yard,495.00,330.00,,0,instrument_block;defense_block;power_block;hangar_block;weapon_block;propulsion_block;industry_block;cargo_block;actuator;deck_section;bulkhead;calculator;sensor;armor_plate,5;9;4;2;4;3;2;4;27;166;159;12;21;61,4522868.51,"Автосборка по рангу, классу, фракции, роли и характеристикам корабля."
craft_factory_ark_assault_cruiser_r10,factory_ark_assault_cruiser_r10,Авангард,10,factory_ark,Заводные Ковчеги,cruiser,Cruiser,assault,Assault,assault_cruiser,faction_flagship_license,cruiser_yard,900.00,600.00,factory_ark_flagship_license,1,instrument_block;defense_block;hangar_block;power_block;weapon_block;industry_block;propulsion_block;cargo_block;actuator;deck_section;bulkhead;steel;calculator;sensor;armor_plate;hatch,11;18;5;8;8;4;6;8;74;448;428;7583;34;58;165;321,10764515.94,"Автосборка по рангу, классу, фракции, роли и характеристикам корабля."
craft_factory_ark_mechanized_citadel_battleship_r02,factory_ark_mechanized_citadel_battleship_r02,Станина,2,factory_ark,Заводные Ковчеги,battleship,Battleship,mechanized_citadel,MechanizedCitadel,mechanized_citadel_battleship,raw_resources,battleship_yard,1.60,1.07,,0,iron;magnesium;calcite;copper;quartz;charcoal;sylvine;ionide,169;41;35;33;24;71;11;2,9721.84,"Автосборка по рангу, классу, фракции, роли и характеристикам корабля."
craft_factory_ark_mechanized_citadel_battleship_r03,factory_ark_mechanized_citadel_battleship_r03,Доминант,3,factory_ark,Заводные Ковчеги,battleship,Battleship,mechanized_citadel,MechanizedCitadel,mechanized_citadel_battleship,raw_resources,battleship_yard,3.75,2.50,,0,iron;magnesium;calcite;copper;quartz;charcoal;sylvine;ionide,447;108;94;88;64;191;30;4,25972.74,"Автосборка по рангу, классу, фракции, роли и характеристикам корабля."
craft_factory_ark_mechanized_citadel_battleship_r04,factory_ark_mechanized_citadel_battleship_r04,Центурион,4,factory_ark,Заводные Ковчеги,battleship,Battleship,mechanized_citadel,MechanizedCitadel,mechanized_citadel_battleship,prepared_materials,battleship_yard,9.00,6.00,,0,steel;elektron;rubber;textolite;brass;invar;bulat;melchior;resin;glass_ceramic,330;105;37;26;92;27;19;32;35;43,67596.48,"Автосборка по рангу, классу, фракции, роли и характеристикам корабля."
craft_factory_ark_mechanized_citadel_battleship_r05,factory_ark_mechanized_citadel_battleship_r05,Механос,5,factory_ark,Заводные Ковчеги,battleship,Battleship,mechanized_citadel,MechanizedCitadel,mechanized_citadel_battleship,prepared_materials,battleship_yard,22.50,15.00,,0,steel;elektron;rubber;textolite;brass;invar;melchior;bulat;resin;glass_ceramic,788;255;91;62;218;66;80;43;86;104,162610.62,"Автосборка по рангу, классу, фракции, роли и характеристикам корабля."
craft_factory_ark_mechanized_citadel_battleship_r06,factory_ark_mechanized_citadel_battleship_r06,Башня,6,factory_ark,Заводные Ковчеги,battleship,Battleship,mechanized_citadel,MechanizedCitadel,mechanized_citadel_battleship,hull_and_machine_parts,battleship_yard,60.00,40.00,,0,bulkhead;deck_section;hatch;actuator;airlock;sensor;calculator;pump;armor_plate;steel;beam;gyroscope,59;61;45;8;28;5;3;4;10;344;21;2,405042.92,"Автосборка по рангу, классу, фракции, роли и характеристикам корабля."
craft_factory_ark_mechanized_citadel_battleship_r07,factory_ark_mechanized_citadel_battleship_r07,Кастелян,7,factory_ark,Заводные Ковчеги,battleship,Battleship,mechanized_citadel,MechanizedCitadel,mechanized_citadel_battleship,hull_and_machine_parts,battleship_yard,135.00,90.00,,0,bulkhead;deck_section;hatch;actuator;airlock;sensor;calculator;pump;armor_plate;gyroscope;beam;steel,145;149;111;19;69;13;7;10;25;4;50;633,984968.83,"Автосборка по рангу, классу, фракции, роли и характеристикам корабля."
craft_factory_ark_mechanized_citadel_battleship_r08,factory_ark_mechanized_citadel_battleship_r08,Легат,8,factory_ark,Заводные Ковчеги,battleship,Battleship,mechanized_citadel,MechanizedCitadel,mechanized_citadel_battleship,ship_blocks,battleship_yard,270.00,180.00,,0,cargo_block;instrument_block;defense_block;hangar_block;industry_block;power_block;bulkhead;deck_section;hatch;propulsion_block;actuator;weapon_block;airlock;sensor,7;2;4;1;1;1;159;164;122;1;21;1;76;15,2692480.60,"Автосборка по рангу, классу, фракции, роли и характеристикам корабля."
craft_factory_ark_mechanized_citadel_battleship_r09,factory_ark_mechanized_citadel_battleship_r09,Цитадель,9,factory_ark,Заводные Ковчеги,battleship,Battleship,mechanized_citadel,MechanizedCitadel,mechanized_citadel_battleship,ship_blocks,battleship_yard,495.00,330.00,,0,cargo_block;instrument_block;defense_block;industry_block;hangar_block;power_block;propulsion_block;weapon_block;bulkhead;deck_section;hatch;actuator;airlock;sensor,15;6;9;3;3;3;3;3;331;340;253;43;160;30,6606296.36,"Автосборка по рангу, классу, фракции, роли и характеристикам корабля."
craft_factory_ark_mechanized_citadel_battleship_r10,factory_ark_mechanized_citadel_battleship_r10,Архимашина,10,factory_ark,Заводные Ковчеги,battleship,Battleship,mechanized_citadel,MechanizedCitadel,mechanized_citadel_battleship,faction_flagship_license,battleship_yard,900.00,600.00,factory_ark_flagship_license,1,cargo_block;instrument_block;defense_block;industry_block;hangar_block;bulkhead;deck_section;power_block;hatch;propulsion_block;actuator;weapon_block;airlock;steel;sensor;calculator,32;13;20;7;7;924;948;7;705;6;121;6;448;11613;83;42,16205484.94,"Автосборка по рангу, классу, фракции, роли и характеристикам корабля."
craft_factory_ark_automaton_factory_battleship_r02,factory_ark_automaton_factory_battleship_r02,Цех,2,factory_ark,Заводные Ковчеги,battleship,Battleship,automaton_factory,AutomatonFactory,automaton_factory_battleship,raw_resources,battleship_yard,1.60,1.07,,0,iron;magnesium;calcite;quartz;copper;charcoal;sylvine;automaton_coil,183;45;39;27;25;56;10;1,10032.41,"Автосборка по рангу, классу, фракции, роли и характеристикам корабля."
craft_factory_ark_automaton_factory_battleship_r03,factory_ark_automaton_factory_battleship_r03,Верстак,3,factory_ark,Заводные Ковчеги,battleship,Battleship,automaton_factory,AutomatonFactory,automaton_factory_battleship,raw_resources,battleship_yard,3.75,2.50,,0,iron;magnesium;calcite;quartz;copper;charcoal;sylvine;ionide,486;119;104;76;72;159;29;5,27332.01,"Автосборка по рангу, классу, фракции, роли и характеристикам корабля."
craft_factory_ark_automaton_factory_battleship_r04,factory_ark_automaton_factory_battleship_r04,Конвейер,4,factory_ark,Заводные Ковчеги,battleship,Battleship,automaton_factory,AutomatonFactory,automaton_factory_battleship,prepared_materials,battleship_yard,9.00,6.00,,0,steel;elektron;rubber;textolite;brass;invar;melchior;resin;iron;glass_ceramic,326;114;45;28;91;30;37;45;182;43,71100.25,"Автосборка по рангу, классу, фракции, роли и характеристикам корабля."
craft_factory_ark_automaton_factory_battleship_r05,factory_ark_automaton_factory_battleship_r05,Автомат,5,factory_ark,Заводные Ковчеги,battleship,Battleship,automaton_factory,AutomatonFactory,automaton_factory_battleship,prepared_materials,battleship_yard,22.50,15.00,,0,steel;elektron;rubber;textolite;brass;invar;melchior;resin;glass_ceramic;bulat,730;254;104;62;205;69;85;106;99;30,160978.04,"Автосборка по рангу, классу, фракции, роли и характеристикам корабля."
craft_factory_ark_automaton_factory_battleship_r06,factory_ark_automaton_factory_battleship_r06,Сборка,6,factory_ark,Заводные Ковчеги,battleship,Battleship,automaton_factory,AutomatonFactory,automaton_factory_battleship,hull_and_machine_parts,battleship_yard,60.00,40.00,,0,bulkhead;deck_section;hatch;airlock;actuator;sensor;calculator;pump;beam;steel;armor_plate;gyroscope,65;59;45;35;8;6;3;6;25;346;7;1,429691.06,"Автосборка по рангу, классу, фракции, роли и характеристикам корабля."
craft_factory_ark_automaton_factory_battleship_r07,factory_ark_automaton_factory_battleship_r07,Манипулятор,7,factory_ark,Заводные Ковчеги,battleship,Battleship,automaton_factory,AutomatonFactory,automaton_factory_battleship,hull_and_machine_parts,battleship_yard,135.00,90.00,,0,bulkhead;deck_section;airlock;hatch;actuator;sensor;pump;calculator;beam;armor_plate;steel;gyroscope,165;151;89;113;19;16;16;8;60;18;658;4,1086085.60,"Автосборка по рангу, классу, фракции, роли и характеристикам корабля."
craft_factory_ark_automaton_factory_battleship_r08,factory_ark_automaton_factory_battleship_r08,Фабрикатор,8,factory_ark,Заводные Ковчеги,battleship,Battleship,automaton_factory,AutomatonFactory,automaton_factory_battleship,ship_blocks,battleship_yard,270.00,180.00,,0,cargo_block;instrument_block;industry_block;hangar_block;defense_block;bulkhead;deck_section;power_block;airlock;hatch;propulsion_block;actuator;sensor;pump,7;3;2;1;3;169;154;1;91;116;1;19;16;17,2828649.77,"Автосборка по рангу, классу, фракции, роли и характеристикам корабля."
craft_factory_ark_automaton_factory_battleship_r09,factory_ark_automaton_factory_battleship_r09,Мануфактор,9,factory_ark,Заводные Ковчеги,battleship,Battleship,automaton_factory,AutomatonFactory,automaton_factory_battleship,ship_blocks,battleship_yard,495.00,330.00,,0,cargo_block;instrument_block;industry_block;defense_block;hangar_block;power_block;bulkhead;propulsion_block;deck_section;airlock;hatch;actuator;sensor;pump,17;6;4;8;3;3;338;2;308;184;231;39;32;34,6620413.13,"Автосборка по рангу, классу, фракции, роли и характеристикам корабля."
craft_factory_ark_automaton_factory_battleship_r10,factory_ark_automaton_factory_battleship_r10,Фабрика,10,factory_ark,Заводные Ковчеги,battleship,Battleship,automaton_factory,AutomatonFactory,automaton_factory_battleship,faction_flagship_license,battleship_yard,900.00,600.00,factory_ark_flagship_license,1,cargo_block;industry_block;instrument_block;defense_block;hangar_block;bulkhead;deck_section;airlock;hatch;power_block;actuator;propulsion_block;sensor;steel;pump;calculator,40;10;15;19;7;1037;945;569;709;7;117;5;99;11783;105;46,17889506.52,"Автосборка по рангу, классу, фракции, роли и характеристикам корабля."
craft_devourers_harpoon_frigate_r02,devourers_harpoon_frigate_r02,Крючок,2,devourers,Пожиратели,frigate,Frigate,harpoon,Harpoon,harpoon_frigate,raw_resources,frigate_yard,1.60,1.07,,0,iron;magnesium;charcoal;leviathan_sinew;copper;acid;leviathan_fat;calcite,56;23;60;2;17;2;5;9,4891.39,"Автосборка по рангу, классу, фракции, роли и характеристикам корабля."
craft_devourers_harpoon_frigate_r03,devourers_harpoon_frigate_r03,Зубец,3,devourers,Пожиратели,frigate,Frigate,harpoon,Harpoon,harpoon_frigate,raw_resources,frigate_yard,3.75,2.50,,0,iron;magnesium;charcoal;leviathan_sinew;copper;acid;leviathan_fat;calcite,144;60;157;5;44;6;13;24,12769.49,"Автосборка по рангу, классу, фракции, роли и характеристикам корабля."
craft_devourers_harpoon_frigate_r04,devourers_harpoon_frigate_r04,Канат,4,devourers,Пожиратели,frigate,Frigate,harpoon,Harpoon,harpoon_frigate,prepared_materials,frigate_yard,9.00,6.00,,0,steel;aramid;bulat;elektron;resin;rubber;brass;siloxane;orkit;leviathan_sinew,125;30;16;51;27;17;33;18;10;6,33981.55,"Автосборка по рангу, классу, фракции, роли и характеристикам корабля."
craft_devourers_harpoon_frigate_r05,devourers_harpoon_frigate_r05,Улов,5,devourers,Пожиратели,frigate,Frigate,harpoon,Harpoon,harpoon_frigate,prepared_materials,frigate_yard,22.50,15.00,,0,steel;aramid;bulat;elektron;resin;rubber;brass;siloxane;orkit;leviathan_sinew,287;71;37;119;63;41;76;40;23;12,78699.09,"Автосборка по рангу, классу, фракции, роли и характеристикам корабля."
craft_devourers_harpoon_frigate_r06,devourers_harpoon_frigate_r06,Гарпун,6,devourers,Пожиратели,frigate,Frigate,harpoon,Harpoon,harpoon_frigate,hull_and_machine_parts,frigate_yard,60.00,40.00,,0,actuator;transmission;deck_section;armor_plate;bulkhead;airlock;gyroscope;beam;hatch;engine;pump;plating,6;3;20;8;17;10;2;18;12;2;2;12,198711.52,"Автосборка по рангу, классу, фракции, роли и характеристикам корабля."
craft_devourers_harpoon_frigate_r07,devourers_harpoon_frigate_r07,Рывкач,7,devourers,Пожиратели,frigate,Frigate,harpoon,Harpoon,harpoon_frigate,hull_and_machine_parts,frigate_yard,135.00,90.00,,0,actuator;transmission;deck_section;armor_plate;bulkhead;airlock;gyroscope;hatch;engine;beam;pump;plating,16;8;52;22;44;25;4;31;4;45;6;31,520994.87,"Автосборка по рангу, классу, фракции, роли и характеристикам корабля."
craft_devourers_harpoon_frigate_r08,devourers_harpoon_frigate_r08,Ловчий,8,devourers,Пожиратели,frigate,Frigate,harpoon,Harpoon,harpoon_frigate,ship_blocks,frigate_yard,270.00,180.00,,0,weapon_block;propulsion_block;cargo_block;industry_block;power_block;defense_block;actuator;instrument_block;transmission;armor_plate;deck_section;bulkhead;airlock;hatch,2;1;2;1;1;1;14;1;7;20;46;39;23;28,1263654.72,"Автосборка по рангу, классу, фракции, роли и характеристикам корабля."
craft_devourers_harpoon_frigate_r09,devourers_harpoon_frigate_r09,Хват,9,devourers,Пожиратели,frigate,Frigate,harpoon,Harpoon,harpoon_frigate,ship_blocks,frigate_yard,495.00,330.00,,0,weapon_block;propulsion_block;cargo_block;industry_block;power_block;defense_block;instrument_block;actuator;transmission;armor_plate;deck_section;bulkhead;airlock;hatch,5;4;5;2;3;3;2;32;15;45;104;89;52;63,3435440.43,"Автосборка по рангу, классу, фракции, роли и характеристикам корабля."
craft_devourers_harpoon_frigate_r10,devourers_harpoon_frigate_r10,Крюк,10,devourers,Пожиратели,frigate,Frigate,harpoon,Harpoon,harpoon_frigate,faction_flagship_license,frigate_yard,900.00,600.00,devourers_flagship_license,1,weapon_block;propulsion_block;cargo_block;industry_block;power_block;defense_block;actuator;instrument_block;transmission;armor_plate;deck_section;steel;bulkhead;aramid;airlock;hatch,12;9;12;5;7;8;95;3;46;138;311;5025;264;1273;155;190,8885876.15,"Автосборка по рангу, классу, фракции, роли и характеристикам корабля."
craft_devourers_brawler_frigate_r02,devourers_brawler_frigate_r02,Кулак,2,devourers,Пожиратели,frigate,Frigate,brawler,Brawler,brawler_frigate,raw_resources,frigate_yard,1.60,1.07,,0,iron;magnesium;charcoal;copper;calcite;acid;claudium;leviathan_sinew,63;20;75;22;12;2;2;1,4758.06,"Автосборка по рангу, классу, фракции, роли и характеристикам корабля."
craft_devourers_brawler_frigate_r03,devourers_brawler_frigate_r03,Драчун,3,devourers,Пожиратели,frigate,Frigate,brawler,Brawler,brawler_frigate,raw_resources,frigate_yard,3.75,2.50,,0,iron;magnesium;charcoal;copper;calcite;claudium;acid;sylvine,162;52;191;56;31;6;4;12,12197.82,"Автосборка по рангу, классу, фракции, роли и характеристикам корабля."
craft_devourers_brawler_frigate_r04,devourers_brawler_frigate_r04,Тесак,4,devourers,Пожиратели,frigate,Frigate,brawler,Brawler,brawler_frigate,prepared_materials,frigate_yard,9.00,6.00,,0,steel;bulat;aramid;elektron;brass;resin;rubber;siloxane;orkit;iron,154;18;21;41;38;18;11;14;8;59,30612.22,"Автосборка по рангу, классу, фракции, роли и характеристикам корабля."
craft_devourers_brawler_frigate_r05,devourers_brawler_frigate_r05,Кабан,5,devourers,Пожиратели,frigate,Frigate,brawler,Brawler,brawler_frigate,prepared_materials,frigate_yard,22.50,15.00,,0,steel;bulat;aramid;elektron;brass;resin;rubber;siloxane;orkit;bakelite,408;48;55;114;100;47;30;38;22;43,82255.82,"Автосборка по рангу, классу, фракции, роли и характеристикам корабля."
craft_devourers_brawler_frigate_r06,devourers_brawler_frigate_r06,Лом,6,devourers,Пожиратели,frigate,Frigate,brawler,Brawler,brawler_frigate,hull_and_machine_parts,frigate_yard,60.00,40.00,,0,actuator;armor_plate;deck_section;bulkhead;hatch;gyroscope;transmission;beam;plating;engine;steel;pump,5;10;24;21;15;2;2;18;12;1;192;2,194548.19,"Автосборка по рангу, классу, фракции, роли и характеристикам корабля."
craft_devourers_brawler_frigate_r07,devourers_brawler_frigate_r07,Рубака,7,devourers,Пожиратели,frigate,Frigate,brawler,Brawler,brawler_frigate,hull_and_machine_parts,frigate_yard,135.00,90.00,,0,actuator;armor_plate;deck_section;bulkhead;hatch;gyroscope;transmission;beam;plating;engine;pump;airlock,13;27;62;56;40;5;5;47;32;3;4;16,505163.00,"Автосборка по рангу, классу, фракции, роли и характеристикам корабля."
craft_devourers_brawler_frigate_r08,devourers_brawler_frigate_r08,Кромсач,8,devourers,Пожиратели,frigate,Frigate,brawler,Brawler,brawler_frigate,ship_blocks,frigate_yard,270.00,180.00,,0,weapon_block;propulsion_block;power_block;defense_block;cargo_block;instrument_block;industry_block;actuator;armor_plate;deck_section;bulkhead;hatch;gyroscope;transmission,2;1;1;2;1;1;1;11;22;50;45;32;4;4,1226146.71,"Автосборка по рангу, классу, фракции, роли и характеристикам корабля."
craft_devourers_brawler_frigate_r09,devourers_brawler_frigate_r09,Бугай,9,devourers,Пожиратели,frigate,Frigate,brawler,Brawler,brawler_frigate,ship_blocks,frigate_yard,495.00,330.00,,0,weapon_block;propulsion_block;defense_block;power_block;cargo_block;instrument_block;industry_block;actuator;armor_plate;deck_section;bulkhead;hatch;gyroscope;steel,5;3;5;3;4;2;1;27;57;126;111;81;10;1509,3311904.99,"Автосборка по рангу, классу, фракции, роли и характеристикам корабля."
craft_devourers_brawler_frigate_r10,devourers_brawler_frigate_r10,Бойня,10,devourers,Пожиратели,frigate,Frigate,brawler,Brawler,brawler_frigate,faction_flagship_license,frigate_yard,900.00,600.00,devourers_flagship_license,1,weapon_block;propulsion_block;defense_block;power_block;cargo_block;instrument_block;industry_block;actuator;armor_plate;deck_section;steel;bulkhead;hatch;gyroscope;transmission;bulat,11;7;11;7;8;4;3;75;159;352;6178;309;227;27;27;785,8133100.99,"Автосборка по рангу, классу, фракции, роли и характеристикам корабля."
craft_devourers_ore_hauler_frigate_r02,devourers_ore_hauler_frigate_r02,Короб,2,devourers,Пожиратели,frigate,Frigate,ore_hauler,OreHauler,ore_hauler_frigate,raw_resources,frigate_yard,1.60,1.07,,0,iron;magnesium;calcite;charcoal;copper;leviathan_sinew;claudium;aerosil,79;25;15;55;12;1;2;10,4797.64,"Автосборка по рангу, классу, фракции, роли и характеристикам корабля."
craft_devourers_ore_hauler_frigate_r03,devourers_ore_hauler_frigate_r03,Мешок,3,devourers,Пожиратели,frigate,Frigate,ore_hauler,OreHauler,ore_hauler_frigate,raw_resources,frigate_yard,3.75,2.50,,0,iron;magnesium;calcite;charcoal;copper;claudium;leviathan_sinew;quartz,195;63;38;138;28;5;2;17,11921.86,"Автосборка по рангу, классу, фракции, роли и характеристикам корабля."
craft_devourers_ore_hauler_frigate_r04,devourers_ore_hauler_frigate_r04,Тюк,4,devourers,Пожиратели,frigate,Frigate,ore_hauler,OreHauler,ore_hauler_frigate,prepared_materials,frigate_yard,9.00,6.00,,0,steel;elektron;rubber;resin;brass;aramid;bulat;orkit;iron;siloxane,156;59;16;25;40;15;10;9;79;14,31596.45,"Автосборка по рангу, классу, фракции, роли и характеристикам корабля."
craft_devourers_ore_hauler_frigate_r05,devourers_ore_hauler_frigate_r05,Сани,5,devourers,Пожиратели,frigate,Frigate,ore_hauler,OreHauler,ore_hauler_frigate,prepared_materials,frigate_yard,22.50,15.00,,0,steel;elektron;rubber;resin;brass;aramid;bulat;orkit;siloxane;invar,378;141;40;59;98;36;25;20;34;14,74972.69,"Автосборка по рангу, классу, фракции, роли и характеристикам корабля."
craft_devourers_ore_hauler_frigate_r06,devourers_ore_hauler_frigate_r06,Кузов,6,devourers,Пожиратели,frigate,Frigate,ore_hauler,OreHauler,ore_hauler_frigate,hull_and_machine_parts,frigate_yard,60.00,40.00,,0,actuator;bulkhead;deck_section;beam;hatch;airlock;transmission;pump;plating;engine;armor_plate;steel,4;27;22;23;15;11;2;2;11;1;4;179,188084.89,"Автосборка по рангу, классу, фракции, роли и характеристикам корабля."
craft_devourers_ore_hauler_frigate_r07,devourers_ore_hauler_frigate_r07,Бурдюк,7,devourers,Пожиратели,frigate,Frigate,ore_hauler,OreHauler,ore_hauler_frigate,hull_and_machine_parts,frigate_yard,135.00,90.00,,0,actuator;bulkhead;deck_section;beam;hatch;airlock;pump;transmission;plating;engine;armor_plate;gyroscope,11;67;54;57;36;27;6;4;28;3;11;3,455567.67,"Автосборка по рангу, классу, фракции, роли и характеристикам корабля."
craft_devourers_ore_hauler_frigate_r08,devourers_ore_hauler_frigate_r08,Грузень,8,devourers,Пожиратели,frigate,Frigate,ore_hauler,OreHauler,ore_hauler_frigate,ship_blocks,frigate_yard,270.00,180.00,,0,cargo_block;propulsion_block;industry_block;power_block;defense_block;weapon_block;instrument_block;actuator;bulkhead;deck_section;beam;hatch;airlock;pump,3;1;1;1;1;1;1;12;72;58;60;38;29;6,1269199.94,"Автосборка по рангу, классу, фракции, роли и характеристикам корабля."
craft_devourers_ore_hauler_frigate_r09,devourers_ore_hauler_frigate_r09,Носач,9,devourers,Пожиратели,frigate,Frigate,ore_hauler,OreHauler,ore_hauler_frigate,ship_blocks,frigate_yard,495.00,330.00,,0,cargo_block;propulsion_block;industry_block;power_block;defense_block;weapon_block;instrument_block;actuator;bulkhead;deck_section;beam;hatch;airlock;steel,7;3;2;3;3;2;1;24;144;116;120;76;59;1398,3018521.55,"Автосборка по рангу, классу, фракции, роли и характеристикам корабля."
craft_devourers_ore_hauler_frigate_r10,devourers_ore_hauler_frigate_r10,Обоз,10,devourers,Пожиратели,frigate,Frigate,ore_hauler,OreHauler,ore_hauler_frigate,faction_flagship_license,frigate_yard,900.00,600.00,devourers_flagship_license,1,cargo_block;industry_block;propulsion_block;power_block;defense_block;weapon_block;instrument_block;actuator;bulkhead;steel;deck_section;beam;hatch;airlock;pump;transmission,15;4;7;6;7;5;3;68;409;5824;326;337;216;167;35;23,7516687.59,"Автосборка по рангу, классу, фракции, роли и характеристикам корабля."
craft_devourers_harpoon_cruiser_r02,devourers_harpoon_cruiser_r02,Якорь,2,devourers,Пожиратели,cruiser,Cruiser,harpoon,Harpoon,harpoon_cruiser,raw_resources,cruiser_yard,1.60,1.07,,0,iron;charcoal;magnesium;leviathan_sinew;copper;calcite;acid;leviathan_fat,96;89;22;3;25;18;3;7,7098.49,"Автосборка по рангу, классу, фракции, роли и характеристикам корабля."
craft_devourers_harpoon_cruiser_r03,devourers_harpoon_cruiser_r03,Тянуч,3,devourers,Пожиратели,cruiser,Cruiser,harpoon,Harpoon,harpoon_cruiser,raw_resources,cruiser_yard,3.75,2.50,,0,iron;charcoal;magnesium;leviathan_sinew;copper;calcite;acid;leviathan_fat,238;222;54;7;63;44;8;17,17726.17,"Автосборка по рангу, классу, фракции, роли и характеристикам корабля."
craft_devourers_harpoon_cruiser_r04,devourers_harpoon_cruiser_r04,Связка,4,devourers,Пожиратели,cruiser,Cruiser,harpoon,Harpoon,harpoon_cruiser,prepared_materials,cruiser_yard,9.00,6.00,,0,steel;aramid;bulat;rubber;resin;brass;elektron;leviathan_sinew;iron;bakelite,192;36;24;25;34;46;41;7;84;21,42976.73,"Автосборка по рангу, классу, фракции, роли и характеристикам корабля."
craft_devourers_harpoon_cruiser_r05,devourers_harpoon_cruiser_r05,Захлест,5,devourers,Пожиратели,cruiser,Cruiser,harpoon,Harpoon,harpoon_cruiser,prepared_materials,cruiser_yard,22.50,15.00,,0,steel;aramid;bulat;rubber;resin;elektron;brass;leviathan_sinew;bakelite;glass_ceramic,489;93;61;65;86;104;117;17;53;37,107893.58,"Автосборка по рангу, классу, фракции, роли и характеристикам корабля."
craft_devourers_harpoon_cruiser_r06,devourers_harpoon_cruiser_r06,Привязь,6,devourers,Пожиратели,cruiser,Cruiser,harpoon,Harpoon,harpoon_cruiser,hull_and_machine_parts,cruiser_yard,60.00,40.00,,0,actuator;armor_plate;bulkhead;deck_section;transmission;hatch;airlock;pump;beam;plating;gyroscope;steel,8;14;30;30;3;19;15;4;25;15;2;240,276164.41,"Автосборка по рангу, классу, фракции, роли и характеристикам корабля."
craft_devourers_harpoon_cruiser_r07,devourers_harpoon_cruiser_r07,Траллер,7,devourers,Пожиратели,cruiser,Cruiser,harpoon,Harpoon,harpoon_cruiser,hull_and_machine_parts,cruiser_yard,135.00,90.00,,0,actuator;armor_plate;bulkhead;deck_section;transmission;hatch;airlock;pump;beam;plating;gyroscope;calculator,21;37;79;80;8;52;39;10;66;38;4;2,730078.36,"Автосборка по рангу, классу, фракции, роли и характеристикам корабля."
craft_devourers_harpoon_cruiser_r08,devourers_harpoon_cruiser_r08,Бургарпун,8,devourers,Пожиратели,cruiser,Cruiser,harpoon,Harpoon,harpoon_cruiser,ship_blocks,cruiser_yard,270.00,180.00,,0,weapon_block;industry_block;cargo_block;propulsion_block;defense_block;power_block;actuator;instrument_block;armor_plate;bulkhead;deck_section;transmission;hatch;airlock,3;1;3;1;2;1;19;1;33;71;69;7;46;35,1769285.58,"Автосборка по рангу, классу, фракции, роли и характеристикам корабля."
craft_devourers_harpoon_cruiser_r09,devourers_harpoon_cruiser_r09,Капкан,9,devourers,Пожиратели,cruiser,Cruiser,harpoon,Harpoon,harpoon_cruiser,ship_blocks,cruiser_yard,495.00,330.00,,0,weapon_block;industry_block;cargo_block;propulsion_block;defense_block;power_block;instrument_block;actuator;armor_plate;bulkhead;deck_section;transmission;hatch;airlock,7;3;7;4;6;3;2;39;71;148;144;15;96;74,4399719.72,"Автосборка по рангу, классу, фракции, роли и характеристикам корабля."
craft_devourers_harpoon_cruiser_r10,devourers_harpoon_cruiser_r10,Удержник,10,devourers,Пожиратели,cruiser,Cruiser,harpoon,Harpoon,harpoon_cruiser,faction_flagship_license,cruiser_yard,900.00,600.00,devourers_flagship_license,1,weapon_block;industry_block;cargo_block;propulsion_block;defense_block;power_block;actuator;instrument_block;armor_plate;bulkhead;steel;deck_section;transmission;hatch;airlock;pump,14;6;15;8;13;7;110;4;200;415;7164;404;43;269;208;53,10766879.17,"Автосборка по рангу, классу, фракции, роли и характеристикам корабля."
craft_devourers_bomb_cruiser_r02,devourers_bomb_cruiser_r02,Капля,2,devourers,Пожиратели,cruiser,Cruiser,bomb,Bomb,bomb_cruiser,raw_resources,cruiser_yard,1.60,1.07,,0,iron;charcoal;copper;magnesium;calcite;leviathan_sinew;acid;leviathan_fat,99;115;33;20;17;2;3;5,6992.32,"Автосборка по рангу, классу, фракции, роли и характеристикам корабля."
craft_devourers_bomb_cruiser_r03,devourers_bomb_cruiser_r03,Мина,3,devourers,Пожиратели,cruiser,Cruiser,bomb,Bomb,bomb_cruiser,raw_resources,cruiser_yard,3.75,2.50,,0,iron;charcoal;copper;magnesium;calcite;leviathan_sinew;acid;leviathan_fat,234;277;81;47;42;5;7;11,16852.05,"Автосборка по рангу, классу, фракции, роли и характеристикам корабля."
craft_devourers_bomb_cruiser_r04,devourers_bomb_cruiser_r04,Запал,4,devourers,Пожиратели,cruiser,Cruiser,bomb,Bomb,bomb_cruiser,prepared_materials,cruiser_yard,9.00,6.00,,0,steel;bulat;aramid;brass;rubber;resin;elektron;iron;bakelite;leviathan_sinew,235;26;32;59;21;30;37;96;23;5,44197.12,"Автосборка по рангу, классу, фракции, роли и характеристикам корабля."
craft_devourers_bomb_cruiser_r05,devourers_bomb_cruiser_r05,Катапульт,5,devourers,Пожиратели,cruiser,Cruiser,bomb,Bomb,bomb_cruiser,prepared_materials,cruiser_yard,22.50,15.00,,0,steel;bulat;aramid;brass;rubber;resin;elektron;bakelite;munition_bundle;weapon,541;62;75;138;50;71;86;52;4;3,102268.39,"Автосборка по рангу, классу, фракции, роли и характеристикам корабля."
craft_devourers_bomb_cruiser_r06,devourers_bomb_cruiser_r06,Ворвень,6,devourers,Пожиратели,cruiser,Cruiser,bomb,Bomb,bomb_cruiser,hull_and_machine_parts,cruiser_yard,60.00,40.00,,0,actuator;deck_section;bulkhead;armor_plate;beam;hatch;transmission;airlock;pump;gyroscope;plating;steel,7;35;33;14;32;22;2;12;3;2;16;287,284006.04,"Автосборка по рангу, классу, фракции, роли и характеристикам корабля."
craft_devourers_bomb_cruiser_r07,devourers_bomb_cruiser_r07,Фитиль,7,devourers,Пожиратели,cruiser,Cruiser,bomb,Bomb,bomb_cruiser,hull_and_machine_parts,cruiser_yard,135.00,90.00,,0,actuator;deck_section;armor_plate;bulkhead;hatch;beam;transmission;airlock;pump;gyroscope;plating;munition_bundle,18;87;35;81;54;78;6;30;8;5;40;31,691877.35,"Автосборка по рангу, классу, фракции, роли и характеристикам корабля."
craft_devourers_bomb_cruiser_r08,devourers_bomb_cruiser_r08,Огниво,8,devourers,Пожиратели,cruiser,Cruiser,bomb,Bomb,bomb_cruiser,ship_blocks,cruiser_yard,270.00,180.00,,0,weapon_block;cargo_block;defense_block;industry_block;power_block;propulsion_block;actuator;instrument_block;deck_section;armor_plate;bulkhead;hatch;beam;steel,3;2;2;1;1;1;16;1;77;31;72;48;68;748,1647412.26,"Автосборка по рангу, классу, фракции, роли и характеристикам корабля."
craft_devourers_bomb_cruiser_r09,devourers_bomb_cruiser_r09,Разрыв,9,devourers,Пожиратели,cruiser,Cruiser,bomb,Bomb,bomb_cruiser,ship_blocks,cruiser_yard,495.00,330.00,,0,weapon_block;cargo_block;defense_block;industry_block;power_block;propulsion_block;instrument_block;actuator;armor_plate;deck_section;bulkhead;hatch;beam;steel,7;7;7;2;4;4;2;38;75;179;169;112;158;2201,4619133.04,"Автосборка по рангу, классу, фракции, роли и характеристикам корабля."
craft_devourers_bomb_cruiser_r10,devourers_bomb_cruiser_r10,Бомбардир,10,devourers,Пожиратели,cruiser,Cruiser,bomb,Bomb,bomb_cruiser,faction_flagship_license,cruiser_yard,900.00,600.00,devourers_flagship_license,1,weapon_block;cargo_block;industry_block;defense_block;power_block;propulsion_block;actuator;instrument_block;steel;armor_plate;deck_section;bulkhead;hatch;beam;bulat;pump,16;16;6;15;9;8;112;5;9403;221;516;495;326;457;1161;49,11802704.94,"Автосборка по рангу, классу, фракции, роли и характеристикам корабля."
craft_devourers_ripper_cruiser_r02,devourers_ripper_cruiser_r02,Резак,2,devourers,Пожиратели,cruiser,Cruiser,ripper,Ripper,ripper_cruiser,raw_resources,cruiser_yard,1.60,1.07,,0,iron;charcoal;copper;magnesium;calcite;acid;leviathan_sinew;bone_grit,99;104;31;19;19;2;2;13,6738.30,"Автосборка по рангу, классу, фракции, роли и характеристикам корабля."
craft_devourers_ripper_cruiser_r03,devourers_ripper_cruiser_r03,Клыкарь,3,devourers,Пожиратели,cruiser,Cruiser,ripper,Ripper,ripper_cruiser,raw_resources,cruiser_yard,3.75,2.50,,0,iron;charcoal;copper;magnesium;calcite;leviathan_sinew;acid;bone_grit,259;271;80;53;51;4;6;37,17914.78,"Автосборка по рангу, классу, фракции, роли и характеристикам корабля."
craft_devourers_ripper_cruiser_r04,devourers_ripper_cruiser_r04,Бортник,4,devourers,Пожиратели,cruiser,Cruiser,ripper,Ripper,ripper_cruiser,prepared_materials,cruiser_yard,9.00,6.00,,0,steel;bulat;aramid;brass;rubber;elektron;resin;bakelite;iron;glass_ceramic,248;29;31;57;21;43;27;29;101;23,46584.23,"Автосборка по рангу, классу, фракции, роли и характеристикам корабля."
craft_devourers_ripper_cruiser_r05,devourers_ripper_cruiser_r05,Потрошач,5,devourers,Пожиратели,cruiser,Cruiser,ripper,Ripper,ripper_cruiser,prepared_materials,cruiser_yard,22.50,15.00,,0,steel;bulat;aramid;brass;rubber;elektron;resin;bakelite;glass_ceramic;munition_bundle,556;68;74;129;48;98;63;64;52;4,105263.85,"Автосборка по рангу, классу, фракции, роли и характеристикам корабля."
craft_devourers_ripper_cruiser_r06,devourers_ripper_cruiser_r06,Раздер,6,devourers,Пожиратели,cruiser,Cruiser,ripper,Ripper,ripper_cruiser,hull_and_machine_parts,cruiser_yard,60.00,40.00,,0,actuator;armor_plate;bulkhead;deck_section;hatch;beam;transmission;gyroscope;pump;airlock;steel;plating,8;17;35;35;23;27;3;2;3;11;299;16,295575.36,"Автосборка по рангу, классу, фракции, роли и характеристикам корабля."
craft_devourers_ripper_cruiser_r07,devourers_ripper_cruiser_r07,Кромсатель,7,devourers,Пожиратели,cruiser,Cruiser,ripper,Ripper,ripper_cruiser,hull_and_machine_parts,cruiser_yard,135.00,90.00,,0,actuator;armor_plate;bulkhead;deck_section;hatch;beam;transmission;gyroscope;pump;airlock;plating;calculator,20;44;88;89;60;68;6;6;8;30;39;3,747350.40,"Автосборка по рангу, классу, фракции, роли и характеристикам корабля."
craft_devourers_ripper_cruiser_r08,devourers_ripper_cruiser_r08,Терзатель,8,devourers,Пожиратели,cruiser,Cruiser,ripper,Ripper,ripper_cruiser,ship_blocks,cruiser_yard,270.00,180.00,,0,weapon_block;defense_block;propulsion_block;power_block;cargo_block;industry_block;instrument_block;actuator;armor_plate;bulkhead;deck_section;hatch;beam;transmission,3;3;1;2;2;1;1;18;40;80;81;54;60;6,1828545.63,"Автосборка по рангу, классу, фракции, роли и характеристикам корабля."
craft_devourers_ripper_cruiser_r09,devourers_ripper_cruiser_r09,Мясник,9,devourers,Пожиратели,cruiser,Cruiser,ripper,Ripper,ripper_cruiser,ship_blocks,cruiser_yard,495.00,330.00,,0,weapon_block;defense_block;propulsion_block;power_block;cargo_block;industry_block;instrument_block;actuator;armor_plate;bulkhead;deck_section;hatch;steel;beam,7;8;4;4;6;2;3;39;87;174;175;118;2217;128,4722815.90,"Автосборка по рангу, классу, фракции, роли и характеристикам корабля."
craft_devourers_ripper_cruiser_r10,devourers_ripper_cruiser_r10,Риппер,10,devourers,Пожиратели,cruiser,Cruiser,ripper,Ripper,ripper_cruiser,faction_flagship_license,cruiser_yard,900.00,600.00,devourers_flagship_license,1,weapon_block;defense_block;propulsion_block;power_block;cargo_block;industry_block;instrument_block;actuator;armor_plate;steel;bulkhead;deck_section;hatch;bulat;transmission;gyroscope,16;18;8;9;13;5;6;115;253;9347;502;505;342;1197;35;32,11992919.35,"Автосборка по рангу, классу, фракции, роли и характеристикам корабля."
craft_devourers_leviathan_hunter_battleship_r02,devourers_leviathan_hunter_battleship_r02,Рогач,2,devourers,Пожиратели,battleship,Battleship,leviathan_hunter,LeviathanHunter,leviathan_hunter_battleship,raw_resources,battleship_yard,1.60,1.07,,0,iron;magnesium;calcite;charcoal;copper;leviathan_sinew;sylvine;acid,169;37;36;100;29;3;13;3,10130.96,"Автосборка по рангу, классу, фракции, роли и характеристикам корабля."
craft_devourers_leviathan_hunter_battleship_r03,devourers_leviathan_hunter_battleship_r03,Костолом,3,devourers,Пожиратели,battleship,Battleship,leviathan_hunter,LeviathanHunter,leviathan_hunter_battleship,raw_resources,battleship_yard,3.75,2.50,,0,iron;magnesium;calcite;charcoal;copper;leviathan_sinew;sylvine;acid,447;98;95;260;76;7;36;9,26939.50,"Автосборка по рангу, классу, фракции, роли и характеристикам корабля."
craft_devourers_leviathan_hunter_battleship_r04,devourers_leviathan_hunter_battleship_r04,Хищник,4,devourers,Пожиратели,battleship,Battleship,leviathan_hunter,LeviathanHunter,leviathan_hunter_battleship,prepared_materials,battleship_yard,9.00,6.00,,0,steel;bulat;rubber;elektron;aramid;brass;resin;iron;leviathan_sinew;bakelite,349;31;47;93;37;92;53;169;7;28,68858.92,"Автосборка по рангу, классу, фракции, роли и характеристикам корабля."
craft_devourers_leviathan_hunter_battleship_r05,devourers_leviathan_hunter_battleship_r05,Загонщик,5,devourers,Пожиратели,battleship,Battleship,leviathan_hunter,LeviathanHunter,leviathan_hunter_battleship,prepared_materials,battleship_yard,22.50,15.00,,0,steel;rubber;bulat;elektron;aramid;brass;resin;iron;bakelite;leviathan_sinew,865;118;78;236;93;230;131;279;68;16,168284.77,"Автосборка по рангу, классу, фракции, роли и характеристикам корабля."
craft_devourers_leviathan_hunter_battleship_r06,devourers_leviathan_hunter_battleship_r06,Китовод,6,devourers,Пожиратели,battleship,Battleship,leviathan_hunter,LeviathanHunter,leviathan_hunter_battleship,hull_and_machine_parts,battleship_yard,60.00,40.00,,0,bulkhead;deck_section;actuator;hatch;airlock;armor_plate;pump;steel;transmission;beam;gyroscope;plating,65;63;9;45;29;17;5;401;2;23;2;13,413348.21,"Автосборка по рангу, классу, фракции, роли и характеристикам корабля."
craft_devourers_leviathan_hunter_battleship_r07,devourers_leviathan_hunter_battleship_r07,Буревик,7,devourers,Пожиратели,battleship,Battleship,leviathan_hunter,LeviathanHunter,leviathan_hunter_battleship,hull_and_machine_parts,battleship_yard,135.00,90.00,,0,bulkhead;deck_section;actuator;hatch;airlock;armor_plate;pump;transmission;beam;steel;gyroscope;plating,163;159;24;113;75;42;13;6;57;752;4;31,1028062.67,"Автосборка по рангу, классу, фракции, роли и характеристикам корабля."
craft_devourers_leviathan_hunter_battleship_r08,devourers_leviathan_hunter_battleship_r08,Ловец,8,devourers,Пожиратели,battleship,Battleship,leviathan_hunter,LeviathanHunter,leviathan_hunter_battleship,ship_blocks,battleship_yard,270.00,180.00,,0,cargo_block;weapon_block;industry_block;defense_block;propulsion_block;bulkhead;power_block;deck_section;actuator;hatch;airlock;instrument_block;armor_plate;pump,7;3;1;4;1;163;1;159;23;112;74;1;41;13,2607363.98,"Автосборка по рангу, классу, фракции, роли и характеристикам корабля."
craft_devourers_leviathan_hunter_battleship_r09,devourers_leviathan_hunter_battleship_r09,Исполин,9,devourers,Пожиратели,battleship,Battleship,leviathan_hunter,LeviathanHunter,leviathan_hunter_battleship,ship_blocks,battleship_yard,495.00,330.00,,0,cargo_block;weapon_block;industry_block;defense_block;propulsion_block;power_block;bulkhead;deck_section;actuator;hatch;instrument_block;airlock;armor_plate;steel,17;7;4;9;3;3;338;331;49;234;2;154;85;3066,6343614.44,"Автосборка по рангу, классу, фракции, роли и характеристикам корабля."
craft_devourers_leviathan_hunter_battleship_r10,devourers_leviathan_hunter_battleship_r10,Левиафан,10,devourers,Пожиратели,battleship,Battleship,leviathan_hunter,LeviathanHunter,leviathan_hunter_battleship,faction_flagship_license,battleship_yard,900.00,600.00,devourers_flagship_license,1,cargo_block;weapon_block;industry_block;defense_block;bulkhead;propulsion_block;deck_section;power_block;actuator;hatch;steel;airlock;armor_plate;instrument_block;pump;rubber,41;17;9;22;1042;7;1020;8;150;723;13789;478;258;4;83;1930,17211395.12,"Автосборка по рангу, классу, фракции, роли и характеристикам корабля."
craft_devourers_leviathan_processor_battleship_r02,devourers_leviathan_processor_battleship_r02,Тушник,2,devourers,Пожиратели,battleship,Battleship,leviathan_processor,LeviathanProcessor,leviathan_processor_battleship,raw_resources,battleship_yard,1.60,1.07,,0,iron;magnesium;calcite;charcoal;leviathan_sinew;sylvine;copper;bone_grit,181;40;40;87;2;12;20;17,10058.73,"Автосборка по рангу, классу, фракции, роли и характеристикам корабля."
craft_devourers_leviathan_processor_battleship_r03,devourers_leviathan_processor_battleship_r03,Раздел,3,devourers,Пожиратели,battleship,Battleship,leviathan_processor,LeviathanProcessor,leviathan_processor_battleship,raw_resources,battleship_yard,3.75,2.50,,0,iron;magnesium;calcite;charcoal;leviathan_sinew;sylvine;copper;bone_grit,482;108;106;230;7;34;53;46,27009.33,"Автосборка по рангу, классу, фракции, роли и характеристикам корабля."
craft_devourers_leviathan_processor_battleship_r04,devourers_leviathan_processor_battleship_r04,Жирник,4,devourers,Пожиратели,battleship,Battleship,leviathan_processor,LeviathanProcessor,leviathan_processor_battleship,prepared_materials,battleship_yard,9.00,6.00,,0,steel;rubber;elektron;resin;bulat;brass;aramid;iron;leviathan_sinew;bakelite,326;51;93;57;24;87;29;170;6;23,64544.10,"Автосборка по рангу, классу, фракции, роли и характеристикам корабля."
craft_devourers_leviathan_processor_battleship_r05,devourers_leviathan_processor_battleship_r05,Тралбой,5,devourers,Пожиратели,battleship,Battleship,leviathan_processor,LeviathanProcessor,leviathan_processor_battleship,prepared_materials,battleship_yard,22.50,15.00,,0,steel;rubber;elektron;resin;bulat;brass;aramid;iron;bakelite;leviathan_sinew,901;141;264;158;67;242;79;315;62;15,174982.32,"Автосборка по рангу, классу, фракции, роли и характеристикам корабля."
craft_devourers_leviathan_processor_battleship_r06,devourers_leviathan_processor_battleship_r06,Ворвань,6,devourers,Пожиратели,battleship,Battleship,leviathan_processor,LeviathanProcessor,leviathan_processor_battleship,hull_and_machine_parts,battleship_yard,60.00,40.00,,0,bulkhead;deck_section;actuator;airlock;hatch;pump;armor_plate;steel;beam;transmission;rubber;plating,73;63;9;36;46;7;13;410;28;2;65;11,430064.04,"Автосборка по рангу, классу, фракции, роли и характеристикам корабля."
craft_devourers_leviathan_processor_battleship_r07,devourers_leviathan_processor_battleship_r07,Косторез,7,devourers,Пожиратели,battleship,Battleship,leviathan_processor,LeviathanProcessor,leviathan_processor_battleship,hull_and_machine_parts,battleship_yard,135.00,90.00,,0,bulkhead;deck_section;actuator;airlock;hatch;pump;armor_plate;beam;transmission;steel;plating;rubber,186;159;24;92;115;17;33;68;5;773;26;122,1064899.53,"Автосборка по рангу, классу, фракции, роли и характеристикам корабля."
craft_devourers_leviathan_processor_battleship_r08,devourers_leviathan_processor_battleship_r08,Бойня,8,devourers,Пожиратели,battleship,Battleship,leviathan_processor,LeviathanProcessor,leviathan_processor_battleship,ship_blocks,battleship_yard,270.00,180.00,,0,cargo_block;industry_block;defense_block;weapon_block;bulkhead;deck_section;actuator;power_block;propulsion_block;airlock;hatch;pump;instrument_block;armor_plate,8;2;3;2;186;159;24;1;1;92;115;17;1;33,2745361.00,"Автосборка по рангу, классу, фракции, роли и характеристикам корабля."
craft_devourers_leviathan_processor_battleship_r09,devourers_leviathan_processor_battleship_r09,Промысел,9,devourers,Пожиратели,battleship,Battleship,leviathan_processor,LeviathanProcessor,leviathan_processor_battleship,ship_blocks,battleship_yard,495.00,330.00,,0,cargo_block;industry_block;defense_block;weapon_block;bulkhead;power_block;propulsion_block;deck_section;actuator;airlock;hatch;instrument_block;pump;steel,21;5;9;5;396;3;3;341;52;198;247;2;36;3245,6844776.05,"Автосборка по рангу, классу, фракции, роли и характеристикам корабля."
craft_devourers_leviathan_processor_battleship_r10,devourers_leviathan_processor_battleship_r10,Мясокомбинат,10,devourers,Пожиратели,battleship,Battleship,leviathan_processor,LeviathanProcessor,leviathan_processor_battleship,faction_flagship_license,battleship_yard,900.00,600.00,devourers_flagship_license,1,cargo_block;industry_block;defense_block;weapon_block;bulkhead;deck_section;actuator;power_block;airlock;hatch;propulsion_block;steel;pump;instrument_block;armor_plate;rubber,45;11;18;11;1075;930;140;7;540;674;5;12850;98;4;184;2026,16358077.67,"Автосборка по рангу, классу, фракции, роли и характеристикам корабля."
